-0.00,-0.00,0.45,-0.00,-0.00
-0.00,-0.00,0.45,-0.00,-0.00
-0.00,-0.00,0.45,-0.00,-0.00
-0.00,-0.00,0.45,-0.00,-0.00
-0.00,-0.00,0.45,-0.00,-0.00
-0.00,-0.00,0.45,-0.00,-0.00
-0.00,-0.00,0.45,-0.00,-0.00
-0.00,-0.00,0.45,-0.00,-0.00
-0.00,-0.00,0.45,-0.00,-0.00
-0.00,-0.00,0.45,-0.00,-0.00
-0.00,-0.00,0.45,-0.00,-0.00
-0.00,-0.00,0.45,-0.00,-0.00
-0.00,-0.00,0.45,-0.00,-0.00
-0.00,-0.00,0.45,-0.00,-0.00
-0.00,-0.00,0.45,-0.00,-0.00
-0.00,-0.00,0.45,-0.00,-0.00
-0.00,-0.00,0.45,-0.00,-0.00
-0.00,-0.00,0.45,-0.00,-0.00
-0.00,-0.00,0.45,-0.00,-0.00
-0.00,-0.00,0.45,-0.00,-0.00
-0.00,-0.00,0.45,-0.00,-0.00
-0.00,-0.00,0.45,-0.00,-0.00
-0.00,-0.00,0.45,-0.00,-0.00
-0.00,-0.00,0.45,-0.00,-0.00
-0.00,-0.00,0.45,-0.00,-0.00
-0.00,-0.00,0.45,-0.00,-0.00
-0.00,-0.00,0.45,-0.00,-0.00
-0.00,-0.00,0.45,-0.00,-0.00
-0.00,-0.00,0.45,-0.00,-0.00
-0.00,-0.00,0.45,-0.00,-0.00
-0.00,-0.00,0.45,-0.00,-0.00
-0.00,-0.00,0.45,-0.00,-0.00
-0.00,-0.00,0.45,-0.00,-0.00
-0.00,-0.00,0.45,-0.00,-0.00
-0.00,-0.00,0.45,-0.00,-0.00
-0.00,-0.00,0.45,-0.00,-0.00
-0.00,-0.00,0.45,-0.00,-0.00
-0.00,-0.00,0.45,-0.00,-0.00
-0.00,-0.00,0.45,-0.00,-0.00
-0.00,-0.00,0.45,-0.00,-0.00
-0.00,-0.00,0.45,-0.00,-0.00
-0.00,-0.00,0.45,-0.00,-0.00
-0.00,-0.00,0.45,-0.00,-0.00
-0.00,-0.00,0.45,-0.00,-0.00
-0.00,-0.00,0.45,-0.00,-0.00
-0.00,-0.00,0.45,-0.00,-0.00
-0.00,-0.00,0.45,-0.00,-0.00
-0.00,-0.00,0.45,-0.00,-0.00
-0.00,-0.00,0.45,-0.00,-0.00
-0.00,-0.00,0.45,-0.00,-0.00
-0.00,-0.00,0.45,-0.00,-0.00
-0.00,-0.00,0.45,-0.00,-0.00
-0.00,-0.00,0.45,-0.00,-0.00
-0.00,-0.00,0.45,-0.00,-0.00
-0.00,-0.00,0.45,-0.00,-0.00
-0.00,-0.00,0.45,-0.00,-0.00
-0.00,-0.00,0.45,-0.00,-0.00
-0.00,-0.00,0.45,-0.00,-0.00
-0.00,-0.00,0.45,-0.00,-0.00
-0.00,-0.00,0.45,-0.00,-0.00
-0.00,-0.00,0.45,-0.00,-0.00
-0.00,-0.00,0.45,-0.00,-0.00
0.21,0.21,0.61,-0.00,-0.00
1.00,1.00,0.66,-0.00,-0.00
1.31,1.31,0.76,-0.00,-0.00
0.19,0.19,0.45,-0.00,-0.00
0.05,0.05,0.49,-0.00,-0.00
1.15,1.15,0.53,-0.00,-0.00
7.22,7.22,2.58,-0.00,0.01
16.86,16.86,10.67,0.19,2.15
24.32,24.32,18.74,2.98,7.82
32.15,32.15,26.61,8.86,13.40
38.23,38.23,33.22,8.24,18.11
43.61,43.61,37.07,10.18,23.62
48.48,48.48,38.20,12.52,27.56
51.43,51.43,40.19,12.45,34.13
53.34,53.34,37.98,27.30,42.54
57.93,57.93,37.20,26.23,53.55
58.99,58.99,34.32,22.43,61.41
62.37,62.37,35.85,33.15,74.01
62.23,62.23,36.08,24.28,75.41
63.86,63.86,34.47,28.18,77.17
62.76,62.76,33.51,30.01,76.82
61.97,61.97,33.88,22.21,77.21
69.09,69.09,33.29,27.16,75.16
71.10,71.10,32.68,22.89,73.72
69.83,69.83,35.48,21.02,75.08
67.64,67.64,33.15,27.40,74.27
64.25,64.25,33.20,30.65,72.48
61.56,61.56,31.60,28.63,71.94
58.10,58.10,33.33,28.15,71.28
57.82,57.82,30.19,22.17,68.05
56.37,56.37,31.43,31.27,67.01
56.75,56.75,34.94,32.74,65.27
56.34,56.34,36.53,31.49,63.40
58.35,58.35,37.25,26.07,60.33
57.24,57.24,38.52,25.17,61.07
54.88,54.88,38.02,23.30,55.51
55.54,55.54,38.68,29.55,56.23
53.69,53.69,38.14,30.54,54.14
52.24,52.24,45.03,29.86,55.36
51.14,51.14,49.53,27.53,65.06
51.81,51.81,44.65,22.17,64.25
50.58,50.58,43.08,27.32,64.57
47.75,47.75,44.10,32.35,64.71
46.44,46.44,43.24,33.02,64.77
49.60,49.60,43.35,32.66,65.26
51.90,51.90,43.93,35.63,64.58
50.26,50.26,46.90,38.03,64.76
49.39,49.39,45.26,36.58,64.41
47.29,47.29,45.31,37.09,63.35
42.91,42.91,44.69,35.94,62.35
42.37,42.37,45.17,36.08,62.04
46.46,46.46,44.14,34.98,62.32
45.62,45.62,42.62,34.69,62.90
41.97,41.97,41.96,31.32,62.94
42.33,42.33,42.06,29.72,62.19
42.77,42.77,39.88,26.66,61.35
45.66,45.66,38.29,23.59,60.88
43.28,43.28,39.27,27.07,59.58
43.68,43.68,41.49,22.15,58.80
42.32,42.32,45.77,25.89,64.30
38.59,38.59,40.98,27.22,65.32
38.72,38.72,40.75,26.06,64.39
37.03,37.03,41.21,25.60,64.08
39.02,39.02,41.02,26.50,63.34
38.87,38.87,41.52,29.96,61.50
34.02,34.02,40.39,26.80,61.06
33.66,33.66,40.41,29.13,59.73
35.24,35.24,40.95,25.13,61.16
36.35,36.35,41.93,27.04,60.16
33.98,33.98,43.21,29.60,58.66
36.52,36.52,40.06,22.50,58.24
35.57,35.57,41.35,28.02,59.55
33.32,33.32,38.29,21.33,58.26
33.57,33.57,39.69,21.46,57.36
34.86,34.86,39.78,20.79,57.33
39.25,39.25,39.49,25.17,56.10
43.52,43.52,38.01,25.62,54.89
47.53,47.53,36.52,24.77,53.76
55.35,55.35,36.45,29.00,55.27
62.62,62.62,35.07,24.74,60.62
64.16,64.16,34.07,29.94,69.27
67.54,67.54,31.19,29.38,76.10
69.05,69.05,36.70,19.67,78.89
70.57,70.57,29.13,26.85,79.31
72.25,72.25,28.67,24.83,79.02
74.03,74.03,29.75,32.92,77.43
72.93,72.93,32.69,28.27,75.99
73.26,73.26,33.24,25.69,73.90
71.41,71.41,31.68,25.47,74.12
73.26,73.26,30.82,27.29,71.88
72.09,72.09,31.69,25.07,73.46
69.99,69.99,34.21,30.36,70.53
65.23,65.23,31.18,26.42,69.00
64.35,64.35,33.08,24.70,68.75
63.39,63.39,31.87,30.87,67.62
62.17,62.17,31.94,27.82,63.90
58.91,58.91,32.40,29.26,62.72
57.27,57.27,33.69,27.05,59.88
55.25,55.25,32.52,26.05,57.33
57.94,57.94,38.17,31.40,58.27
59.65,59.65,37.09,29.19,60.90
60.29,60.29,40.26,38.26,60.74
61.91,61.91,37.44,35.90,61.55
61.75,61.75,37.61,34.11,61.89
64.65,64.65,38.02,33.96,64.19
64.77,64.77,37.55,30.46,63.47
64.18,64.18,38.94,32.31,63.91
62.00,62.00,41.34,35.35,64.93
55.65,55.65,37.89,32.08,65.17
53.71,53.71,41.74,31.34,63.62
53.01,53.01,42.90,32.80,64.13
50.87,50.87,43.70,29.66,64.26
52.44,52.44,46.83,31.86,63.61
49.42,49.42,44.83,35.57,62.81
50.60,50.60,45.82,33.45,62.58
51.33,51.33,41.94,28.22,61.61
51.93,51.93,39.69,30.77,60.69
51.77,51.77,40.85,29.40,59.62
47.34,47.34,46.02,37.97,58.53
45.76,45.76,49.85,41.65,59.57
46.27,46.27,58.91,40.85,62.58
43.63,43.63,53.63,43.63,62.13
44.31,44.31,44.14,44.76,63.14
44.53,44.53,36.84,43.00,62.49
46.42,46.42,33.61,39.03,60.95
47.31,47.31,32.74,38.73,60.34
47.78,47.78,35.19,35.69,59.33
45.44,45.44,36.30,35.39,59.25
38.19,38.19,37.20,39.38,59.39
35.29,35.29,46.03,34.16,59.05
39.01,39.01,58.20,34.24,63.05
35.78,35.78,44.40,33.15,64.14
39.60,39.60,37.33,32.75,59.14
41.68,41.68,31.16,37.18,56.13
44.74,44.74,30.21,34.81,55.29
46.17,46.17,37.14,42.23,55.85
45.87,45.87,36.91,42.39,53.72
44.39,44.39,39.52,41.62,54.33
39.00,39.00,44.90,41.84,53.87
34.14,34.14,49.93,40.26,51.10
42.47,42.47,65.22,39.18,52.67
42.55,42.55,52.71,39.89,51.45
38.70,38.70,46.46,40.18,46.52
41.71,41.71,44.77,38.15,48.43
42.99,42.99,42.46,40.02,48.49
44.76,44.76,40.89,37.54,49.24
43.65,43.65,42.56,37.31,47.84
45.88,45.88,43.38,39.38,48.94
45.02,45.02,40.25,30.91,52.06
43.35,43.35,40.78,33.93,50.57
47.07,47.07,43.40,36.55,49.76
45.90,45.90,43.35,37.55,43.79
45.40,45.40,41.10,37.01,45.04
44.59,44.59,39.02,33.52,45.30
45.20,45.20,40.39,35.45,47.91
46.53,46.53,43.81,38.75,50.30
46.37,46.37,41.14,33.33,50.36
44.07,44.07,40.63,33.83,49.45
44.04,44.04,42.54,35.94,48.88
39.92,39.92,41.18,31.47,47.66
39.48,39.48,46.28,32.03,52.69
40.52,40.52,44.59,34.88,61.65
37.67,37.67,43.19,34.83,60.85
42.07,42.07,40.04,35.26,59.90
40.15,40.15,42.20,34.29,58.48
43.69,43.69,44.80,38.01,55.80
41.68,41.68,40.52,36.98,50.90
43.30,43.30,46.37,39.16,56.96
43.03,43.03,46.41,38.09,62.28
40.89,40.89,51.98,40.00,61.49
44.29,44.29,61.60,36.50,62.88
40.78,40.78,47.05,36.20,57.46
41.22,41.22,42.52,40.23,51.77
39.14,39.14,44.23,34.94,48.78
43.32,43.32,49.97,39.45,60.13
42.62,42.62,46.66,35.71,61.76
42.91,42.91,43.29,34.75,59.97
45.31,45.31,43.12,35.90,58.11
40.88,40.88,43.70,41.33,57.06
38.91,38.91,35.11,37.79,53.79
43.21,43.21,36.35,34.86,70.20
36.72,36.72,33.83,34.44,75.10
35.08,35.08,31.09,31.33,75.12
37.19,37.19,35.96,34.65,74.75
40.23,40.23,34.02,32.95,74.95
38.50,38.50,37.51,32.73,75.51
39.28,39.28,41.09,36.03,74.55
41.32,41.32,43.26,34.92,74.62
41.42,41.42,41.90,34.97,76.08
42.10,42.10,38.91,29.18,74.99
43.55,43.55,43.47,33.76,75.52
41.63,41.63,42.23,27.79,75.05
40.53,40.53,40.75,31.42,58.75
38.63,38.63,43.71,32.40,54.62
39.80,39.80,46.22,36.53,55.17
40.56,40.56,45.05,33.80,55.42
42.47,42.47,47.50,38.03,55.68
39.37,39.37,40.59,34.81,56.47
32.06,32.06,37.97,31.63,57.58
31.30,31.30,40.61,30.68,57.07
39.33,39.33,49.58,31.46,70.03
29.89,29.89,33.86,27.32,65.03
24.18,24.18,28.41,28.24,61.06
27.03,27.03,28.53,29.15,55.09
29.44,29.44,32.00,33.09,53.41
35.93,35.93,31.11,29.47,48.11
34.02,34.02,34.29,31.52,47.59
32.87,32.87,36.81,33.78,50.71
30.67,30.67,38.25,40.33,48.02
29.92,29.92,47.26,33.27,51.11
35.43,35.43,58.56,39.30,64.84
29.09,29.09,45.54,37.56,62.46
31.23,31.23,40.40,45.48,60.24
36.87,36.87,39.26,51.37,53.80
40.54,40.54,40.54,46.46,51.70
41.41,41.41,40.92,38.49,52.30
39.57,39.57,39.26,36.78,51.85
36.56,36.56,39.41,34.38,51.09
30.82,30.82,39.25,35.72,50.93
21.85,21.85,47.42,29.44,54.18
28.31,28.31,67.04,35.17,69.83
39.40,39.40,47.86,26.72,69.21
49.18,49.18,39.92,28.65,76.50
52.55,52.55,37.06,32.33,76.55
46.74,46.74,39.10,31.57,74.38
40.47,40.47,39.25,39.69,72.67
37.39,37.39,41.11,37.69,71.87
46.07,46.07,35.98,35.34,70.95
46.05,46.05,40.64,29.79,68.74
44.17,44.17,47.92,24.22,68.97
49.38,49.38,55.52,13.45,76.44
47.00,47.00,61.20,2.71,76.34
52.88,52.88,50.47,4.87,73.78
49.20,49.20,47.27,11.30,66.87
50.45,50.45,43.75,23.15,71.09
49.98,49.98,45.78,33.07,63.18
47.92,47.92,48.89,44.50,61.90
52.60,52.60,43.25,46.93,68.17
40.44,40.44,34.71,39.03,63.30
40.22,40.22,29.45,31.73,67.00
39.60,39.60,31.53,27.22,75.55
30.16,30.16,25.12,20.68,74.11
32.64,32.64,26.49,18.86,72.63
34.17,34.17,28.82,18.35,72.56
39.17,39.17,32.36,25.27,72.41
36.52,36.52,31.24,28.43,72.06
34.33,34.33,29.24,32.41,71.00
36.06,36.06,32.13,35.81,73.56
35.97,35.97,38.94,33.50,73.03
37.61,37.61,44.50,41.55,72.66
52.11,52.11,61.87,41.09,73.13
46.65,46.65,56.76,41.59,69.11
40.69,40.69,49.02,40.64,64.72
35.48,35.48,44.05,41.22,64.42
30.22,30.22,40.97,38.56,66.02
28.24,28.24,42.48,43.27,66.92
24.63,24.63,40.76,41.45,69.66
28.91,28.91,39.15,41.27,68.36
32.67,32.67,41.95,44.37,66.14
35.56,35.56,41.67,40.08,64.48
45.83,45.83,45.29,40.96,65.37
48.02,48.02,39.61,49.65,69.76
54.26,54.26,34.47,34.15,75.14
58.43,58.43,41.05,43.73,77.11
57.60,57.60,42.57,42.47,75.13
57.18,57.18,40.87,46.39,75.74
57.28,57.28,42.61,44.82,74.56
57.81,57.81,43.22,38.88,74.23
57.55,57.55,41.25,34.34,72.57
56.58,56.58,45.26,39.70,73.29
55.98,55.98,48.80,41.03,70.81
54.42,54.42,40.85,45.60,69.18
52.62,52.62,37.86,45.02,69.78
53.08,53.08,42.27,42.11,74.46
51.59,51.59,40.65,48.99,70.56
50.52,50.52,38.62,44.10,73.25
48.30,48.30,43.86,41.42,66.96
47.97,47.97,42.64,41.39,64.96
52.40,52.40,49.49,40.34,68.00
49.04,49.04,50.86,37.82,63.15
46.81,46.81,61.85,43.83,65.46
41.81,41.81,53.88,45.13,63.74
44.18,44.18,48.85,51.27,65.25
46.04,46.04,43.05,48.59,66.28
45.33,45.33,45.81,42.82,66.44
46.89,46.89,46.97,41.03,64.78
51.53,51.53,48.63,43.97,64.46
44.92,44.92,47.62,45.80,63.55
40.35,40.35,46.21,40.09,63.20
35.17,35.17,50.88,36.80,65.34
39.19,39.19,62.48,38.35,65.54
38.40,38.40,53.52,39.83,64.47
38.02,38.02,49.04,43.63,63.36
41.03,41.03,45.65,45.48,62.51
47.22,47.22,43.42,37.63,61.36
50.80,50.80,45.97,39.57,61.10
54.43,54.43,43.81,37.53,59.79
54.07,54.07,42.95,38.81,62.05
59.71,59.71,38.79,34.89,63.76
64.44,64.44,47.18,35.86,65.10
72.36,72.36,56.58,36.34,70.47
72.47,72.47,50.34,35.43,74.06
72.61,72.61,40.68,32.73,71.82
72.94,72.94,36.53,33.02,72.59
72.82,72.82,40.01,41.30,71.44
73.52,73.52,45.27,44.33,73.95
72.23,72.23,41.01,39.50,73.92
72.19,72.19,42.92,44.04,72.88
71.51,71.51,39.49,42.84,71.47
70.17,70.17,43.33,47.73,69.27
68.04,68.04,37.79,43.45,65.44
71.74,71.74,34.82,38.02,61.74
71.95,71.95,38.67,49.15,61.57
72.32,72.32,38.34,48.78,62.18
72.17,72.17,40.82,48.01,62.40
73.61,73.61,41.26,35.86,63.00
74.84,74.84,48.02,49.19,62.74
74.63,74.63,46.73,46.05,61.87
73.93,73.93,40.94,36.30,60.73
74.18,74.18,46.45,42.95,57.88
75.10,75.10,49.40,47.34,59.97
73.61,73.61,47.08,49.20,59.29
73.19,73.19,41.82,44.48,59.09
71.33,71.33,42.83,37.73,58.06
71.85,71.85,48.06,41.50,58.41
72.36,72.36,46.05,41.30,56.51
74.35,74.35,41.11,38.42,57.81
74.57,74.57,45.13,39.88,59.01
75.35,75.35,43.53,38.00,58.40
74.27,74.27,46.06,39.28,60.37
73.17,73.17,51.33,41.85,62.87
75.46,75.46,48.65,50.78,63.53
73.84,73.84,43.25,31.09,61.20
74.16,74.16,43.61,33.01,60.79
71.85,71.85,43.06,32.90,62.20
73.65,73.65,37.95,28.99,58.55
72.17,72.17,37.38,24.77,61.20
69.05,69.05,32.99,22.78,63.29
69.16,69.16,34.40,26.50,70.07
69.71,69.71,31.88,33.53,77.79
72.39,72.39,33.88,30.92,78.06
71.37,71.37,31.01,27.44,75.19
69.98,69.98,30.40,25.33,76.06
71.71,71.71,31.03,32.29,76.62
68.37,68.37,29.70,33.85,74.55
68.49,68.49,34.48,37.09,73.88
68.98,68.98,29.98,36.38,71.94
67.80,67.80,29.10,37.18,72.49
68.57,68.57,30.37,35.52,72.28
66.57,66.57,30.29,34.38,71.45
63.26,63.26,30.29,31.46,69.70
60.54,60.54,31.98,35.19,71.48
58.91,58.91,30.23,32.24,67.82
58.35,58.35,32.54,41.37,68.74
60.41,60.41,35.04,39.24,67.48
56.97,56.97,38.92,35.77,64.59
55.84,55.84,42.16,39.35,62.74
59.26,59.26,39.69,40.18,66.69
56.42,56.42,47.89,40.79,66.49
54.81,54.81,53.65,45.11,66.65
58.88,58.88,56.37,41.69,67.84
51.49,51.49,48.32,42.97,63.85
51.61,51.61,43.12,44.09,67.75
54.60,54.60,37.07,44.64,66.67
55.69,55.69,36.91,41.73,66.70
53.47,53.47,39.72,43.51,65.30
52.83,52.83,43.84,45.42,64.30
51.01,51.01,44.09,43.16,65.41
47.87,47.87,44.08,43.36,64.17
41.56,41.56,46.80,39.07,63.18
45.16,45.16,54.78,40.54,66.93
40.10,40.10,42.90,37.49,63.93
44.98,44.98,39.53,33.89,67.25
44.60,44.60,33.54,33.89,62.42
44.58,44.58,36.11,39.02,65.58
46.17,46.17,40.76,44.10,63.84
49.68,49.68,40.93,38.79,63.43
51.02,51.02,45.83,37.03,63.23
43.78,43.78,52.69,36.80,62.15
33.28,33.28,63.05,38.28,62.71
27.85,27.85,69.40,38.10,60.90
31.28,31.28,61.97,39.55,57.21
37.13,37.13,54.58,37.18,58.35
41.37,41.37,50.62,39.44,59.99
43.20,43.20,47.04,37.77,60.96
42.38,42.38,46.81,40.44,63.00
44.77,44.77,45.50,35.68,63.26
44.25,44.25,46.37,38.90,63.71
44.75,44.75,45.09,34.21,63.65
44.46,44.46,47.62,39.25,61.96
46.01,46.01,46.10,33.99,61.05
43.54,43.54,44.72,32.28,61.21
45.81,45.81,48.63,38.37,61.94
44.43,44.43,44.82,36.37,61.99
44.07,44.07,45.57,32.18,64.18
42.18,42.18,47.26,36.28,62.35
47.85,47.85,50.05,38.97,62.95
48.97,48.97,49.02,39.38,62.22
51.90,51.90,39.67,33.49,60.86
57.38,57.38,36.82,29.63,61.57
62.70,62.70,32.15,31.54,65.65
67.88,67.88,26.82,29.43,77.37
65.20,65.20,23.63,24.44,77.41
68.44,68.44,24.90,25.35,76.24
70.75,70.75,26.02,24.47,76.95
70.63,70.63,31.27,32.35,76.27
71.50,71.50,29.21,27.78,75.32
68.88,68.88,30.25,29.28,73.07
66.56,66.56,29.18,30.61,72.87
67.48,67.48,31.99,31.58,72.71
66.56,66.56,35.71,35.44,70.76
64.34,64.34,27.52,30.96,72.22
64.42,64.42,32.91,39.66,71.26
63.40,63.40,33.76,36.86,69.03
63.80,63.80,36.78,24.91,67.43
61.72,61.72,35.52,32.92,67.41
60.23,60.23,38.81,37.30,64.73
56.52,56.52,41.29,39.72,63.44
56.52,56.52,38.20,33.56,61.71
54.89,54.89,41.85,33.20,60.74
54.73,54.73,45.89,33.97,60.62
55.60,55.60,45.35,33.27,61.20
53.50,53.50,45.08,32.54,63.75
52.33,52.33,45.72,29.60,64.32
52.37,52.37,47.71,37.41,63.33
52.19,52.19,47.93,38.08,64.11
50.95,50.95,46.94,32.46,64.93
51.12,51.12,49.12,39.37,64.63
51.01,51.01,47.76,35.72,63.75
51.19,51.19,49.07,41.10,63.05
51.96,51.96,48.51,38.52,61.14
50.07,50.07,47.86,35.65,60.46
51.25,51.25,50.79,44.54,59.08
49.72,49.72,49.58,40.23,57.78
50.38,50.38,46.07,28.97,57.43
50.88,50.88,49.47,39.34,56.64
51.34,51.34,46.15,34.50,55.18
47.65,47.65,46.45,35.36,54.10
43.46,43.46,44.75,36.48,54.60
42.31,42.31,48.44,38.45,56.65
52.23,52.23,56.62,38.91,70.60
44.62,44.62,44.87,38.40,64.03
45.55,45.55,42.63,35.34,63.76
47.13,47.13,43.78,34.42,62.43
49.34,49.34,44.58,34.48,62.50
48.06,48.06,44.83,36.15,62.84
49.12,49.12,43.44,36.47,63.17
47.57,47.57,44.72,38.53,64.00
43.18,43.18,43.00,43.93,64.06
39.70,39.70,46.92,42.45,63.75
47.44,47.44,53.97,43.06,67.00
43.27,43.27,42.71,38.47,64.09
43.10,43.10,40.00,39.89,63.83
45.86,45.86,41.82,42.58,62.47
46.84,46.84,42.96,44.37,62.63
47.62,47.62,41.11,39.94,62.05
47.92,47.92,45.97,41.83,61.90
47.04,47.04,41.13,38.35,62.81
40.02,40.02,44.67,39.89,62.47
32.03,32.03,48.17,36.87,61.96
30.81,30.81,63.74,32.95,70.42
25.88,25.88,49.86,18.23,64.44
26.70,26.70,42.42,23.33,62.97
28.87,28.87,34.94,27.11,63.77
30.17,30.17,31.02,26.70,62.82
30.94,30.94,30.96,22.35,61.84
31.59,31.59,30.28,25.27,63.02
35.11,35.11,30.60,32.94,63.55
35.98,35.98,31.44,21.68,63.40
44.74,44.74,40.67,14.75,62.61
41.75,41.75,46.70,7.85,79.05
41.02,41.02,47.36,-0.00,80.18
45.36,45.36,34.78,3.18,79.72
41.97,41.97,28.54,10.40,68.45
34.51,34.51,26.84,14.14,61.52
33.37,33.37,27.01,28.10,62.66
35.10,35.10,25.92,25.01,60.16
33.29,33.29,29.66,30.50,61.54
39.22,39.22,39.29,35.20,63.10
51.81,51.81,48.85,28.19,61.19
57.56,57.56,55.80,31.88,71.14
53.69,53.69,53.40,34.02,71.15
42.84,42.84,48.55,35.09,65.63
40.63,40.63,45.66,40.65,62.15
37.83,37.83,43.26,42.41,63.16
39.06,39.06,40.97,40.16,61.17
40.91,40.91,39.56,44.30,59.89
40.48,40.48,43.05,50.13,65.30
42.10,42.10,45.70,50.12,63.29
46.28,46.28,54.57,50.23,61.69
64.34,64.34,65.28,50.11,66.62
57.23,57.23,56.32,50.91,63.33
48.62,48.62,49.19,44.67,61.43
44.90,44.90,49.48,51.10,64.21
41.05,41.05,46.86,48.31,63.71
39.37,39.37,44.47,43.41,62.65
37.47,37.47,44.58,41.70,62.22
38.50,38.50,42.75,41.66,62.01
37.01,37.01,41.56,48.13,61.42
35.85,35.85,37.21,43.90,57.63
40.03,40.03,38.10,46.06,72.11
34.56,34.56,35.88,41.88,75.24
35.35,35.35,37.60,41.50,75.32
35.67,35.67,39.42,39.87,74.92
36.97,36.97,42.50,40.33,74.63
36.37,36.37,41.11,39.79,75.83
37.21,37.21,40.60,35.26,75.75
36.76,36.76,43.52,37.95,75.03
36.37,36.37,45.84,41.97,75.75
35.42,35.42,46.54,42.34,75.97
37.49,37.49,45.65,42.41,75.18
38.75,38.75,46.32,37.67,73.35
35.74,35.74,47.04,41.93,60.26
34.50,34.50,48.47,44.35,57.15
36.42,36.42,46.44,36.89,54.71
37.59,37.59,46.09,39.06,55.92
39.38,39.38,47.57,41.33,57.51
38.34,38.34,48.13,44.58,57.40
34.04,34.04,44.50,40.71,59.74
27.69,27.69,42.93,35.93,59.35
34.47,34.47,47.98,36.73,64.56
28.76,28.76,42.03,42.62,62.98
29.12,29.12,38.86,44.55,60.47
28.63,28.63,36.51,38.61,59.53
31.65,31.65,37.51,41.52,57.22
37.47,37.47,40.26,43.20,55.39
36.92,36.92,42.74,41.47,56.93
35.87,35.87,40.58,36.35,55.79
30.05,30.05,45.84,37.85,55.23
24.48,24.48,48.61,35.20,57.17
30.52,30.52,59.99,39.70,61.13
26.65,26.65,58.47,39.60,58.64
29.44,29.44,53.21,44.31,54.68
37.52,37.52,49.47,45.30,52.88
41.61,41.61,51.20,42.95,53.83
46.14,46.14,47.70,40.13,53.81
44.02,44.02,49.22,41.97,51.64
40.30,40.30,47.73,42.52,49.86
32.63,32.63,43.85,35.97,52.06
24.49,24.49,47.04,34.91,52.63
34.21,34.21,63.57,44.54,68.46
33.57,33.57,52.23,40.94,66.41
33.76,33.76,45.53,34.57,67.23
34.06,34.06,40.36,41.69,66.97
33.62,33.62,37.59,36.70,65.33
33.02,33.02,38.11,43.28,65.36
33.55,33.55,37.94,43.18,65.41
32.60,32.60,37.26,40.15,64.26
30.43,30.43,40.22,47.84,63.23
28.69,28.69,41.42,36.74,62.60
32.65,32.65,47.40,46.79,64.26
28.31,28.31,39.33,43.54,61.94
31.87,31.87,37.67,41.03,63.33
33.24,33.24,40.88,46.60,62.49
38.43,38.43,42.36,41.79,60.10
39.58,39.58,47.25,44.56,59.54
38.73,38.73,47.43,43.48,60.92
34.82,34.82,42.83,41.25,58.50
37.93,37.93,43.29,43.65,62.31
37.36,37.36,37.82,42.37,66.28
31.29,31.29,34.52,45.50,72.56
25.89,25.89,29.53,34.99,72.40
26.30,26.30,34.65,41.08,72.26
27.18,27.18,33.29,40.32,71.93
30.01,30.01,32.83,34.42,71.72
30.87,30.87,39.37,48.85,72.09
32.80,32.80,33.59,37.94,71.35
32.64,32.64,35.23,50.89,72.21
30.78,30.78,38.55,43.82,72.56
28.12,28.12,45.61,47.70,70.98
29.44,29.44,53.63,48.11,71.87
24.22,24.22,45.01,42.31,66.85
27.72,27.72,44.46,47.52,61.78
31.19,31.19,42.86,45.37,61.79
36.31,36.31,44.89,40.56,61.62
38.46,38.46,49.94,46.39,60.17
41.16,41.16,46.71,41.90,59.35
40.77,40.77,47.58,43.98,60.10
31.10,31.10,42.87,45.17,58.50
21.34,21.34,41.49,42.43,57.41
27.62,27.62,45.10,39.15,69.30
17.60,17.60,33.24,42.40,62.57
17.14,17.14,32.52,39.98,60.73
18.30,18.30,28.70,37.57,62.30
20.59,20.59,26.98,37.59,60.09
24.74,24.74,26.74,32.80,59.60
28.61,28.61,32.58,34.62,59.58
32.24,32.24,37.65,41.45,59.06
41.02,41.02,41.64,39.46,56.04
49.13,49.13,50.21,40.61,57.38
60.55,60.55,58.51,44.93,57.61
68.79,68.79,53.18,49.30,56.32
70.30,70.30,52.05,45.58,59.86
73.04,73.04,50.09,46.33,61.47
66.56,66.56,48.60,42.27,60.50
70.14,70.14,45.79,37.69,61.05
64.53,64.53,47.31,42.37,60.39
62.81,62.81,48.68,42.34,60.56
62.73,62.73,53.13,43.47,59.37
56.08,56.08,59.27,43.31,60.53
60.47,60.47,66.39,44.49,68.08
59.92,59.92,58.76,45.79,63.18
63.99,63.99,53.60,47.06,60.32
56.48,56.48,48.08,46.27,57.08
57.95,57.95,49.24,40.29,54.60
56.13,56.13,48.19,38.60,52.12
53.36,53.36,48.12,42.40,46.82
49.93,49.93,47.14,40.90,45.51
48.64,48.64,49.89,45.22,51.09
42.28,42.28,50.07,39.56,51.15
45.35,45.35,56.97,42.84,60.96
44.60,44.60,50.37,36.81,62.17
47.61,47.61,49.55,35.48,62.41
52.80,52.80,51.78,40.18,60.57
50.46,50.46,48.14,43.94,48.84
51.49,51.49,51.83,49.21,43.13
50.02,50.02,51.51,42.28,41.82
52.92,52.92,55.95,48.33,44.66
52.54,52.54,55.57,41.90,50.42
54.49,54.49,52.75,43.44,50.94
54.61,54.61,49.90,44.83,50.35
52.11,52.11,46.29,42.61,57.57
56.37,56.37,49.79,43.43,61.23
64.19,64.19,54.79,36.19,66.34
65.49,65.49,54.26,36.15,65.63
65.12,65.12,47.10,35.19,60.63
66.91,66.91,36.88,31.71,64.66
62.11,62.11,39.97,28.80,67.58
56.35,56.35,34.51,29.97,63.10
65.53,65.53,27.32,29.80,68.45
66.18,66.18,19.97,31.07,57.00
67.88,67.88,27.43,29.13,61.20
64.58,64.58,36.75,32.79,63.70
65.78,65.78,38.90,36.14,68.40
65.85,65.85,35.28,39.20,70.35
63.85,63.85,25.79,42.32,63.13
60.99,60.99,36.96,41.86,61.09
59.65,59.65,43.68,42.05,55.43
62.01,62.01,43.74,48.44,50.36
59.97,59.97,39.66,47.82,48.97
65.83,65.83,33.97,47.59,53.23
64.73,64.73,18.37,41.85,48.44
61.00,61.00,22.56,43.26,40.80
80.53,80.53,28.53,47.44,43.10
73.87,73.87,22.81,46.88,43.03
59.90,59.90,21.16,49.15,39.08
56.71,56.71,29.32,51.29,35.62
58.82,58.82,36.54,52.01,36.79
54.83,54.83,36.15,52.41,43.23
58.09,58.09,40.45,49.64,36.02
58.96,58.96,39.74,50.54,38.16
58.54,58.54,41.21,51.70,33.92
53.88,53.88,38.10,48.51,29.15
56.46,56.46,43.52,51.86,29.69
56.64,56.64,49.71,48.83,29.20
54.02,54.02,45.50,47.38,32.76
54.62,54.62,45.87,46.52,32.42
55.69,55.69,47.09,47.96,39.76
55.23,55.23,35.96,42.93,44.88
59.80,59.80,27.34,34.96,59.61
60.85,60.85,29.49,32.22,67.08
62.20,62.20,30.11,33.07,78.02
61.29,61.29,30.25,27.37,78.15
64.67,64.67,30.21,18.42,78.10
66.21,66.21,27.93,27.54,77.72
65.00,65.00,26.86,27.27,77.42
65.49,65.49,26.80,21.51,75.45
63.40,63.40,23.24,20.55,76.56
63.75,63.75,24.11,30.64,75.47
61.14,61.14,27.35,25.88,75.61
60.66,60.66,30.74,32.42,73.51
59.71,59.71,29.46,35.72,72.56
56.69,56.69,33.97,36.35,73.58
56.39,56.39,32.41,38.43,68.10
56.27,56.27,37.39,41.20,69.27
55.48,55.48,37.00,37.77,65.32
52.19,52.19,38.06,35.47,64.79
52.30,52.30,40.72,39.47,66.77
52.80,52.80,46.48,35.73,62.09
53.53,53.53,54.44,37.93,62.66
63.06,63.06,60.22,40.10,63.04
66.05,66.05,56.80,42.96,62.16
66.53,66.53,48.19,40.71,58.80
67.80,67.80,41.78,34.51,55.80
70.12,70.12,35.94,35.88,55.48
69.83,69.83,34.95,33.16,53.38
70.20,70.20,35.57,38.29,56.24
69.83,69.83,36.08,44.04,59.35
70.14,70.14,38.61,42.70,59.76
73.92,73.92,42.50,34.23,56.05
73.32,73.32,48.85,28.51,61.32
73.97,73.97,42.03,28.84,63.72
74.37,74.37,34.51,26.78,63.74
74.10,74.10,28.60,28.51,61.68
72.38,72.38,30.58,32.66,56.01
72.30,72.30,34.24,32.98,54.46
69.38,69.38,34.50,27.49,58.92
66.55,66.55,41.43,30.21,61.69
59.20,59.20,42.06,32.23,58.50
55.95,55.95,47.61,30.47,55.53
63.99,63.99,62.68,32.05,57.05
69.70,69.70,53.41,36.09,54.59
73.47,73.47,43.49,31.31,48.07
75.09,75.09,41.34,33.03,43.61
75.26,75.26,38.97,27.37,49.72
75.83,75.83,41.99,27.27,52.37
75.40,75.40,41.54,27.27,50.50
75.36,75.36,33.53,25.79,48.61
74.57,74.57,37.51,25.45,42.96
74.19,74.19,35.23,20.54,35.09
74.72,74.72,33.98,16.89,37.37
74.01,74.01,37.63,19.01,41.08
74.51,74.51,35.10,21.32,42.04
74.25,74.25,33.79,21.87,45.23
74.48,74.48,30.84,19.48,45.57
72.00,72.00,35.58,27.02,49.63
70.11,70.11,34.64,25.17,53.08
73.98,73.98,28.28,14.53,59.77
72.69,72.69,28.31,12.71,63.16
70.92,70.92,33.45,13.70,69.52
73.44,73.44,29.78,3.73,78.12
73.16,73.16,27.00,1.62,79.34
74.66,74.66,33.25,3.40,78.17
74.75,74.75,30.84,6.70,79.40
79.05,79.05,27.58,11.85,78.38
74.19,74.19,27.80,15.57,77.23
76.42,76.42,27.95,22.23,76.89
75.00,75.00,29.11,22.67,76.19
75.82,75.82,28.65,18.27,76.36
77.42,77.42,27.09,19.32,76.28
74.92,74.92,26.94,23.06,74.65
69.12,69.12,24.94,25.65,71.72
70.15,70.15,24.25,25.08,71.34
71.84,71.84,25.77,25.47,70.66
73.66,73.66,24.86,23.53,69.20
73.27,73.27,27.74,26.61,67.58
74.27,74.27,32.15,22.14,68.16
74.60,74.60,35.35,24.33,65.25
75.96,75.96,27.53,24.19,61.85
73.81,73.81,36.40,22.07,63.03
73.86,73.86,34.41,28.89,63.43
74.91,74.91,35.79,25.71,63.54
73.51,73.51,30.00,24.73,61.54
72.73,72.73,33.92,29.91,63.72
71.86,71.86,30.44,18.85,63.91
71.99,71.99,37.23,25.44,62.47
69.49,69.49,34.71,24.48,62.35
71.14,71.14,32.69,21.39,61.55
71.13,71.13,39.53,23.11,61.08
71.36,71.36,37.40,20.14,60.42
70.85,70.85,39.79,24.01,59.96
63.73,63.73,36.76,22.53,60.47
68.61,68.61,38.86,31.38,60.80
69.74,69.74,38.34,26.29,60.19
68.43,68.43,37.02,29.43,59.25
72.52,72.52,35.14,32.62,57.43
70.64,70.64,34.27,34.56,56.87
71.91,71.91,34.98,31.63,54.63
71.92,71.92,38.80,28.18,58.24
71.80,71.80,47.32,22.49,61.37
70.94,70.94,53.39,24.17,66.81
72.32,72.32,40.57,18.98,60.08
71.69,71.69,37.04,15.84,59.16
71.12,71.12,31.20,28.07,58.78
70.81,70.81,30.56,22.77,53.75
69.77,69.77,29.92,28.24,53.55
70.46,70.46,29.62,27.09,51.77
70.33,70.33,32.49,27.96,50.90
68.80,68.80,37.74,28.84,53.33
69.61,69.61,46.25,23.75,57.48
68.24,68.24,52.97,21.47,64.52
61.63,61.63,42.71,24.07,63.35
58.55,58.55,39.12,20.47,64.82
62.27,62.27,31.86,27.02,59.56
71.21,71.21,25.02,27.60,56.65
69.88,69.88,24.65,29.34,55.08
70.12,70.12,30.82,27.86,53.55
71.10,71.10,35.75,28.39,52.19
68.79,68.79,46.16,24.81,53.55
68.32,68.32,54.55,26.59,55.30
67.19,67.19,67.02,31.39,59.46
67.90,67.90,54.80,29.26,54.50
67.38,67.38,48.48,22.64,52.85
66.57,66.57,44.76,18.23,54.02
67.15,67.15,40.59,16.28,54.58
69.13,69.13,34.75,22.59,51.35
68.05,68.05,37.01,26.09,51.00
68.34,68.34,36.25,21.12,52.07
68.36,68.36,37.68,13.53,52.84
68.59,68.59,48.81,12.45,58.46
75.37,75.37,54.28,14.33,74.52
74.59,74.59,44.74,15.12,76.54
69.40,69.40,35.98,15.35,77.25
67.15,67.15,28.85,22.74,63.64
67.75,67.75,24.59,23.72,59.14
66.92,66.92,25.36,19.62,59.56
68.73,68.73,25.70,22.96,58.94
69.20,69.20,23.72,26.86,56.61
71.58,71.58,20.55,15.72,55.80
71.15,71.15,24.69,26.75,56.41
73.70,73.70,32.25,29.51,69.15
72.97,72.97,33.84,24.62,67.47
71.32,71.32,34.87,26.43,63.84
70.96,70.96,31.54,20.90,60.69
70.15,70.15,24.65,22.32,57.90
69.94,69.94,23.71,19.24,54.18
70.73,70.73,23.41,20.41,56.23
70.90,70.90,27.64,17.97,56.86
69.21,69.21,37.68,19.59,57.77
69.12,69.12,49.81,20.13,58.32
70.90,70.90,61.70,17.80,59.49
69.96,69.96,54.10,19.93,60.13
70.51,70.51,45.67,14.70,62.37
69.41,69.41,41.39,8.25,63.16
69.36,69.36,35.84,9.84,64.21
70.03,70.03,33.11,14.44,63.84
70.01,70.01,31.02,17.93,62.39
68.62,68.62,30.68,20.96,64.61
68.62,68.62,32.79,17.62,72.48
71.09,71.09,30.96,15.05,75.22
70.48,70.48,29.25,12.30,76.56
68.79,68.79,24.19,15.66,76.93
71.71,71.71,25.29,18.69,74.01
71.80,71.80,27.32,20.88,71.56
72.09,72.09,25.21,20.08,74.02
72.78,72.78,24.84,19.21,71.10
72.17,72.17,26.35,18.82,71.74
72.99,72.99,31.38,17.03,69.08
72.31,72.31,31.94,19.07,68.96
72.28,72.28,31.67,14.12,67.39
73.64,73.64,31.05,12.64,64.29
72.39,72.39,32.31,13.06,63.39
71.28,71.28,36.86,19.54,62.39
71.95,71.95,35.78,14.55,61.50
72.16,72.16,35.48,17.84,61.33
71.98,71.98,32.72,16.09,62.12
72.56,72.56,37.83,21.10,60.26
71.36,71.36,35.83,24.74,62.30
69.64,69.64,40.97,26.83,62.61
69.73,69.73,47.12,30.59,61.86
69.41,69.41,52.39,26.63,66.57
72.56,72.56,43.18,41.91,65.19
72.79,72.79,40.01,39.83,63.54
69.96,69.96,31.33,37.74,62.05
69.74,69.74,27.74,32.21,64.03
68.66,68.66,30.66,35.34,63.43
69.89,69.89,29.14,36.02,60.88
70.04,70.04,32.59,38.66,62.85
69.29,69.29,36.19,30.40,61.58
69.75,69.75,43.30,31.93,61.78
70.60,70.60,49.91,32.14,64.05
70.14,70.14,42.77,36.03,61.72
71.11,71.11,41.32,35.52,61.38
71.34,71.34,32.04,32.43,61.79
71.54,71.54,26.76,25.52,59.65
71.23,71.23,26.18,30.97,62.21
71.62,71.62,26.12,27.46,62.62
72.25,72.25,24.01,24.04,61.02
71.57,71.57,32.26,25.28,58.79
71.95,71.95,38.92,28.14,62.80
70.44,70.44,54.84,35.96,71.98
69.04,69.04,42.89,32.63,75.78
68.47,68.47,34.22,34.86,75.38
64.09,64.09,29.84,32.94,74.39
55.36,55.36,27.16,31.47,74.32
47.63,47.63,27.77,38.22,75.14
48.69,48.69,31.11,41.23,75.64
48.35,48.35,31.45,44.09,75.53
48.73,48.73,34.39,46.47,76.25
52.76,52.76,32.97,46.09,75.71
61.63,61.63,33.86,43.26,75.82
63.77,63.77,32.51,35.20,73.18
62.35,62.35,32.36,25.27,63.16
66.77,66.77,39.55,32.74,60.23
70.95,70.95,33.07,22.59,59.36
71.30,71.30,34.05,28.56,58.04
74.30,74.30,32.60,28.45,57.66
74.46,74.46,31.19,30.32,57.90
74.69,74.69,27.95,27.36,57.98
75.67,75.67,27.74,28.55,65.93
75.11,75.11,29.45,39.63,75.09
72.90,72.90,34.59,43.13,76.92
71.16,71.16,34.41,39.50,76.91
71.41,71.41,32.97,33.55,77.92
68.05,68.05,28.27,36.97,78.09
65.95,65.95,30.39,42.37,76.55
65.38,65.38,28.51,41.46,77.21
64.59,64.59,35.17,40.85,76.27
66.53,66.53,28.54,28.83,74.49
68.14,68.14,26.82,35.51,70.94
70.57,70.57,32.67,40.19,69.39
71.36,71.36,30.22,47.16,67.23
70.72,70.72,31.17,38.80,63.30
75.20,75.20,29.87,35.80,63.35
77.42,77.42,28.29,30.77,61.14
77.71,77.71,31.51,32.54,61.08
75.20,75.20,31.91,31.95,62.26
74.68,74.68,30.64,32.13,64.08
74.61,74.61,27.37,27.01,64.97
75.41,75.41,24.01,25.13,67.02
75.87,75.87,25.32,19.64,72.41
74.86,74.86,20.02,14.96,68.53
74.63,74.63,10.66,14.95,68.34
74.98,74.98,10.94,11.94,65.77
71.28,71.28,11.29,14.49,65.99
68.95,68.95,15.16,12.15,65.40
63.68,63.68,15.59,14.15,64.52
56.48,56.48,18.16,17.29,65.03
54.63,54.63,19.97,19.56,63.36
52.90,52.90,20.78,19.48,62.03
54.37,54.37,23.11,22.55,64.25
56.41,56.41,17.78,17.05,62.46
66.07,66.07,17.47,17.44,63.70
74.06,74.06,16.05,8.82,63.30
73.60,73.60,16.89,21.12,61.44
74.66,74.66,17.58,15.75,61.63
74.10,74.10,20.04,17.23,61.68
76.07,76.07,23.32,20.54,61.24
76.12,76.12,19.06,13.58,62.43
75.62,75.62,31.25,8.96,65.34
75.80,75.80,33.70,10.49,73.90
75.95,75.95,25.36,10.47,73.20
76.64,76.64,14.08,10.67,72.16
72.77,72.77,22.87,17.27,71.07
65.96,65.96,19.16,16.14,72.28
65.31,65.31,24.24,15.00,71.41
60.63,60.63,19.60,15.78,71.48
58.51,58.51,14.13,16.63,72.87
57.11,57.11,17.51,14.85,72.92
57.25,57.25,25.83,17.47,71.30
55.92,55.92,32.12,8.87,72.22
57.26,57.26,28.69,7.96,67.98
62.06,62.06,26.79,9.54,64.39
60.93,60.93,25.71,18.18,63.32
66.91,66.91,23.02,18.00,66.96
72.09,72.09,21.08,18.06,64.39
72.92,72.92,32.89,17.22,60.44
72.81,72.81,36.97,11.89,61.19
73.57,73.57,39.58,17.22,62.84
74.28,74.28,49.32,19.75,70.64
74.73,74.73,57.05,18.64,75.69
72.91,72.91,52.80,23.25,74.89
72.97,72.97,42.97,29.09,75.09
73.07,73.07,35.92,27.90,73.40
74.64,74.64,33.60,22.92,72.84
73.77,73.77,32.49,19.57,70.89
73.19,73.19,32.49,25.46,69.66
73.09,73.09,33.59,20.52,69.37
73.34,73.34,31.25,24.59,69.92
73.56,73.56,29.69,23.44,68.43
74.27,74.27,31.49,28.55,68.63
73.16,73.16,31.11,22.36,67.93
74.76,74.76,26.63,20.56,68.12
73.53,73.53,31.23,23.22,68.62
73.91,73.91,32.63,26.82,68.06
72.77,72.77,30.68,22.93,67.32
72.89,72.89,30.11,21.22,67.16
73.32,73.32,30.92,19.71,67.63
73.76,73.76,28.60,19.53,67.10
73.34,73.34,31.86,18.36,66.71
76.41,76.41,36.98,19.37,70.91
73.16,73.16,33.75,18.49,66.54
74.04,74.04,29.77,24.67,63.90
73.09,73.09,29.14,24.15,64.65
73.62,73.62,29.02,22.72,64.33
72.92,72.92,29.36,16.57,63.27
73.74,73.74,32.45,12.29,63.44
72.94,72.94,27.64,25.42,62.30
72.22,72.22,29.56,33.26,61.59
71.23,71.23,34.98,36.62,64.18
73.26,73.26,40.46,32.95,73.56
72.22,72.22,33.85,22.23,65.28
71.57,71.57,34.80,25.65,60.78
72.53,72.53,38.28,25.38,61.21
73.12,73.12,41.58,25.38,58.60
72.26,72.26,42.69,29.60,58.02
72.10,72.10,41.55,33.54,58.10
70.78,70.78,38.64,38.12,58.28
69.11,69.11,33.47,28.62,59.95
68.91,68.91,30.15,21.47,62.69
68.46,68.46,31.84,23.74,70.83
66.51,66.51,34.58,18.37,76.97
63.89,63.89,24.43,25.67,79.33
62.36,62.36,18.17,25.36,77.06
64.38,64.38,18.83,20.49,77.15
65.04,65.04,29.21,32.38,74.92
63.83,63.83,29.59,33.49,73.36
64.68,64.68,31.03,36.13,73.34
63.98,63.98,27.22,28.86,71.79
63.00,63.00,25.73,26.89,71.88
62.02,62.02,26.02,34.19,70.22
60.35,60.35,27.27,36.01,67.59
59.45,59.45,25.15,36.69,71.28
59.09,59.09,25.28,35.64,65.56
59.69,59.69,30.32,30.21,69.81
59.18,59.18,35.54,29.66,63.19
56.88,56.88,35.69,32.83,61.49
55.62,55.62,34.30,31.28,67.44
55.10,55.10,33.82,31.58,61.92
56.44,56.44,31.42,29.90,64.26
67.21,67.21,34.81,28.22,66.96
72.09,72.09,29.39,34.79,66.59
72.38,72.38,32.29,37.67,64.95
71.81,71.81,26.70,30.82,62.30
72.37,72.37,29.82,32.82,65.35
72.72,72.72,31.37,31.52,61.04
71.70,71.70,31.97,28.84,56.82
72.42,72.42,31.91,25.02,61.83
72.53,72.53,34.43,24.68,60.17
73.05,73.05,42.38,20.90,58.88
70.44,70.44,49.37,25.91,63.02
71.09,71.09,40.65,27.02,63.83
74.23,74.23,40.93,30.77,67.31
74.96,74.96,33.10,27.76,66.07
74.17,74.17,31.92,26.81,66.27
73.92,73.92,33.46,23.65,67.53
74.25,74.25,35.11,18.97,61.50
74.58,74.58,31.47,21.93,55.42
74.94,74.94,33.43,17.43,59.74
74.91,74.91,42.39,25.21,64.24
76.24,76.24,56.57,32.13,61.46
73.56,73.56,44.10,34.00,59.78
73.71,73.71,32.58,28.60,53.06
75.00,75.00,32.53,25.39,51.70
74.86,74.86,32.95,26.57,51.65
74.95,74.95,34.34,26.14,50.65
74.84,74.84,30.92,25.48,49.44
74.87,74.87,28.03,22.88,47.37
74.20,74.20,32.24,24.87,48.36
74.03,74.03,27.71,22.04,51.41
67.65,67.65,30.81,25.25,59.03
69.63,69.63,31.78,20.11,62.97
76.82,76.82,30.85,11.49,65.64
77.08,77.08,35.15,19.15,57.71
78.43,78.43,39.39,20.32,58.24
78.29,78.29,39.25,18.00,61.43
78.60,78.60,33.22,17.24,56.99
77.83,77.83,24.77,21.18,62.79
77.33,77.33,24.00,25.19,64.80
75.57,75.57,27.07,26.16,69.85
77.43,77.43,30.20,21.10,76.81
79.49,79.49,29.09,18.83,79.24
79.47,79.47,29.65,22.05,79.00
76.90,76.90,32.30,23.97,77.37
73.46,73.46,34.85,23.89,76.27
65.88,65.88,35.13,22.72,75.16
64.11,64.11,29.60,29.78,75.11
61.96,61.96,28.62,30.14,75.16
62.79,62.79,26.69,31.55,74.29
62.29,62.29,27.26,34.19,74.73
64.09,64.09,27.15,32.36,72.82
65.64,65.64,32.12,27.45,72.20
67.29,67.29,34.40,31.05,73.47
64.84,64.84,28.06,28.47,69.89
72.72,72.72,24.60,29.90,72.14
76.37,76.37,25.20,33.81,67.17
76.62,76.62,29.91,35.36,65.29
77.09,77.09,32.11,32.94,69.13
76.05,76.05,30.18,25.32,65.54
76.07,76.07,32.35,24.96,66.50
77.78,77.78,35.41,29.44,62.48
76.78,76.78,34.65,28.29,63.83
76.54,76.54,29.60,25.84,63.02
71.18,71.18,33.07,30.10,63.05
57.51,57.51,37.06,28.91,65.06
54.79,54.79,39.29,31.86,65.71
55.73,55.73,41.06,31.40,65.41
54.20,54.20,43.61,30.75,64.45
51.31,51.31,42.51,31.66,66.35
50.22,50.22,39.60,29.96,65.62
55.18,55.18,41.34,30.21,64.45
58.16,58.16,40.22,27.15,63.76
62.63,62.63,39.05,29.33,66.33
69.32,69.32,39.97,24.73,66.76
68.49,68.49,37.01,25.72,66.09
69.47,69.47,32.08,20.13,63.12
69.59,69.59,31.23,18.82,62.33
71.01,71.01,31.75,18.22,62.67
72.39,72.39,30.54,23.23,62.86
72.15,72.15,36.39,23.27,57.39
73.96,73.96,42.91,27.76,67.88
72.99,72.99,36.30,25.10,63.79
72.35,72.35,38.54,20.75,60.89
72.33,72.33,32.61,21.63,59.81
73.11,73.11,26.59,21.04,57.55
72.94,72.94,23.91,16.89,58.80
71.94,71.94,26.30,18.05,55.69
71.61,71.61,20.67,13.24,56.83
70.04,70.04,26.38,18.21,58.81
62.51,62.51,36.34,23.88,61.04
64.76,64.76,41.11,27.72,65.62
52.94,52.94,37.70,24.43,62.47
59.57,59.57,39.26,17.92,64.75
66.24,66.24,35.80,26.25,59.83
70.96,70.96,29.34,21.71,49.73
72.97,72.97,29.47,19.73,44.23
72.91,72.91,28.87,19.16,43.94
71.54,71.54,31.01,20.27,45.21
70.51,70.51,37.06,20.79,50.59
70.50,70.50,48.45,26.38,55.40
71.49,71.49,62.48,28.37,65.99
70.02,70.02,50.41,26.36,60.05
69.46,69.46,40.37,21.05,56.34
68.90,68.90,35.77,15.55,52.87
69.43,69.43,33.72,20.59,53.08
69.67,69.67,31.40,18.76,48.74
69.80,69.80,30.13,15.57,46.35
70.68,70.68,25.01,12.85,44.47
70.60,70.60,25.81,11.61,49.50
71.27,71.27,34.51,8.68,57.76
77.46,77.46,41.64,1.38,68.31
75.51,75.51,39.62,0.85,71.06
71.81,71.81,35.92,9.99,72.42
69.12,69.12,32.55,14.67,61.68
60.77,60.77,30.75,23.86,52.66
57.20,57.20,29.25,30.27,40.61
53.95,53.95,29.26,33.14,40.17
58.59,58.59,30.24,33.46,39.34
55.44,55.44,30.87,31.84,48.75
58.46,58.46,38.59,19.29,58.82
65.66,65.66,40.98,12.08,69.68
61.53,61.53,36.84,2.94,69.69
57.95,57.95,34.13,0.54,65.70
57.97,57.97,32.78,8.08,63.43
60.65,60.65,31.54,12.87,64.23
61.90,61.90,30.69,14.51,63.34
63.70,63.70,30.76,21.20,61.41
62.93,62.93,34.69,24.56,61.72
60.36,60.36,43.59,32.23,60.78
55.28,55.28,49.43,29.54,61.26
65.95,65.95,61.82,33.23,60.33
63.58,63.58,52.79,31.82,58.75
60.33,60.33,44.76,28.89,60.83
59.60,59.60,40.36,31.67,60.99
56.95,56.95,37.24,33.20,61.09
52.37,52.37,34.93,32.96,60.56
53.24,53.24,32.44,30.95,60.22
64.45,64.45,33.11,29.41,60.09
66.81,66.81,28.27,25.67,59.58
66.79,66.79,28.33,17.48,62.23
69.98,69.98,29.26,9.15,74.08
67.30,67.30,23.39,5.10,75.69
69.72,69.72,24.55,10.75,80.61
70.37,70.37,35.66,13.72,78.05
68.80,68.80,29.94,20.90,78.17
68.45,68.45,31.60,26.74,76.47
68.16,68.16,31.70,29.00,76.18
68.89,68.89,30.33,30.77,74.83
70.47,70.47,26.62,28.61,74.10
70.20,70.20,25.38,25.29,73.75
69.51,69.51,32.79,25.42,70.62
67.76,67.76,28.37,16.79,69.86
64.85,64.85,29.73,25.14,66.20
61.19,61.19,29.72,28.23,67.84
56.07,56.07,32.21,28.11,63.41
57.29,57.29,34.71,30.90,63.79
55.62,55.62,34.42,27.95,63.85
52.68,52.68,36.43,33.46,65.23
50.72,50.72,40.49,32.18,62.52
51.70,51.70,45.19,29.01,64.83
59.28,59.28,51.13,31.68,67.75
64.14,64.14,41.68,37.28,67.54
71.61,71.61,35.23,38.08,64.82
73.29,73.29,28.14,30.28,62.97
72.90,72.90,28.08,27.58,68.97
68.06,68.06,28.72,29.50,65.74
62.90,62.90,30.24,27.81,63.39
61.79,61.79,34.50,29.79,66.29
57.15,57.15,37.52,33.40,63.78
60.04,60.04,45.19,30.03,66.49
64.30,64.30,51.51,29.56,65.98
64.30,64.30,43.11,30.99,63.92
63.54,63.54,38.78,30.70,62.84
71.46,71.46,34.72,25.90,63.69
72.94,72.94,31.02,22.61,63.06
72.44,72.44,27.26,20.39,64.00
73.99,73.99,26.83,21.25,65.31
74.01,74.01,24.91,25.25,61.30
74.24,74.24,28.73,25.54,61.03
74.73,74.73,37.87,28.45,63.87
72.27,72.27,50.89,32.56,73.32
72.62,72.62,41.08,30.91,74.64
73.44,73.44,30.51,34.36,75.11
72.85,72.85,25.95,29.50,75.07
72.44,72.44,25.46,23.34,75.31
71.80,71.80,26.68,21.28,75.44
67.74,67.74,31.97,26.44,74.80
59.00,59.00,37.86,28.39,74.48
58.28,58.28,38.46,36.08,74.75
58.01,58.01,41.68,37.34,74.37
61.13,61.13,41.71,34.22,72.89
67.07,67.07,40.67,30.19,70.15
68.95,68.95,40.99,28.92,63.22
74.60,74.60,34.56,25.04,61.94
75.16,75.16,34.96,26.34,62.41
74.53,74.53,32.24,25.21,60.30
75.01,75.01,31.57,24.33,59.35
74.11,74.11,31.96,24.44,58.66
74.77,74.77,24.72,24.44,57.83
68.67,68.67,31.39,32.37,67.00
70.18,70.18,26.92,32.34,75.17
73.20,73.20,31.36,32.30,75.09
75.59,75.59,32.18,27.86,77.85
75.79,75.79,33.31,25.23,79.19
74.36,74.36,25.73,30.88,77.07
74.98,74.98,30.21,35.89,76.00
76.39,76.39,31.60,37.97,75.78
76.09,76.09,31.73,35.54,76.83
74.61,74.61,26.83,22.63,75.52
74.27,74.27,29.15,27.31,74.82
75.72,75.72,31.80,34.26,74.97
77.23,77.23,32.26,36.55,75.27
77.71,77.71,28.17,32.78,73.16
76.50,76.50,22.94,27.72,70.59
77.48,77.48,23.39,24.50,67.39
77.91,77.91,25.03,27.45,67.96
77.21,77.21,28.58,27.59,66.31
76.56,76.56,29.73,26.53,67.31
76.87,76.87,27.68,24.72,67.64
75.95,75.95,30.49,27.14,68.98
76.60,76.60,36.27,19.26,72.59
76.81,76.81,29.17,25.15,74.41
76.69,76.69,26.39,25.28,70.41
77.00,77.00,24.02,19.08,67.64
77.01,77.01,26.06,24.55,66.55
77.29,77.29,22.86,21.30,65.84
75.89,75.89,24.27,24.13,67.73
75.61,75.61,23.47,25.26,68.50
75.70,75.70,22.74,25.94,68.09
76.75,76.75,24.89,20.48,66.55
76.53,76.53,25.98,23.42,64.25
77.27,77.27,31.04,26.39,63.38
76.74,76.74,32.59,19.89,66.87
76.70,76.70,30.91,23.28,67.69
76.28,76.28,32.98,25.51,65.82
77.92,77.92,37.67,24.72,66.49
78.55,78.55,37.01,25.75,64.24
75.64,75.64,37.92,24.09,62.63
74.91,74.91,28.59,20.57,62.23
74.74,74.74,31.94,22.11,64.73
72.05,72.05,36.05,18.88,73.58
73.47,73.47,34.61,23.11,71.13
74.88,74.88,38.35,23.62,70.23
71.99,71.99,31.51,20.46,69.43
73.31,73.31,29.77,20.19,67.92
75.95,75.95,26.12,20.92,71.46
70.91,70.91,30.84,25.79,68.57
70.98,70.98,32.22,25.85,70.40
68.76,68.76,34.07,21.75,70.10
68.17,68.17,41.36,20.36,70.54
68.61,68.61,46.23,26.49,69.92
67.28,67.28,46.91,28.26,66.75
64.47,64.47,46.06,31.32,62.74
59.93,59.93,39.30,34.80,59.67
61.68,61.68,33.50,26.95,56.40
63.62,63.62,33.81,28.77,58.63
63.11,63.11,37.24,33.47,55.98
62.66,62.66,35.99,28.16,56.76
64.23,64.23,42.44,30.07,58.47
63.37,63.37,52.89,32.64,69.74
66.40,66.40,57.34,28.73,73.66
62.72,62.72,52.24,27.49,75.26
65.75,65.75,45.07,27.44,74.89
65.82,65.82,40.58,28.66,71.06
67.13,67.13,35.47,27.08,72.09
69.38,69.38,34.80,30.24,70.92
68.02,68.02,31.05,32.66,70.46
68.31,68.31,32.59,29.87,68.87
68.48,68.48,33.35,33.79,69.24
68.55,68.55,35.21,33.87,70.04
67.56,67.56,35.79,37.49,67.51
67.48,67.48,34.57,30.40,67.23
70.47,70.47,36.19,27.75,67.13
70.83,70.83,33.87,28.22,66.46
72.27,72.27,35.35,26.35,66.30
70.56,70.56,35.79,27.52,65.45
70.33,70.33,32.87,28.20,64.49
72.34,72.34,33.03,26.30,65.82
71.92,71.92,30.47,24.68,64.11
70.00,70.00,32.80,24.37,68.58
69.00,69.00,37.52,21.90,73.43
70.16,70.16,34.54,14.48,69.82
71.46,71.46,33.55,8.81,70.34
71.22,71.22,28.76,11.22,68.94
71.34,71.34,32.52,17.26,68.87
70.47,70.47,33.31,23.16,70.11
69.16,69.16,33.14,25.10,69.72
70.39,70.39,37.90,24.31,68.73
69.31,69.31,34.50,16.73,67.65
68.26,68.26,36.30,9.43,67.17
69.54,69.54,38.43,5.65,74.94
69.51,69.51,33.73,2.12,69.00
70.96,70.96,30.18,11.85,70.50
69.82,69.82,33.90,20.85,68.55
69.88,69.88,37.21,18.33,68.22
71.38,71.38,40.51,16.83,67.41
70.22,70.22,38.23,21.19,66.29
72.00,72.00,36.90,28.01,64.53
72.76,72.76,37.41,18.87,64.95
72.54,72.54,31.98,19.05,66.75
68.32,68.32,26.33,20.83,67.15
64.17,64.17,24.97,19.88,71.73
62.66,62.66,30.71,15.57,76.35
61.79,61.79,26.47,11.55,78.55
62.66,62.66,27.32,13.24,76.00
62.42,62.42,26.54,14.29,73.89
60.84,60.84,27.67,26.52,71.82
60.42,60.42,26.78,30.67,72.67
59.68,59.68,28.84,29.95,71.56
59.20,59.20,21.12,29.21,71.84
55.20,55.20,22.79,31.63,70.51
55.27,55.27,25.26,31.08,66.18
57.53,57.53,29.28,35.06,69.65
57.09,57.09,29.30,34.77,65.92
56.87,56.87,31.22,31.30,69.52
57.41,57.41,36.04,28.71,64.81
56.46,56.46,37.60,30.21,62.13
60.11,60.11,36.63,27.75,65.37
58.79,58.79,33.98,30.46,60.64
73.54,73.54,29.32,28.75,63.58
76.76,76.76,33.79,30.25,63.24
76.71,76.71,31.76,35.22,62.42
76.86,76.86,34.11,40.19,57.75
75.35,75.35,35.86,32.25,58.09
75.57,75.57,37.69,35.64,59.86
77.95,77.95,38.89,26.28,55.39
77.24,77.24,37.82,28.46,56.92
74.48,74.48,36.80,25.97,55.78
73.45,73.45,36.14,27.30,56.20
70.37,70.37,38.69,25.04,56.66
67.49,67.49,42.57,32.63,61.24
61.17,61.17,42.13,32.55,61.47
73.07,73.07,42.59,34.36,61.40
77.53,77.53,36.38,34.93,58.92
78.61,78.61,38.69,31.16,58.65
79.39,79.39,40.11,26.32,58.27
78.52,78.52,37.42,22.02,54.80
77.95,77.95,39.21,25.25,56.02
74.98,74.98,39.93,29.38,53.28
77.09,77.09,45.87,27.11,60.24
78.50,78.50,60.19,35.22,66.10
78.32,78.32,50.54,36.15,64.87
78.29,78.29,42.72,26.87,62.01
78.23,78.23,37.85,20.79,59.01
78.82,78.82,40.13,22.39,57.42
78.87,78.87,40.32,19.31,59.43
78.16,78.16,41.62,20.85,55.53
78.04,78.04,36.98,18.52,53.52
78.36,78.36,36.72,20.93,49.25
78.24,78.24,36.72,20.92,45.77
78.92,78.92,40.09,21.21,53.81
78.52,78.52,37.84,20.44,54.95
77.18,77.18,36.31,19.19,60.05
76.92,76.92,37.21,20.51,57.67
77.22,77.22,37.21,21.04,57.09
77.63,77.63,35.21,21.69,56.44
77.88,77.88,34.03,21.12,46.68
77.61,77.61,33.23,21.92,52.26
71.36,71.36,33.14,26.37,57.86
73.53,73.53,28.45,23.85,60.84
78.21,78.21,31.06,24.26,71.04
78.37,78.37,28.83,16.49,77.92
79.61,79.61,21.44,17.51,80.59
79.16,79.16,17.30,19.51,77.98
79.79,79.79,20.96,19.21,79.19
80.13,80.13,19.67,17.56,77.31
78.09,78.09,22.30,21.96,76.98
76.79,76.79,28.69,28.38,75.60
67.07,67.07,33.49,29.01,75.06
66.21,66.21,27.99,26.58,74.52
68.55,68.55,18.47,22.52,73.98
68.67,68.67,18.49,24.24,74.91
74.15,74.15,27.36,26.30,73.07
77.36,77.36,29.11,21.74,72.51
78.68,78.68,32.02,20.23,70.00
78.80,78.80,34.57,30.05,69.06
78.00,78.00,34.45,30.28,66.40
77.54,77.54,39.34,27.91,68.25
76.52,76.52,37.57,27.05,66.14
75.75,75.75,36.85,24.29,64.23
75.49,75.49,37.72,23.81,63.01
63.20,63.20,40.78,31.76,64.31
57.30,57.30,43.96,29.12,64.13
52.86,52.86,41.92,25.25,63.25
55.55,55.55,42.33,29.79,64.32
55.36,55.36,41.03,26.64,63.84
54.00,54.00,42.20,28.10,63.56
56.15,56.15,41.23,27.71,63.09
57.92,57.92,41.42,25.15,62.62
59.07,59.07,35.42,24.15,60.84
67.68,67.68,37.83,29.47,61.48
71.82,71.82,28.83,27.47,59.25
72.74,72.74,33.72,25.99,59.16
72.46,72.46,33.20,23.43,58.78
72.52,72.52,36.39,23.10,58.18
73.03,73.03,36.03,19.73,58.20
73.41,73.41,36.27,20.48,57.64
74.17,74.17,31.99,20.96,56.66
75.50,75.50,33.42,22.22,56.96
74.80,74.80,40.93,27.36,58.40
74.86,74.86,48.83,29.33,67.85
74.22,74.22,43.65,28.47,62.02
73.67,73.67,45.15,26.92,57.33
71.72,71.72,37.00,26.93,54.22
69.70,69.70,31.89,23.22,53.84
70.83,70.83,28.72,18.17,54.05
70.47,70.47,28.72,20.17,52.49
70.04,70.04,26.59,21.45,51.71
68.28,68.28,28.77,19.86,51.50
68.62,68.62,37.50,23.43,56.10
72.24,72.24,41.09,25.18,65.43
71.28,71.28,35.69,27.54,63.03
71.49,71.49,37.60,29.13,61.67
71.29,71.29,34.15,29.36,54.74
73.02,73.02,28.16,20.85,53.30
73.18,73.18,27.29,21.12,52.32
70.57,70.57,28.14,19.38,47.70
69.63,69.63,32.36,19.72,50.31
69.44,69.44,41.80,18.95,51.24
69.46,69.46,51.93,28.34,51.83
70.19,70.19,66.96,30.94,59.92
70.12,70.12,55.87,32.51,54.03
71.33,71.33,48.04,23.52,46.98
70.75,70.75,39.45,16.30,46.50
70.13,70.13,34.98,15.45,46.60
69.43,69.43,32.04,15.45,42.56
70.12,70.12,29.47,21.59,40.89
70.01,70.01,28.98,21.33,42.17
69.86,69.86,37.88,12.79,47.22
71.72,71.72,50.56,7.66,58.34
71.40,71.40,60.90,4.86,75.01
78.73,78.73,55.73,6.82,75.17
72.31,72.31,43.35,10.63,77.19
71.93,71.93,37.24,19.46,61.77
71.50,71.50,33.22,32.69,55.92
73.14,73.14,27.46,28.19,55.53
74.92,74.92,31.77,25.42,54.85
72.08,72.08,33.93,15.31,57.50
68.50,68.50,35.88,21.06,57.84
69.39,69.39,36.03,16.35,55.71
71.54,71.54,44.01,7.50,66.49
71.06,71.06,33.72,4.90,65.68
67.69,67.69,37.04,6.45,63.12
67.53,67.53,34.09,17.48,60.27
68.76,68.76,35.72,24.98,60.39
68.41,68.41,32.41,25.00,57.91
67.69,67.69,33.80,26.99,56.53
68.31,68.31,34.33,21.88,56.46
68.49,68.49,35.99,21.31,54.90
71.26,71.26,49.22,31.02,54.61
74.63,74.63,59.03,29.09,55.86
75.49,75.49,50.75,30.05,53.63
74.37,74.37,40.75,28.26,56.55
74.10,74.10,35.95,29.75,56.95
72.50,72.50,31.05,31.06,54.58
68.93,68.93,33.79,32.66,56.00
64.02,64.02,35.25,32.15,59.18
63.97,63.97,38.00,28.90,61.30
64.39,64.39,32.09,23.47,63.99
64.75,64.75,32.49,13.00,73.27
68.31,68.31,27.74,4.52,77.13
75.34,75.34,23.52,0.43,78.91
77.33,77.33,18.86,1.50,77.94
76.27,76.27,21.85,3.52,76.14
74.83,74.83,24.06,14.50,75.33
74.02,74.02,32.68,14.38,74.23
75.75,75.75,22.54,15.04,73.07
74.53,74.53,26.16,12.55,72.62
73.74,73.74,33.55,15.08,71.34
74.55,74.55,32.18,21.29,70.30
73.68,73.68,29.65,17.28,69.24
66.60,66.60,26.83,17.73,67.66
64.56,64.56,24.63,27.29,64.31
64.38,64.38,26.07,24.19,65.63
61.20,61.20,32.36,30.13,64.90
58.76,58.76,31.61,27.45,62.87
58.68,58.68,32.40,28.61,64.76
56.78,56.78,35.85,30.54,63.08
52.36,52.36,34.90,30.90,61.65
50.87,50.87,40.74,32.16,64.11
65.82,65.82,46.22,29.49,68.22
72.70,72.70,37.79,31.91,68.56
74.05,74.05,32.89,36.32,65.27
74.22,74.22,27.49,30.33,65.88
74.72,74.72,25.58,30.25,68.20
74.94,74.94,28.52,27.66,66.42
75.09,75.09,32.05,23.03,64.64
74.42,74.42,31.65,21.62,66.48
74.12,74.12,35.91,22.42,65.32
73.42,73.42,39.05,23.05,63.75
72.95,72.95,45.28,31.41,67.55
73.42,73.42,39.26,36.05,65.01
71.32,71.32,40.15,38.60,64.06
70.58,70.58,31.83,32.82,63.27
70.24,70.24,26.36,29.02,61.43
71.04,71.04,30.40,22.54,62.26
71.21,71.21,32.28,26.40,61.64
70.56,70.56,31.39,25.48,62.06
69.93,69.93,37.23,27.31,60.53
68.81,68.81,47.18,29.73,63.50
67.88,67.88,59.58,31.53,73.28
65.87,65.87,50.25,21.74,73.90
53.91,53.91,37.82,32.64,74.65
48.95,48.95,34.54,32.41,75.54
48.62,48.62,37.81,35.12,74.68
47.29,47.29,39.63,33.86,74.57
47.68,47.68,39.14,31.90,75.03
49.63,49.63,38.10,32.71,74.07
53.81,53.81,38.09,34.27,73.94
62.52,62.52,31.36,29.22,73.70
72.24,72.24,33.41,34.89,72.58
78.64,78.64,33.84,24.86,70.77
77.84,77.84,36.59,30.84,56.34
77.48,77.48,33.90,32.86,54.39
76.89,76.89,35.96,34.67,54.59
77.33,77.33,36.20,34.08,54.34
77.59,77.59,34.27,30.15,51.53
77.47,77.47,32.08,30.62,52.64
77.12,77.12,30.74,32.40,56.47
77.85,77.85,27.54,29.09,61.94
77.41,77.41,31.49,28.95,68.37
75.84,75.84,37.39,29.72,77.60
75.64,75.64,36.30,35.44,77.59
76.44,76.44,34.76,31.93,78.40
74.00,74.00,31.45,26.36,78.04
73.63,73.63,30.35,33.63,77.31
73.07,73.07,32.46,37.79,76.21
71.28,71.28,28.77,39.94,74.62
68.17,68.17,26.77,39.30,74.93
71.82,71.82,29.87,33.21,72.71
75.07,75.07,31.30,36.81,70.84
75.18,75.18,32.96,37.16,69.16
75.06,75.06,37.68,31.07,67.73
75.30,75.30,33.99,26.68,65.43
75.74,75.74,35.94,31.26,66.03
74.95,74.95,37.77,28.42,62.51
74.16,74.16,29.87,22.74,63.06
74.77,74.77,33.82,25.13,63.27
75.25,75.25,35.75,25.53,65.34
75.15,75.15,36.88,17.97,67.61
65.79,65.79,38.51,13.01,71.44
55.30,55.30,30.86,8.38,68.20
51.84,51.84,27.60,10.09,68.33
46.49,46.49,24.97,8.92,64.95
45.71,45.71,24.30,9.56,64.79
48.94,48.94,23.86,9.33,63.54
51.69,51.69,22.53,11.40,64.18
50.79,50.79,19.48,5.66,61.22
55.37,55.37,21.45,10.75,62.40
61.27,61.27,27.81,15.13,64.33
78.13,78.13,23.41,16.19,63.90
76.46,76.46,19.82,9.96,62.71
74.86,74.86,23.90,13.24,61.96
75.03,75.03,33.19,10.38,62.36
75.24,75.24,28.50,11.10,62.35
74.19,74.19,27.15,10.46,63.31
73.53,73.53,23.51,16.28,62.64
71.87,71.87,29.99,17.40,62.73
72.06,72.06,27.48,9.10,63.09
72.65,72.65,34.19,11.92,64.37
74.79,74.79,37.62,7.88,74.97
73.52,73.52,31.14,6.64,75.10
73.56,73.56,26.98,7.72,73.32
67.54,67.54,17.30,14.67,72.26
65.76,65.76,11.34,12.42,72.09
66.85,66.85,12.43,6.75,71.69
69.31,69.31,14.95,3.29,72.66
71.36,71.36,17.55,2.69,72.18
72.26,72.26,21.52,1.89,72.98
70.80,70.80,25.52,6.59,72.07
71.64,71.64,28.68,3.38,69.33
74.35,74.35,25.40,4.34,67.12
72.93,72.93,16.93,5.62,62.05
73.42,73.42,14.81,15.80,60.07
74.53,74.53,17.05,17.33,59.24
73.11,73.11,27.37,13.34,59.12
73.17,73.17,37.43,9.54,61.02
72.60,72.60,34.95,11.74,57.91
72.78,72.78,41.66,11.63,59.96
72.42,72.42,49.14,11.88,69.65
73.58,73.58,55.29,16.73,73.76
74.22,74.22,48.47,23.74,73.77
73.79,73.79,41.03,27.54,72.97
76.26,76.26,37.13,26.30,74.41
74.91,74.91,33.59,27.87,69.80
73.76,73.76,34.00,29.69,69.24
74.24,74.24,35.73,29.28,69.28
73.63,73.63,33.86,31.19,68.75
74.00,74.00,34.58,28.03,70.08
75.02,75.02,35.18,28.63,67.19
73.85,73.85,36.01,33.10,66.54
74.33,74.33,33.33,25.26,68.67
75.45,75.45,30.05,29.40,67.34
73.85,73.85,31.49,32.65,65.34
72.75,72.75,31.94,28.40,64.35
72.53,72.53,32.16,28.91,65.44
73.15,73.15,30.79,26.04,67.96
72.50,72.50,30.70,23.14,67.70
73.97,73.97,31.71,22.84,68.84
71.22,71.22,31.31,23.61,67.56
72.34,72.34,35.74,24.43,72.17
70.93,70.93,33.29,28.97,68.09
71.90,71.90,30.55,27.97,66.13
72.55,72.55,29.29,25.54,66.43
72.74,72.74,26.89,22.42,65.02
72.82,72.82,31.91,26.98,64.72
72.86,72.86,30.89,22.62,65.16
71.99,71.99,31.57,21.18,64.52
72.13,72.13,28.98,15.59,64.98
71.11,71.11,31.78,19.91,66.04
72.05,72.05,38.80,16.14,73.13
70.35,70.35,36.59,21.58,68.06
70.88,70.88,34.34,22.04,66.01
71.06,71.06,33.06,17.33,63.59
72.37,72.37,31.98,13.40,64.16
71.91,71.91,31.91,15.20,62.59
70.31,70.31,33.57,9.33,63.10
70.23,70.23,33.62,16.29,62.80
71.76,71.76,33.22,11.53,64.81
70.10,70.10,27.02,12.39,66.34
69.75,69.75,27.99,21.73,68.27
70.23,70.23,34.23,25.83,76.64
65.08,65.08,27.51,26.06,79.36
63.74,63.74,31.23,24.86,76.62
65.71,65.71,28.37,24.68,77.56
65.14,65.14,27.29,26.03,75.32
64.39,64.39,30.02,28.24,72.20
64.65,64.65,23.78,32.90,71.68
63.03,63.03,21.34,31.33,69.52
62.01,62.01,30.19,33.73,69.84
60.17,60.17,31.02,28.84,69.57
59.53,59.53,24.13,30.18,66.31
57.78,57.78,26.26,30.75,71.65
58.54,58.54,26.98,31.82,66.36
60.60,60.60,30.61,34.70,68.46
57.69,57.69,35.96,35.38,62.80
58.15,58.15,37.24,29.07,61.91
58.60,58.60,33.52,30.91,64.36
53.55,53.55,31.90,34.53,61.25
56.51,56.51,35.23,31.74,65.19
72.55,72.55,39.69,34.45,65.46
74.60,74.60,32.10,38.67,63.07
75.30,75.30,27.38,41.87,59.76
74.94,74.94,29.21,37.16,57.21
74.59,74.59,29.20,34.86,59.53
74.78,74.78,31.07,29.09,56.39
75.13,75.13,33.21,31.67,55.42
73.32,73.32,30.15,27.72,56.40
74.98,74.98,33.02,29.07,58.44
74.89,74.89,36.20,32.51,58.72
74.13,74.13,42.46,30.88,61.83
76.89,76.89,34.69,35.88,63.19
76.11,76.11,27.61,37.75,61.30
76.04,76.04,26.37,31.48,57.68
75.07,75.07,31.09,25.86,57.18
75.14,75.14,34.58,18.64,56.29
73.37,73.37,33.60,21.13,57.92
73.50,73.50,35.19,24.66,57.29
74.28,74.28,37.86,24.46,53.99
72.92,72.92,48.02,26.85,60.69
73.79,73.79,60.63,36.78,62.05
75.22,75.22,51.30,35.05,59.11
75.21,75.21,41.31,27.35,60.28
76.73,76.73,38.84,24.87,55.20
75.91,75.91,35.72,22.38,55.71
75.89,75.89,37.53,22.71,57.48
74.37,74.37,37.37,19.70,54.54
74.80,74.80,32.48,17.62,53.66
74.68,74.68,32.95,21.57,47.41
74.21,74.21,33.07,16.88,49.53
73.31,73.31,32.72,22.09,55.09
75.42,75.42,31.43,17.18,56.51
74.90,74.90,33.61,19.32,59.46
68.84,68.84,35.47,19.65,58.75
65.51,65.51,40.75,29.09,56.46
66.29,66.29,41.81,34.27,54.29
64.84,64.84,39.57,31.57,51.59
67.54,67.54,34.97,28.30,56.90
71.42,71.42,27.53,18.16,64.18
80.17,80.17,26.16,18.32,69.21
78.80,78.80,22.61,10.67,77.21
76.39,76.39,21.87,14.62,80.58
76.46,76.46,20.01,22.24,79.81
76.25,76.25,24.76,24.29,78.89
74.62,74.62,24.97,17.00,77.32
71.68,71.68,27.41,29.39,76.81
69.01,69.01,32.72,25.16,78.01
69.17,69.17,34.93,25.07,77.18
66.86,66.86,31.70,23.85,75.34
68.43,68.43,37.56,24.42,74.95
70.82,70.82,26.44,29.23,72.30
76.22,76.22,30.08,22.93,71.41
79.10,79.10,28.65,26.83,69.94
76.61,76.61,24.67,19.88,65.96
75.44,75.44,33.10,21.36,66.92
74.61,74.61,33.79,21.39,63.62
74.11,74.11,33.84,22.94,62.82
72.82,72.82,38.36,24.34,63.99
72.86,72.86,40.82,23.67,60.28
73.16,73.16,40.45,23.90,61.87
74.99,74.99,39.20,23.55,60.40
77.36,77.36,34.27,15.85,60.76
76.68,76.68,34.02,19.53,59.03
76.22,76.22,34.57,22.17,57.44
73.83,73.83,35.67,15.58,58.76
71.45,71.45,40.11,22.40,61.04
68.66,68.66,38.86,25.82,64.09
69.93,69.93,39.09,22.03,63.78
69.82,69.82,38.26,23.34,63.09
71.18,71.18,40.19,22.56,61.52
69.72,69.72,41.49,27.02,61.21
73.42,73.42,35.50,23.90,61.20
74.63,74.63,39.36,22.70,61.49
73.64,73.64,38.00,22.53,59.80
73.89,73.89,38.81,29.01,59.47
74.74,74.74,34.75,28.73,59.15
75.21,75.21,37.41,26.33,57.39
76.81,76.81,32.94,23.05,58.54
76.02,76.02,34.28,20.07,56.31
74.78,74.78,32.57,17.32,58.15
72.29,72.29,39.78,21.84,68.65
72.40,72.40,33.45,16.64,63.43
68.55,68.55,31.00,19.92,64.17
70.23,70.23,25.58,24.85,61.98
63.25,63.25,29.10,22.27,61.10
58.84,58.84,36.78,26.39,63.81
56.40,56.40,37.00,27.11,61.97
57.10,57.10,37.79,32.90,60.95
57.32,57.32,37.41,30.47,58.59
58.70,58.70,35.85,23.27,57.92
73.05,73.05,38.86,22.81,59.69
77.07,77.07,31.65,22.01,59.44
75.41,75.41,29.66,22.91,58.77
76.34,76.34,30.58,31.51,54.68
74.54,74.54,34.65,26.69,50.85
75.44,75.44,35.56,21.17,47.13
74.84,74.84,31.83,15.02,44.89
76.18,76.18,34.53,19.09,47.52
76.30,76.30,40.79,14.60,51.83
75.22,75.22,51.02,18.60,56.01
74.97,74.97,62.06,26.22,65.57
75.00,75.00,52.84,28.95,59.04
75.53,75.53,43.26,19.98,51.52
75.11,75.11,38.39,11.51,50.72
75.26,75.26,34.45,14.45,50.58
75.55,75.55,32.75,12.18,48.68
75.78,75.78,32.85,12.81,47.92
76.11,76.11,28.87,13.55,47.67
75.55,75.55,32.21,25.29,49.10
75.10,75.10,41.65,36.96,55.87
78.07,78.07,58.13,48.24,71.11
75.79,75.79,57.44,54.18,74.48
72.70,72.70,50.30,56.31,76.20
65.65,65.65,45.35,47.47,62.93
60.68,60.68,37.77,36.13,47.76
57.43,57.43,37.47,33.23,50.24
52.75,52.75,37.73,32.61,48.71
58.55,58.55,37.84,27.89,49.01
57.46,57.46,35.37,24.97,46.25
56.29,56.29,35.68,20.43,47.74
69.65,69.65,41.08,14.11,48.30
68.24,68.24,36.06,22.74,53.15
60.71,60.71,31.83,27.58,54.57
69.97,69.97,32.48,24.17,51.46
71.73,71.73,30.07,18.04,50.06
71.93,71.93,28.42,17.21,46.89
72.38,72.38,31.19,13.60,41.21
70.50,70.50,36.04,9.51,47.18
70.36,70.36,41.47,9.67,44.23
70.55,70.55,45.93,9.37,51.68
71.01,71.01,57.21,9.83,56.90
71.13,71.13,53.58,9.84,54.20
70.53,70.53,49.71,9.84,54.44
70.86,70.86,47.09,12.57,50.86
71.30,71.30,48.78,17.65,49.62
70.39,70.39,49.54,27.24,55.57
69.99,69.99,48.08,26.06,59.51
71.02,71.02,46.05,17.84,60.63
71.93,71.93,42.12,4.02,62.02
70.64,70.64,39.19,7.71,64.37
70.66,70.66,37.01,8.48,66.90
69.24,69.24,37.28,11.75,66.10
70.94,70.94,38.45,7.75,67.88
71.71,71.71,30.43,11.12,67.47
71.61,71.61,28.23,12.32,67.20
72.42,72.42,27.32,12.79,67.09
73.00,73.00,28.28,5.63,66.32
73.47,73.47,24.10,16.21,67.92
73.28,73.28,22.51,9.09,67.51
73.85,73.85,25.12,11.90,69.26
74.01,74.01,23.24,10.56,69.19
72.84,72.84,21.13,10.15,68.11
71.88,71.88,21.45,13.92,67.60
70.16,70.16,23.98,19.95,66.54
60.24,60.24,25.76,24.83,65.32
57.75,57.75,26.78,21.70,64.30
58.38,58.38,25.78,20.16,65.58
54.57,54.57,21.28,25.24,63.55
60.75,60.75,20.81,16.66,64.33
68.89,68.89,20.72,26.04,63.68
71.32,71.32,17.32,22.76,63.48
72.33,72.33,18.79,25.05,62.59
73.03,73.03,18.66,28.17,62.32
73.03,73.03,20.02,30.50,61.04
72.42,72.42,18.63,30.77,59.68
73.59,73.59,15.19,32.50,59.92
73.01,73.01,22.09,26.95,60.82
62.50,62.50,22.76,31.51,60.90
57.80,57.80,26.49,29.23,62.20
54.97,54.97,24.74,30.47,64.24
56.40,56.40,22.38,30.66,62.94
61.68,61.68,20.16,34.68,62.08
73.24,73.24,19.44,28.19,61.04
72.53,72.53,19.99,23.66,61.04
74.56,74.56,21.09,27.85,58.34
74.84,74.84,22.64,29.13,57.95
73.93,73.93,25.40,31.14,58.57
72.92,72.92,26.53,32.74,57.84
74.16,74.16,30.99,30.83,60.18
74.31,74.31,29.27,32.10,61.26
73.64,73.64,30.75,34.91,61.53
73.58,73.58,33.60,34.08,61.45
71.31,71.31,33.66,36.08,58.89
67.16,67.16,36.31,35.54,58.52
55.30,55.30,36.48,39.34,55.50
49.82,49.82,37.53,41.03,54.26
52.36,52.36,38.73,35.64,56.83
47.95,47.95,40.93,42.64,58.90
48.34,48.34,43.63,36.99,59.97
54.10,54.10,45.21,42.90,59.87
51.77,51.77,44.11,37.21,60.70
47.75,47.75,44.16,41.10,59.72
45.37,45.37,45.08,40.14,58.83
46.87,46.87,45.20,41.23,56.82
44.57,44.57,44.11,41.86,52.76
48.38,48.38,45.44,40.59,53.06
53.66,53.66,41.34,40.14,51.29
59.95,59.95,42.47,38.62,53.44
64.79,64.79,36.10,35.72,50.19
67.82,67.82,31.40,34.03,49.55
69.42,69.42,33.56,30.40,49.41
69.61,69.61,36.34,34.80,49.73
70.07,70.07,37.47,35.34,51.87
70.17,70.17,39.77,30.64,50.25
69.19,69.19,36.81,36.87,50.89
70.29,70.29,39.90,29.17,48.88
71.71,71.71,39.58,36.82,51.90
71.56,71.56,37.74,29.93,49.73
71.37,71.37,37.74,32.88,50.76
72.14,72.14,36.73,35.26,48.20
71.91,71.91,37.80,28.88,50.36
72.00,72.00,34.36,37.88,48.85
71.63,71.63,37.62,26.19,49.10
71.12,71.12,36.08,36.74,48.62
69.92,69.92,40.20,30.77,48.53
69.37,69.37,40.59,35.09,48.85
68.95,68.95,39.16,34.33,48.30
69.66,69.66,39.95,35.11,49.12
70.09,70.09,38.57,35.25,46.86
69.72,69.72,41.70,34.82,48.24
69.53,69.53,39.06,36.18,48.66
69.35,69.35,41.86,34.37,47.76
68.69,68.69,41.46,36.14,47.51
67.89,67.89,38.84,32.29,46.98
67.58,67.58,42.45,37.20,46.67
67.41,67.41,38.57,31.41,45.79
67.50,67.50,42.50,36.78,47.18
67.09,67.09,43.00,31.37,45.64
66.54,66.54,41.49,36.04,47.27
66.97,66.97,41.06,31.72,44.98
68.05,68.05,40.35,32.43,48.28
67.31,67.31,41.89,34.89,46.04
66.20,66.20,40.44,29.60,45.13
66.53,66.53,41.89,37.46,47.11
67.71,67.71,42.65,26.87,45.08
67.49,67.49,41.13,36.98,45.31
67.47,67.47,42.81,27.10,44.59
66.92,66.92,40.82,36.00,45.09
66.31,66.31,41.75,30.07,44.35
66.76,66.76,43.51,34.23,43.79
66.29,66.29,42.90,32.55,45.27
65.91,65.91,44.07,31.23,43.85
65.61,65.61,43.00,34.03,44.00
66.07,66.07,39.48,27.87,44.85
65.93,65.93,40.12,35.90,44.90
65.79,65.79,44.62,29.17,43.43
67.00,67.00,46.08,35.19,45.82
67.23,67.23,48.82,25.88,45.85
65.72,65.72,45.26,35.13,41.50
63.76,63.76,38.64,26.47,42.18
62.41,62.41,46.19,34.87,39.80
60.83,60.83,43.83,29.73,36.11
58.09,58.09,47.23,32.43,35.13
50.96,50.96,51.02,34.47,35.14
48.17,48.17,51.04,32.63,34.41
47.18,47.18,45.47,36.64,33.87
47.18,47.18,46.57,28.88,33.28
48.48,48.48,44.76,40.90,34.56
48.84,48.84,40.65,41.57,33.66
45.75,45.75,32.29,47.99,37.41
40.47,40.47,39.90,58.35,42.41
36.68,36.68,54.12,81.47,44.23
35.21,35.21,46.10,86.70,40.15
40.87,40.87,40.98,85.10,36.33
42.00,42.00,41.12,84.62,36.24
43.95,43.95,37.12,85.24,34.65
45.17,45.17,37.85,84.00,37.07
47.18,47.18,34.93,83.71,36.46
46.37,46.37,35.02,83.74,35.50
46.18,46.18,35.81,83.76,35.87
44.28,44.28,36.12,80.72,37.00
42.05,42.05,35.50,82.02,37.54
41.33,41.33,38.63,80.58,36.62
39.98,39.98,40.17,78.88,36.96
42.89,42.89,39.54,77.67,33.09
41.36,41.36,42.25,77.87,33.50
41.47,41.47,41.19,78.62,35.74
40.56,40.56,40.70,77.83,36.68
45.26,45.26,36.77,76.84,37.30
50.07,50.07,31.46,75.52,34.84
54.50,54.50,27.34,77.19,32.16
68.56,68.56,36.38,76.01,34.00
72.42,72.42,33.90,75.53,35.30
73.42,73.42,32.19,75.24,37.76
74.54,74.54,30.99,75.36,39.89
74.27,74.27,31.03,73.77,46.31
73.23,73.23,29.30,73.64,48.24
72.70,72.70,29.76,74.45,50.98
72.84,72.84,30.66,73.83,51.88
71.97,71.97,32.76,70.35,54.81
70.42,70.42,37.10,71.02,59.22
71.60,71.60,38.46,69.88,64.65
70.96,70.96,36.88,69.97,67.56
71.14,71.14,34.47,68.15,69.78
68.62,68.62,32.16,71.64,71.01
69.23,69.23,29.26,68.53,73.42
68.28,68.28,36.80,65.38,76.35
70.12,70.12,52.56,66.06,77.59
70.20,70.20,60.52,63.79,78.07
69.57,69.57,63.31,59.47,74.66
73.72,73.72,83.42,71.18,77.38
75.37,75.37,88.58,74.81,77.23
74.92,74.92,82.89,75.91,76.58
76.02,76.02,76.76,80.35,75.65
75.38,75.38,73.66,83.91,74.90
73.18,73.18,70.40,80.28,75.22
72.64,72.64,69.95,80.21,73.93
74.57,74.57,68.66,83.35,73.91
73.62,73.62,69.24,80.54,72.08
75.03,75.03,69.05,79.97,71.65
74.89,74.89,67.87,82.35,70.44
75.16,75.16,69.45,82.31,70.88
72.97,72.97,69.93,79.37,70.15
62.52,62.52,69.36,82.19,67.78
55.11,55.11,68.64,81.91,70.35
55.34,55.34,66.41,79.85,68.18
51.02,51.02,67.16,82.10,67.93
54.41,54.41,66.65,81.49,68.12
61.11,61.11,66.49,80.90,66.92
75.79,75.79,67.71,81.20,68.02
77.97,77.97,66.17,81.88,70.84
76.06,76.06,64.79,80.62,70.49
77.48,77.48,65.12,81.88,75.43
77.22,77.22,65.34,81.79,76.83
76.86,76.86,64.59,80.15,74.86
76.78,76.78,64.75,82.14,75.72
77.47,77.47,63.38,82.30,72.52
77.71,77.71,63.72,80.04,72.08
77.19,77.19,64.04,81.07,72.33
77.46,77.46,61.28,82.97,70.63
77.56,77.56,65.11,80.91,71.28
76.21,76.21,64.09,80.28,68.60
72.45,72.45,62.46,82.69,70.27
62.48,62.48,61.84,81.99,69.86
55.97,55.97,63.81,79.76,68.03
55.68,55.68,63.11,82.29,69.73
61.65,61.65,61.44,81.51,67.27
68.20,68.20,61.10,81.64,68.80
66.92,66.92,60.98,81.85,69.47
63.12,63.12,69.68,78.95,66.49
65.34,65.34,83.30,78.50,69.79
68.96,68.96,87.02,79.54,73.36
74.23,74.23,84.19,80.89,73.57
68.54,68.54,77.80,81.00,73.55
71.09,71.09,71.28,82.80,73.41
71.31,71.31,66.87,81.91,74.26
72.28,72.28,70.54,80.71,73.89
71.01,71.01,63.04,81.35,74.08
72.85,72.85,63.09,82.23,73.40
71.85,71.85,59.05,81.32,72.15
71.32,71.32,55.42,80.89,72.78
76.53,76.53,54.15,82.20,71.12
76.31,76.31,51.94,81.48,69.96
76.38,76.38,50.88,80.93,68.87
76.43,76.43,50.54,81.94,66.10
76.34,76.34,51.42,82.00,67.69
74.12,74.12,50.44,80.89,67.80
73.14,73.14,48.08,81.46,68.61
75.13,75.13,46.86,81.07,68.66
76.00,76.00,48.70,82.77,69.39
75.86,75.86,51.20,81.80,69.14
74.82,74.82,51.65,80.31,69.60
72.64,72.64,47.88,81.66,71.61
72.40,72.40,46.82,82.77,74.37
70.14,70.14,48.34,80.66,76.22
69.87,69.87,48.72,80.85,76.75
60.93,60.93,47.73,82.11,75.88
57.38,57.38,49.04,81.82,75.27
60.80,60.80,47.80,80.94,71.35
63.51,63.51,45.67,80.35,71.02
76.40,76.40,43.35,82.28,69.54
76.55,76.55,44.99,81.75,69.50
74.86,74.86,46.39,80.54,71.53
74.16,74.16,43.96,80.42,70.73
74.52,74.52,42.56,81.81,69.93
74.45,74.45,40.21,80.73,70.79
74.84,74.84,39.12,79.83,70.38
74.64,74.64,47.29,80.40,70.47
76.37,76.37,58.46,81.71,71.06
76.40,76.40,67.87,80.24,71.06
75.68,75.68,79.37,81.98,72.73
76.60,76.60,82.70,82.24,73.49
76.40,76.40,82.93,82.59,75.37
75.38,75.38,76.33,80.95,76.59
72.72,72.72,69.50,81.47,78.47
70.75,70.75,65.60,81.15,77.23
71.10,71.10,71.23,80.70,75.46
77.27,77.27,61.60,80.71,74.79
78.36,78.36,63.78,80.62,72.88
79.32,79.32,56.93,81.38,70.51
78.59,78.59,55.16,80.86,69.36
76.51,76.51,54.27,80.46,68.53
76.50,76.50,47.63,80.06,69.33
76.46,76.46,46.30,82.31,69.12
75.02,75.02,42.80,78.80,68.90
75.60,75.60,44.55,71.50,66.45
76.58,76.58,47.31,64.50,70.01
76.33,76.33,51.61,77.92,70.08
75.82,75.82,54.06,78.64,74.05
74.02,74.02,53.11,78.24,74.44
74.97,74.97,57.11,82.44,73.91
73.87,73.87,55.28,80.59,73.39
73.53,73.53,50.65,79.16,75.17
76.17,76.17,46.62,81.27,75.30
78.67,78.67,40.26,79.35,74.81
77.68,77.68,39.88,78.20,72.56
76.59,76.59,40.22,80.71,70.57
75.55,75.55,40.19,79.02,72.76
75.37,75.37,41.41,77.98,69.63
75.10,75.10,45.34,80.37,69.33
74.15,74.15,47.28,80.13,70.71
74.26,74.26,44.31,78.09,69.55
73.43,73.43,43.48,79.22,68.42
72.20,72.20,40.22,80.64,70.61
73.97,73.97,38.06,77.99,68.28
73.53,73.53,36.09,76.98,68.77
71.40,71.40,37.51,80.84,69.98
71.75,71.75,45.14,78.44,68.73
75.73,75.73,56.47,75.54,69.35
75.34,75.34,68.95,79.95,68.17
71.23,71.23,80.59,79.24,71.11
62.71,62.71,84.56,79.82,68.62
56.47,56.47,82.29,78.98,69.73
54.71,54.71,76.85,77.31,70.10
51.24,51.24,69.23,78.02,70.43
54.08,54.08,66.45,78.83,72.05
55.07,55.07,71.17,74.93,68.91
55.00,55.00,62.06,71.54,70.85
60.50,60.50,62.73,71.84,69.34
68.70,68.70,55.90,77.33,68.43
76.86,76.86,52.66,80.94,71.74
73.97,73.97,52.18,84.41,71.61
68.07,68.07,52.73,83.06,72.56
69.99,69.99,47.62,82.64,73.38
71.87,71.87,43.25,82.26,73.19
73.28,73.28,41.50,80.09,71.67
73.42,73.42,41.65,81.48,72.43
73.17,73.17,37.44,82.05,72.73
71.13,71.13,41.05,80.74,70.72
69.53,69.53,48.15,81.80,72.55
74.20,74.20,53.37,80.61,75.77
73.78,73.78,56.84,81.62,75.15
74.96,74.96,49.90,81.02,74.60
74.70,74.70,43.86,79.16,71.97
73.84,73.84,41.12,80.53,74.17
73.43,73.43,40.87,77.37,72.37
73.43,73.43,41.22,69.18,75.15
71.64,71.64,43.40,60.64,73.70
73.06,73.06,48.86,64.78,74.82
74.52,74.52,52.04,70.00,74.60
71.00,71.00,61.62,74.65,74.40
69.08,69.08,55.48,82.93,74.21
72.62,72.62,51.72,81.56,74.61
72.97,72.97,46.34,79.04,74.03
70.89,70.89,40.87,82.33,74.13
71.40,71.40,40.34,79.16,73.56
68.51,68.51,38.82,78.97,72.94
65.60,65.60,53.12,80.11,74.00
69.80,69.80,61.44,74.67,76.14
73.78,73.78,66.05,73.92,72.43
71.01,71.01,79.75,73.64,74.56
68.50,68.50,85.03,79.63,74.65
70.00,70.00,80.65,80.63,76.33
70.00,70.00,75.33,82.52,79.45
70.45,70.45,73.44,84.43,78.55
70.16,70.16,63.70,85.20,74.49
71.38,71.38,71.01,84.93,74.70
72.39,72.39,62.86,83.70,73.62
71.50,71.50,64.02,84.57,74.74
69.02,69.02,59.32,85.04,72.98
61.12,61.12,54.27,83.84,74.04
59.57,59.57,50.36,83.54,72.99
51.86,51.86,40.84,83.82,70.96
46.78,46.78,41.39,82.95,71.92
44.36,44.36,33.25,83.43,70.76
46.00,46.00,30.37,84.00,69.56
46.45,46.45,28.56,83.22,71.08
54.24,54.24,30.50,84.30,69.11
65.02,65.02,35.42,84.33,70.00
74.57,74.57,48.22,83.97,70.28
78.23,78.23,54.31,83.41,72.97
76.19,76.19,51.63,83.90,74.76
74.19,74.19,44.91,84.14,75.31
73.94,73.94,35.60,82.67,77.51
74.15,74.15,29.95,83.53,77.24
73.69,73.69,27.41,83.34,78.04
74.75,74.75,26.64,83.73,74.73
74.75,74.75,29.80,83.58,74.68
75.05,75.05,33.39,83.58,73.16
75.41,75.41,40.24,83.10,74.59
75.64,75.64,42.42,83.07,73.73
76.79,76.79,37.84,83.40,73.68
75.38,75.38,33.15,82.71,73.44
74.36,74.36,30.83,82.21,70.98
72.63,72.63,30.22,83.45,70.25
69.08,69.08,32.67,82.10,72.45
66.57,66.57,32.76,82.40,72.33
63.03,63.03,43.79,82.66,70.62
64.71,64.71,60.80,81.69,70.01
70.46,70.46,70.64,80.72,70.06
73.72,73.72,78.79,81.89,70.91
75.04,75.04,83.26,81.38,73.35
73.75,73.75,82.48,80.94,74.15
74.37,74.37,76.01,80.97,74.59
76.00,76.00,71.79,81.11,74.97
75.64,75.64,64.66,80.13,75.30
75.07,75.07,70.20,81.32,74.01
73.95,73.95,62.04,81.48,72.40
73.76,73.76,63.59,81.33,73.25
65.02,65.02,57.37,81.46,72.32
56.85,56.85,54.80,81.59,71.57
53.17,53.17,46.94,81.33,71.39
55.39,55.39,36.90,81.92,71.35
59.42,59.42,41.51,81.93,69.86
60.25,60.25,29.78,80.63,70.25
58.86,58.86,26.89,81.51,70.47
58.80,58.80,25.18,82.18,70.06
62.00,62.00,27.60,82.05,69.19
61.00,61.00,35.65,81.85,70.63
68.28,68.28,43.26,81.89,70.30
73.79,73.79,52.91,82.18,71.17
74.60,74.60,57.00,82.71,73.87
72.08,72.08,49.83,82.41,75.61
70.92,70.92,45.52,81.63,77.30
70.34,70.34,40.76,81.62,76.19
70.12,70.12,35.33,82.79,75.16
69.79,69.79,28.74,81.55,74.36
72.66,72.66,23.11,81.27,73.41
73.59,73.59,22.83,81.82,71.37
75.00,75.00,29.48,82.20,69.88
80.15,80.15,36.95,81.89,70.29
79.58,79.58,34.83,81.65,72.87
78.91,78.91,32.04,81.45,73.88
79.61,79.61,30.14,81.41,74.82
78.57,78.57,28.58,81.95,72.09
79.08,79.08,27.16,81.66,72.77
77.38,77.38,30.34,80.03,71.78
79.09,79.09,41.94,81.19,71.51
78.88,78.88,59.66,81.48,73.43
77.73,77.73,67.39,80.31,72.45
73.20,73.20,80.40,81.96,75.34
66.40,66.40,82.21,82.54,72.75
69.65,69.65,82.23,81.54,73.59
69.37,69.37,74.83,81.20,74.72
65.64,65.64,71.69,81.43,75.84
62.43,62.43,62.91,80.16,75.40
57.40,57.40,70.48,80.93,74.66
52.23,52.23,62.26,81.99,73.65
56.68,56.68,64.52,81.03,73.18
65.68,65.68,56.02,80.93,74.01
80.27,80.27,49.20,80.58,73.12
82.17,82.17,54.12,81.29,72.50
80.24,80.24,45.21,81.10,70.63
79.12,79.12,34.26,80.92,71.09
79.65,79.65,30.66,80.06,72.15
77.98,77.98,35.13,80.47,72.88
78.43,78.43,29.11,81.42,72.75
77.10,77.10,29.47,77.27,72.83
78.47,78.47,41.52,75.65,72.37
79.58,79.58,49.54,80.51,72.13
78.90,78.90,56.82,83.51,76.21
78.24,78.24,55.60,83.60,76.39
70.80,70.80,49.08,81.36,76.72
64.28,64.28,40.45,81.38,80.12
68.96,68.96,33.39,82.61,78.38
72.60,72.60,29.33,82.07,77.21
72.32,72.32,28.30,82.26,76.56
75.60,75.60,28.46,81.84,75.17
75.66,75.66,32.16,81.17,73.29
74.90,74.90,37.30,82.59,72.35
77.84,77.84,42.09,82.63,73.17
76.14,76.14,42.18,81.74,74.29
74.73,74.73,42.78,80.96,74.27
74.93,74.93,42.75,82.33,74.69
75.31,75.31,47.16,81.98,75.58
75.96,75.96,47.70,81.36,74.50
75.84,75.84,48.79,82.01,73.43
74.84,74.84,53.93,81.71,72.67
77.12,77.12,61.58,82.00,73.11
76.42,76.42,74.00,78.49,73.22
73.39,73.39,82.52,75.02,74.49
71.04,71.04,87.40,74.69,71.61
64.72,64.72,83.27,78.55,72.16
60.30,60.30,76.84,81.91,72.49
59.93,59.93,65.07,80.70,71.27
58.43,58.43,68.28,81.34,73.60
59.18,59.18,70.82,81.75,74.47
62.05,62.05,62.66,81.76,73.62
63.28,63.28,62.05,81.81,73.39
63.65,63.65,52.96,80.68,71.85
65.90,65.90,46.01,78.97,72.84
71.41,71.41,41.46,80.25,75.14
71.27,71.27,38.72,82.07,74.80
71.77,71.77,32.67,83.31,74.91
73.51,73.51,29.37,79.99,75.74
71.65,71.65,30.42,80.70,75.39
71.70,71.70,30.97,81.85,76.05
69.65,69.65,30.21,81.50,77.89
65.93,65.93,36.84,81.33,77.29
72.41,72.41,45.61,80.81,76.81
76.81,76.81,53.77,79.99,77.03
71.65,71.65,54.80,81.94,76.49
73.12,73.12,47.60,82.75,76.26
74.30,74.30,42.24,80.74,77.56
73.51,73.51,35.36,79.96,79.75
73.05,73.05,32.51,82.32,79.16
72.67,72.67,31.74,81.91,78.27
73.79,73.79,27.77,81.19,78.41
75.19,75.19,26.97,81.25,78.24
75.77,75.77,32.04,81.21,77.32
80.84,80.84,39.28,77.22,78.34
78.99,78.99,39.00,65.91,78.06
79.46,79.46,37.34,71.45,78.73
77.83,77.83,34.26,72.95,78.73
78.72,78.72,30.30,71.57,77.04
78.82,78.82,28.02,71.79,78.46
79.67,79.67,30.47,70.87,76.41
79.87,79.87,41.98,68.63,76.83
80.56,80.56,56.48,74.53,75.77
78.59,78.59,60.17,77.49,75.30
76.31,76.31,80.82,84.51,76.59
75.71,75.71,81.88,83.58,76.08
79.13,79.13,82.69,83.61,78.54
78.64,78.64,78.17,82.61,77.78
78.29,78.29,66.50,83.37,77.55
78.56,78.56,67.34,82.84,75.70
78.61,78.61,71.60,83.38,73.75
79.46,79.46,62.20,83.22,73.39
80.69,80.69,63.68,83.81,74.50
79.87,79.87,57.52,82.64,74.28
78.49,78.49,52.46,82.12,74.16
77.57,77.57,47.14,83.00,73.85
77.89,77.89,41.18,83.83,72.74
78.59,78.59,41.39,83.33,72.70
77.94,77.94,38.85,81.61,72.87
72.69,72.69,32.75,82.97,71.17
67.90,67.90,32.18,81.78,72.37
71.44,71.44,33.56,82.15,70.79
76.46,76.46,39.58,82.68,70.74
80.24,80.24,48.39,82.74,71.48
78.91,78.91,52.07,80.89,73.34
78.05,78.05,51.42,81.56,74.77
74.17,74.17,47.06,82.44,75.72
69.46,69.46,40.72,82.45,76.33
58.80,58.80,34.67,82.12,76.14
55.15,55.15,29.02,80.78,76.17
46.47,46.47,27.99,81.64,75.52
46.86,46.86,28.28,80.18,75.78
46.75,46.75,34.50,81.16,73.93
50.32,50.32,41.25,81.74,75.91
58.89,58.89,44.85,82.01,73.35
60.81,60.81,44.41,79.86,72.88
76.61,76.61,43.19,80.77,73.06
82.21,82.21,38.25,80.81,73.54
79.63,79.63,38.35,81.61,74.56
78.07,78.07,37.26,80.92,75.51
73.34,73.34,37.76,80.93,76.66
75.42,75.42,42.36,81.26,75.71
76.33,76.33,58.33,79.16,73.93
78.03,78.03,75.45,76.93,73.00
77.42,77.42,82.10,74.24,73.61
77.43,77.43,85.65,75.46,76.62
76.73,76.73,81.81,78.21,80.07
78.20,78.20,78.61,80.54,79.93
77.66,77.66,71.65,81.28,80.70
77.98,77.98,66.47,81.40,78.43
77.52,77.52,71.48,81.48,74.99
76.54,76.54,62.11,81.86,74.31
75.57,75.57,62.97,81.84,73.65
76.60,76.60,55.00,80.24,71.22
77.22,77.22,51.92,82.34,72.80
77.41,77.41,47.33,82.78,72.08
79.22,79.22,41.36,82.37,70.02
78.14,78.14,39.60,80.66,71.60
75.68,75.68,32.28,82.19,72.87
75.72,75.72,31.99,82.16,75.71
75.89,75.89,28.62,81.80,76.22
74.56,74.56,27.76,82.40,73.32
73.77,73.77,28.10,82.60,73.75
74.32,74.32,37.52,81.84,74.05
75.56,75.56,47.85,80.66,74.80
75.02,75.02,52.22,83.00,75.78
75.43,75.43,48.24,82.95,77.08
75.75,75.75,41.04,82.26,77.63
75.75,75.75,36.93,80.57,76.59
77.10,77.10,35.71,82.10,76.77
77.25,77.25,36.77,81.91,74.64
73.64,73.64,33.75,81.72,76.50
74.91,74.91,27.59,82.49,77.05
76.55,76.55,30.84,82.33,76.89
76.43,76.43,37.03,81.31,76.41
79.53,79.53,41.00,80.59,76.64
77.83,77.83,42.10,82.04,76.50
75.41,75.41,41.04,82.27,75.76
75.58,75.58,36.60,81.64,76.77
76.39,76.39,32.04,80.74,76.69
76.31,76.31,36.25,81.60,76.23
76.64,76.64,48.30,81.27,75.56
77.64,77.64,64.19,74.67,75.14
79.16,79.16,75.62,70.99,76.91
77.09,77.09,81.20,70.96,76.70
76.73,76.73,86.17,68.00,76.39
78.31,78.31,80.06,75.73,75.67
78.22,78.22,76.46,79.48,76.08
78.68,78.68,72.40,81.03,77.23
79.50,79.50,65.63,81.79,76.78
78.96,78.96,71.77,81.99,75.74
78.65,78.65,61.94,79.47,76.23
78.07,78.07,62.22,80.98,76.93
78.37,78.37,57.98,80.16,78.63
77.47,77.47,53.64,81.18,76.32
75.19,75.19,48.02,80.84,76.89
61.98,61.98,42.14,80.81,76.43
54.07,54.07,43.61,80.48,78.13
53.67,53.67,44.16,79.12,76.52
49.93,49.93,40.51,80.35,75.74
43.06,43.06,37.12,81.48,73.93
49.16,49.16,35.30,81.05,77.10
56.78,56.78,32.14,78.42,75.99
66.10,66.10,39.66,80.63,77.56
73.63,73.63,46.94,79.36,78.30
79.19,79.19,44.27,80.67,73.70
78.05,78.05,40.72,79.83,74.67
75.05,75.05,38.41,80.46,76.55
75.23,75.23,33.82,80.16,77.94
76.07,76.07,32.58,78.97,76.75
75.15,75.15,30.85,80.59,77.98
77.12,77.12,28.14,80.74,75.72
77.22,77.22,30.57,79.99,74.86
76.25,76.25,36.20,79.86,74.48
76.42,76.42,40.98,78.07,75.23
77.25,77.25,40.05,72.96,74.66
76.55,76.55,41.48,79.60,78.46
77.02,77.02,36.73,79.76,78.05
75.56,75.56,31.27,80.87,79.10
76.19,76.19,27.98,78.88,79.83
76.79,76.79,31.37,80.06,79.80
76.15,76.15,38.35,80.83,80.70
73.31,73.31,58.84,78.25,79.68
63.94,63.94,74.20,77.40,78.78
66.52,66.52,82.31,77.93,78.08
73.37,73.37,84.24,77.25,77.55
75.78,75.78,84.32,76.76,77.74
74.97,74.97,76.55,78.64,77.96
74.66,74.66,67.99,75.88,80.30
73.87,73.87,65.71,78.43,81.29
74.81,74.81,71.15,77.70,80.27
73.28,73.28,61.93,77.62,77.40
72.62,72.62,63.29,74.91,75.75
74.42,74.42,55.95,77.69,73.77
72.96,72.96,65.25,80.72,75.89
70.13,70.13,66.12,78.77,76.82
68.86,68.86,67.08,78.31,76.31
63.29,63.29,60.52,78.72,75.95
59.57,59.57,45.46,78.29,74.83
56.45,56.45,38.06,76.41,74.90
56.01,56.01,35.01,79.29,74.58
58.88,58.88,35.27,67.78,73.98
60.31,60.31,36.01,67.34,72.25
58.61,58.61,41.45,74.74,72.69
64.35,64.35,49.35,76.45,74.90
77.10,77.10,52.98,77.59,75.30
81.59,81.59,47.04,75.97,74.79
81.07,81.07,41.22,75.80,75.76
79.16,79.16,36.13,78.40,76.83
80.08,80.08,31.45,76.73,75.84
80.33,80.33,34.63,76.25,76.33
80.12,80.12,34.00,76.80,76.92
79.79,79.79,38.27,76.02,78.07
80.40,80.40,42.06,77.25,79.98
79.51,79.51,48.55,76.64,78.71
78.95,78.95,45.89,76.60,76.13
78.25,78.25,42.64,77.23,75.64
78.98,78.98,38.38,77.06,76.90
78.88,78.88,37.44,75.97,76.10
78.68,78.68,36.20,76.11,75.65
78.68,78.68,35.16,72.47,74.83
80.14,80.14,48.09,69.05,74.97
79.74,79.74,61.60,62.96,75.23
80.61,80.61,71.80,64.82,75.64
80.68,80.68,84.78,68.05,74.92
80.43,80.43,87.31,73.55,76.77
78.73,78.73,84.49,81.87,75.92
77.54,77.54,75.54,82.60,76.43
79.69,79.69,71.17,84.05,77.87
82.01,82.01,65.86,82.92,77.44
83.30,83.30,70.13,82.83,77.21
81.81,81.81,62.00,83.55,77.94
82.16,82.16,61.77,82.05,75.47
81.51,81.51,56.42,81.30,74.45
80.53,80.53,52.37,78.57,74.99
79.49,79.49,45.17,67.06,73.29
79.70,79.70,44.08,69.12,72.38
79.37,79.37,44.41,59.28,67.97
79.40,79.40,43.88,58.26,61.41
78.71,78.71,45.92,54.47,62.90
79.52,79.52,45.91,50.01,62.81
78.42,78.42,45.54,46.01,59.73
79.45,79.45,50.71,47.57,63.59
78.52,78.52,48.36,36.49,64.28
79.20,79.20,45.33,37.96,61.47
78.66,78.66,45.56,36.15,62.22
79.96,79.96,45.22,38.55,59.48
79.57,79.57,48.46,37.99,61.98
79.49,79.49,51.99,29.91,61.39
78.90,78.90,50.85,30.13,59.35
79.36,79.36,49.05,25.50,60.56
79.15,79.15,43.70,25.49,59.73
79.58,79.58,50.83,29.48,62.38
79.28,79.28,46.12,24.99,60.79
79.16,79.16,48.32,25.06,62.89
78.58,78.58,49.91,25.29,60.76
79.33,79.33,47.05,23.19,61.52
79.06,79.06,46.98,21.74,63.03
78.37,78.37,46.91,23.77,63.25
78.95,78.95,45.09,29.97,64.34
79.32,79.32,46.48,46.13,65.53
80.07,80.07,49.48,50.86,68.41
78.40,78.40,61.86,58.14,69.67
77.67,77.67,69.47,69.76,73.55
77.14,77.14,83.05,75.34,76.81
78.54,78.54,88.56,78.66,77.80
79.69,79.69,83.53,80.56,76.55
82.07,82.07,79.51,82.53,77.42
81.79,81.79,73.95,83.45,77.22
81.16,81.16,66.18,82.63,79.77
80.02,80.02,69.92,83.87,78.20
80.42,80.42,65.89,82.69,78.42
80.71,80.71,64.72,83.00,79.10
82.84,82.84,63.23,82.79,79.64
82.43,82.43,62.55,82.20,78.57
81.37,81.37,62.18,82.31,77.99
78.42,78.42,62.29,83.16,77.67
77.76,77.76,60.22,83.66,77.71
76.47,76.47,61.52,81.99,77.42
75.00,75.00,61.05,81.80,76.56
80.42,80.42,60.78,82.74,79.24
80.92,80.92,60.14,82.00,77.97
78.56,78.56,59.36,82.73,78.01
78.64,78.64,59.48,81.67,77.21
78.64,78.64,58.91,81.95,76.43
80.15,80.15,59.21,81.48,76.58
81.10,81.10,58.99,80.88,76.56
82.82,82.82,56.80,80.53,75.26
83.12,83.12,57.15,81.16,75.79
80.86,80.86,58.77,81.76,75.57
80.35,80.35,56.45,80.21,75.60
81.99,81.99,56.19,80.18,75.58
81.48,81.48,56.68,80.39,76.09
80.03,80.03,56.34,80.59,75.54
80.74,80.74,55.24,80.87,75.71
80.95,80.95,56.82,80.41,75.74
80.93,80.93,54.97,80.16,75.59
79.83,79.83,53.61,80.20,73.94
79.58,79.58,51.71,78.94,75.45
79.94,79.94,51.65,78.78,77.29
79.46,79.46,50.25,79.23,75.98
79.64,79.64,49.75,80.05,77.14
78.39,78.39,49.17,78.52,73.94
79.52,79.52,49.48,77.96,74.03
78.27,78.27,49.26,78.35,73.96
78.08,78.08,46.20,79.64,74.35
79.16,79.16,45.52,79.02,74.31
80.49,80.49,45.32,79.32,73.42
79.27,79.27,45.72,78.24,72.31
78.77,78.77,46.81,78.60,74.79
76.33,76.33,45.28,77.26,75.34
74.99,74.99,41.92,77.24,71.47
74.44,74.44,42.01,77.07,73.51
74.03,74.03,42.63,78.03,72.58
70.98,70.98,44.91,76.87,72.61
68.64,68.64,45.62,76.05,73.76
60.11,60.11,45.48,76.67,72.27
52.14,52.14,42.61,78.21,72.35
54.18,54.18,40.54,78.04,74.33
58.90,58.90,40.48,77.78,76.31
59.12,59.12,39.21,77.01,75.01
51.05,51.05,44.88,77.30,73.81
48.81,48.81,59.09,74.40,71.78
47.76,47.76,66.99,73.25,69.79
59.38,59.38,73.69,77.51,70.01
60.13,60.13,74.44,77.74,73.71
61.54,61.54,75.74,80.56,73.73
55.04,55.04,77.17,81.70,72.89
53.88,53.88,76.38,80.13,73.07
50.19,50.19,74.25,80.66,72.46
46.43,46.43,70.61,79.70,76.59
44.33,44.33,71.25,80.02,74.11
46.28,46.28,69.91,81.31,72.11
46.41,46.41,69.17,79.22,73.90
55.52,55.52,63.62,79.24,74.45
55.09,55.09,63.29,78.90,73.89
56.68,56.68,67.37,78.11,75.43
47.72,47.72,68.68,80.59,72.99
40.94,40.94,60.56,80.28,73.18
47.56,47.56,51.67,81.02,74.22
44.57,44.57,55.55,81.03,74.87
47.27,47.27,60.11,82.64,74.19
40.55,40.55,66.18,83.88,71.94
38.98,38.98,77.25,84.88,74.16
39.58,39.58,84.47,83.18,72.97
43.80,43.80,82.16,75.77,74.60
49.22,49.22,83.02,85.72,75.02
52.02,52.02,80.09,86.83,74.69
58.91,58.91,74.64,86.93,72.95
61.50,61.50,70.10,86.98,74.37
64.30,64.30,66.23,85.77,72.74
64.34,64.34,68.40,84.81,73.82
65.45,65.45,68.28,86.34,74.63
61.78,61.78,67.49,83.58,72.51
60.93,60.93,66.65,85.26,74.31
58.39,58.39,63.84,83.59,72.55
58.06,58.06,55.06,84.19,73.75
55.31,55.31,54.20,82.07,74.45
49.59,49.59,59.79,81.97,71.88
46.20,46.20,61.02,82.41,73.30
54.90,54.90,58.79,82.77,73.89
57.60,57.60,57.20,82.54,74.65
63.70,63.70,65.66,80.31,70.80
71.89,71.89,69.14,78.00,71.07
72.38,72.38,82.33,76.52,72.61
74.27,74.27,83.46,73.84,71.52
74.79,74.79,83.18,74.94,72.59
73.98,73.98,78.34,76.20,71.09
72.78,72.78,70.68,76.42,71.21
74.71,74.71,66.99,76.91,73.10
76.25,76.25,71.54,73.75,72.43
75.81,75.81,64.87,74.06,74.32
75.71,75.71,63.85,76.37,74.22
74.62,74.62,60.24,75.49,73.33
73.48,73.48,54.65,71.54,75.01
74.67,74.67,56.56,74.98,73.92
74.06,74.06,48.21,73.60,73.36
75.19,75.19,47.17,73.44,72.95
75.32,75.32,43.55,73.48,73.07
69.26,69.26,42.43,74.28,75.19
61.02,61.02,43.52,70.18,75.42
58.76,58.76,50.63,68.03,76.07
57.95,57.95,61.21,66.53,74.92
65.62,65.62,68.74,59.88,75.02
81.58,81.58,79.81,72.24,76.84
82.17,82.17,87.76,70.05,78.85
79.41,79.41,80.47,76.13,79.00
80.60,80.60,76.43,81.12,77.57
77.70,77.70,75.72,81.62,77.89
76.96,76.96,75.07,82.29,76.30
76.37,76.37,75.25,80.77,76.97
74.62,74.62,74.62,81.99,77.43
75.55,75.55,73.78,82.52,76.39
81.14,81.14,73.70,83.19,76.27
82.69,82.69,73.74,80.66,74.64
81.60,81.60,73.13,81.74,75.53
81.25,81.25,72.70,82.07,77.02
81.54,81.54,71.71,81.47,77.13
80.60,80.60,71.43,82.17,75.06
80.21,80.21,70.28,82.03,74.29
69.50,69.50,71.28,81.87,73.93
68.24,68.24,68.89,80.31,73.96
68.54,68.54,68.12,81.32,74.32
70.19,70.19,74.02,78.24,76.95
69.54,69.54,80.52,75.40,75.79
74.22,74.22,82.39,75.68,75.13
83.48,83.48,81.55,78.83,78.31
80.89,80.89,70.69,81.66,77.90
78.68,78.68,73.59,82.28,75.90
81.69,81.69,70.01,80.82,77.34
81.09,81.09,70.75,80.78,76.54
80.85,80.85,65.90,82.09,76.86
80.33,80.33,65.38,82.08,78.40
80.01,80.01,66.54,80.82,77.93
79.28,79.28,65.66,80.69,78.21
78.19,78.19,66.29,80.54,77.60
76.48,76.48,65.87,81.45,78.00
76.92,76.92,65.92,82.12,78.07
75.64,75.64,64.18,80.49,74.46
64.67,64.67,64.95,81.37,74.46
61.83,61.83,64.34,80.07,74.45
57.54,57.54,65.97,79.93,73.80
60.17,60.17,66.47,81.61,75.77
65.18,65.18,68.29,81.24,75.76
68.09,68.09,75.43,74.40,78.54
75.44,75.44,83.20,72.77,78.88
81.87,81.87,79.60,78.67,78.39
81.03,81.03,74.65,81.74,77.39
80.65,80.65,68.83,80.73,78.76
80.33,80.33,64.16,80.35,78.79
80.13,80.13,62.09,81.88,78.04
80.02,80.02,60.58,82.18,78.48
80.49,80.49,60.30,82.92,78.51
80.18,80.18,58.94,80.11,78.55
80.43,80.43,57.90,81.06,79.23
80.42,80.42,59.14,80.69,78.46
81.19,81.19,56.77,80.92,78.05
80.48,80.48,54.81,81.68,77.40
82.11,82.11,54.60,81.57,78.19
81.94,81.94,54.18,81.20,78.34
74.87,74.87,55.25,79.90,77.46
74.77,74.77,56.49,81.29,77.41
70.56,70.56,66.64,80.98,75.80
78.53,78.53,76.65,75.96,75.43
78.77,78.77,80.90,74.21,77.54
78.36,78.36,88.12,71.29,78.16
80.20,80.20,80.02,77.25,78.35
78.88,78.88,77.20,81.40,76.32
79.44,79.44,73.52,82.09,76.51
80.71,80.71,68.94,81.16,75.35
80.02,80.02,73.92,82.07,75.38
80.82,80.82,64.22,83.58,74.94
79.52,79.52,57.10,83.84,74.19
80.87,80.87,58.36,81.63,74.55
82.42,82.42,52.72,83.09,75.53
83.15,83.15,54.49,82.69,75.61
83.77,83.77,55.91,76.19,77.74
82.84,82.84,53.51,74.46,77.98
82.45,82.45,51.58,78.41,78.39
82.35,82.35,47.92,82.18,78.43
83.12,83.12,48.73,78.45,78.10
82.07,82.07,48.32,80.36,76.72
82.36,82.36,48.26,77.49,74.78
82.76,82.76,48.44,78.02,77.43
82.61,82.61,48.33,79.72,77.23
82.51,82.51,50.53,78.74,77.16
82.90,82.90,51.31,78.83,76.35
84.63,84.63,49.83,78.81,76.49
84.42,84.42,49.33,79.21,74.35
84.72,84.72,48.06,79.30,74.75
84.27,84.27,48.02,78.66,74.11
82.89,82.89,46.58,78.32,73.24
82.16,82.16,45.22,78.78,73.89
81.76,81.76,47.53,78.09,75.38
81.22,81.22,54.41,77.13,76.07
82.58,82.58,62.60,75.52,76.19
82.58,82.58,76.49,77.69,76.59
82.08,82.08,80.09,65.94,76.17
80.49,80.49,77.48,76.88,77.40
81.00,81.00,75.72,82.72,76.50
81.99,81.99,69.66,80.67,74.74
80.74,80.74,64.24,81.19,77.77
75.65,75.65,63.53,78.23,76.87
77.17,77.17,75.23,76.56,77.95
81.46,81.46,82.62,76.74,79.21
81.66,81.66,84.36,75.69,78.77
80.43,80.43,82.15,79.36,78.70
79.43,79.43,77.11,80.23,78.21
78.98,78.98,74.71,80.88,77.02
79.98,79.98,66.94,81.59,77.56
79.68,79.68,72.98,79.41,78.98
81.09,81.09,63.56,79.57,80.08
83.28,83.28,65.56,80.23,77.89
84.79,84.79,58.79,79.31,78.45
83.61,83.61,55.93,78.90,77.44
81.63,81.63,54.41,79.55,77.48
80.72,80.72,49.38,79.47,76.72
80.22,80.22,48.51,79.52,78.50
80.95,80.95,46.55,80.54,77.49
80.90,80.90,42.26,79.44,76.83
78.68,78.68,41.25,79.39,76.32
75.26,75.26,44.27,79.86,75.48
74.01,74.01,55.06,79.01,76.36
76.09,76.09,64.95,79.11,74.43
77.22,77.22,74.02,72.05,76.87
77.64,77.64,82.59,72.75,76.90
80.24,80.24,81.29,82.18,76.50
80.88,80.88,76.33,78.55,77.90
80.40,80.40,73.25,80.93,78.52
81.95,81.95,67.83,78.94,77.00
83.24,83.24,61.82,79.66,77.39
83.34,83.34,55.58,79.35,76.49
83.23,83.23,54.36,79.40,76.99
84.31,84.31,54.10,79.15,77.99
84.45,84.45,52.63,79.96,77.25
83.30,83.30,57.68,79.40,76.70
81.88,81.88,61.08,78.31,76.63
81.34,81.34,58.17,79.65,78.17
82.26,82.26,50.91,78.86,78.25
82.95,82.95,45.48,79.69,78.16
82.86,82.86,44.97,79.29,76.28
81.21,81.21,42.45,78.52,76.64
79.94,79.94,45.10,79.79,74.76
80.58,80.58,48.83,78.80,75.04
79.99,79.99,48.92,68.24,78.37
80.70,80.70,50.90,70.26,79.29
82.51,82.51,48.82,78.23,78.88
80.48,80.48,45.53,81.38,79.77
70.53,70.53,42.76,80.16,76.85
68.21,68.21,40.05,81.68,76.36
66.88,66.88,39.59,79.40,75.12
63.07,63.07,36.64,81.21,74.82
64.10,64.10,35.22,82.95,75.44
66.09,66.09,36.39,82.41,73.63
69.22,69.22,40.88,79.57,75.35
78.94,78.94,48.07,80.52,76.39
80.67,80.67,50.17,78.39,75.05
79.96,79.96,49.99,66.17,75.50
81.15,81.15,49.15,78.23,74.50
81.59,81.59,45.70,81.20,73.64
81.48,81.48,44.04,79.16,72.71
82.14,82.14,45.88,80.75,72.74
80.60,80.60,56.74,75.85,74.41
80.78,80.78,74.48,70.01,74.13
79.46,79.46,83.52,72.52,77.46
81.12,81.12,80.18,72.21,78.43
81.42,81.42,82.62,71.97,77.10
82.10,82.10,76.59,73.94,78.10
82.49,82.49,71.13,75.50,77.83
82.83,82.83,69.35,73.47,77.20
83.91,83.91,72.08,75.14,76.09
82.93,82.93,61.08,74.68,77.12
82.70,82.70,61.66,74.48,76.27
83.03,83.03,58.54,74.80,75.87
83.25,83.25,54.81,75.23,76.37
82.87,82.87,51.76,75.35,75.63
82.50,82.50,48.08,74.66,75.96
82.93,82.93,47.04,75.31,78.07
82.54,82.54,43.93,75.76,78.23
82.01,82.01,38.97,76.04,77.19
81.39,81.39,38.04,76.10,77.75
82.20,82.20,45.24,75.53,77.68
82.07,82.07,58.04,74.32,77.56
80.90,80.90,71.03,69.56,77.27
80.66,80.66,79.34,68.63,77.17
80.83,80.83,78.95,63.26,78.29
80.77,80.77,76.56,75.48,77.00
82.64,82.64,76.96,78.53,75.86
82.82,82.82,71.02,77.62,77.27
81.95,81.95,69.54,78.89,77.19
80.83,80.83,71.82,79.33,77.28
81.72,81.72,60.65,78.56,75.92
81.97,81.97,62.96,78.37,77.47
81.27,81.27,52.90,78.39,77.50
81.49,81.49,56.62,77.76,77.55
81.80,81.80,45.37,77.42,78.45
81.78,81.78,44.70,77.91,78.48
81.77,81.77,40.35,77.90,77.83
82.79,82.79,38.33,77.94,77.37
82.05,82.05,35.84,77.66,77.46
81.55,81.55,33.55,77.30,77.76
81.70,81.70,41.07,77.20,77.30
81.42,81.42,53.87,76.58,78.80
81.39,81.39,63.10,73.95,75.62
82.12,82.12,74.36,70.75,79.78
80.88,80.88,83.25,73.23,77.74
78.92,78.92,81.34,80.12,78.52
76.91,76.91,73.09,77.89,78.92
73.88,73.88,69.63,77.33,79.19
70.92,70.92,66.45,78.49,79.36
68.57,68.57,61.68,78.90,78.70
64.89,64.89,59.12,78.35,77.24
61.99,61.99,55.44,78.28,77.41
63.46,63.46,53.92,77.11,79.39
66.14,66.14,51.92,78.05,77.16
62.92,62.92,51.70,78.88,76.45
60.55,60.55,51.09,78.72,77.22
61.04,61.04,49.05,78.28,76.87
58.69,58.69,47.75,78.40,76.54
58.73,58.73,46.84,78.31,75.67
57.92,57.92,45.25,78.30,76.99
59.40,59.40,47.51,78.39,77.40
62.80,62.80,60.05,76.67,76.60
65.05,65.05,72.47,71.47,76.50
68.79,68.79,82.33,67.97,76.16
71.30,71.30,79.36,66.42,75.74
81.13,81.13,79.42,71.90,76.32
83.19,83.19,74.93,75.39,75.66
81.17,81.17,73.72,76.82,75.62
80.95,80.95,70.70,77.02,75.97
80.50,80.50,73.11,75.88,75.52
81.67,81.67,60.37,75.64,76.09
81.99,81.99,63.30,76.24,77.15
78.15,78.15,59.71,75.34,76.70
74.69,74.69,57.78,75.47,74.20
78.41,78.41,57.10,74.19,76.16
80.61,80.61,57.55,72.31,77.59
82.85,82.85,54.50,63.24,77.10
80.21,80.21,50.48,73.95,77.06
80.79,80.79,46.63,77.51,76.81
81.22,81.22,44.00,75.65,76.62
80.61,80.61,42.75,77.74,77.78
78.39,78.39,43.18,81.07,78.16
76.96,76.96,43.11,80.07,78.48
78.78,78.78,49.82,79.01,77.84
79.02,79.02,51.07,78.53,75.73
79.45,79.45,51.21,81.54,76.17
78.99,78.99,50.03,80.78,75.90
78.98,78.98,47.21,79.52,75.30
79.98,79.98,49.03,79.57,76.86
79.19,79.19,48.43,80.27,75.83
78.33,78.33,46.45,80.81,77.79
76.90,76.90,45.08,79.56,76.57
77.96,77.96,45.55,79.20,77.26
79.53,79.53,50.42,79.75,75.58
80.12,80.12,61.37,81.37,77.75
80.38,80.38,76.45,76.41,77.12
80.75,80.75,80.52,65.82,77.22
81.19,81.19,76.14,79.10,77.21
79.62,79.62,72.20,79.59,75.61
77.77,77.77,70.09,79.16,77.21
79.61,79.61,66.16,81.63,76.21
75.04,75.04,64.61,82.44,75.81
69.52,69.52,69.64,78.88,76.07
70.40,70.40,81.10,79.26,77.16
77.86,77.86,83.19,74.22,77.03
81.82,81.82,79.65,70.13,77.36
80.93,80.93,75.08,79.51,78.38
80.79,80.79,74.79,77.26,76.18
80.97,80.97,64.45,74.60,78.12
80.03,80.03,72.05,78.34,74.94
80.11,80.11,59.82,80.53,76.42
80.43,80.43,63.70,80.44,76.19
79.93,79.93,57.11,78.23,76.18
80.91,80.91,56.28,78.08,74.51
80.94,80.94,50.57,78.99,74.55
80.78,80.78,44.72,80.92,74.68
81.85,81.85,45.44,78.45,74.91
80.92,80.92,40.78,78.13,75.32
78.34,78.34,38.28,79.35,75.80
69.89,69.89,38.24,80.48,75.78
65.30,65.30,38.61,79.35,74.22
61.86,61.86,51.25,78.87,74.61
62.01,62.01,61.47,77.95,75.52
64.91,64.91,73.10,69.68,77.96
66.79,66.79,83.14,72.57,77.24
73.58,73.58,81.68,75.64,76.25
72.48,72.48,79.02,79.03,73.91
73.78,73.78,72.69,76.96,75.61
74.16,74.16,67.13,75.02,76.86
76.45,76.45,62.01,79.04,76.28
77.22,77.22,57.50,80.13,76.85
77.74,77.74,57.07,80.15,76.16
77.88,77.88,55.51,78.55,75.67
78.72,78.72,54.07,77.72,74.74
77.22,77.22,55.15,79.23,76.91
77.75,77.75,58.12,80.61,76.06
77.49,77.49,61.39,78.96,75.65
78.94,78.94,58.57,77.85,75.38
78.98,78.98,51.17,78.89,75.89
78.45,78.45,44.38,80.65,76.88
78.12,78.12,41.18,79.29,76.80
75.27,75.27,41.65,78.89,76.01
73.42,73.42,47.96,79.66,76.22
69.26,69.26,49.24,71.53,77.85
72.47,72.47,52.12,65.12,76.00
78.61,78.61,51.52,76.77,77.02
77.99,77.99,50.27,80.92,77.51
77.57,77.57,45.00,77.06,77.60
77.74,77.74,43.75,75.02,76.14
78.78,78.78,42.61,78.93,76.50
78.57,78.57,41.90,81.49,76.82
78.57,78.57,41.44,78.63,76.84
78.27,78.27,40.68,78.58,77.44
78.35,78.35,44.33,78.76,76.02
79.87,79.87,52.29,80.67,76.22
80.47,80.47,54.91,80.78,77.24
79.69,79.69,63.78,79.79,76.14
79.44,79.44,59.14,77.94,76.33
78.40,78.40,52.39,78.53,77.05
78.82,78.82,45.02,80.28,76.61
80.25,80.25,49.22,78.86,76.17
80.61,80.61,58.02,78.16,75.49
79.07,79.07,66.74,77.68,75.56
77.51,77.51,78.00,79.76,76.84
76.92,76.92,82.27,76.03,76.73
77.70,77.70,78.97,76.07,77.56
77.70,77.70,79.14,78.33,78.33
77.14,77.14,72.85,80.16,76.35
76.42,76.42,65.97,80.40,75.98
79.84,79.84,72.08,79.47,78.03
80.55,80.55,62.47,80.12,76.33
77.68,77.68,65.03,80.16,75.65
77.46,77.46,53.38,78.79,75.79
78.83,78.83,56.86,78.97,75.02
78.83,78.83,52.81,78.39,75.57
76.32,76.32,51.81,79.62,76.29
76.12,76.12,50.36,79.47,77.49
77.56,77.56,47.71,78.68,78.56
76.50,76.50,45.01,79.85,77.24
75.69,75.69,42.87,79.55,76.74
72.14,72.14,45.54,78.09,76.09
66.10,66.10,58.15,77.45,76.45
60.83,60.83,72.64,73.35,76.31
60.07,60.07,81.67,67.56,77.68
57.26,57.26,79.93,65.22,76.98
57.13,57.13,78.54,70.90,76.31
61.61,61.61,77.68,78.90,75.62
64.14,64.14,66.64,80.65,77.15
60.93,60.93,68.72,81.10,78.07
57.98,57.98,71.13,79.47,75.77
57.86,57.86,62.40,80.34,75.55
59.62,59.62,65.84,79.59,75.25
60.20,60.20,49.11,78.26,75.71
59.10,59.10,56.00,79.47,77.15
59.31,59.31,49.66,78.63,76.04
60.97,60.97,48.03,79.30,78.55
57.73,57.73,45.16,79.36,77.31
52.15,52.15,41.92,77.27,78.10
53.38,53.38,38.64,79.19,76.34
55.62,55.62,36.43,79.57,77.30
58.88,58.88,43.58,76.93,78.47
63.11,63.11,56.15,78.83,76.85
66.96,66.96,65.79,77.39,75.80
79.27,79.27,75.27,70.52,76.71
78.44,78.44,83.70,67.52,74.27
81.03,81.03,81.12,81.15,74.94
80.03,80.03,77.27,78.55,76.70
80.50,80.50,73.42,80.87,73.92
80.22,80.22,68.86,79.84,75.37
80.33,80.33,64.43,79.84,75.20
80.76,80.76,61.53,80.18,74.68
80.73,80.73,59.18,77.57,75.60
79.86,79.86,56.04,78.86,75.20
80.53,80.53,54.50,78.44,74.70
80.54,80.54,52.91,76.47,75.37
81.15,81.15,55.99,79.40,76.18
82.16,82.16,56.41,80.50,75.18
80.92,80.92,50.62,78.18,74.36
74.15,74.15,50.82,79.61,77.49
75.72,75.72,47.67,78.51,75.65
77.87,77.87,44.61,79.81,75.71
77.11,77.11,47.55,79.07,77.10
78.53,78.53,46.39,78.16,76.33
81.80,81.80,48.48,67.13,75.25
81.94,81.94,50.51,66.86,74.61
83.93,83.93,50.58,77.62,74.99
83.90,83.90,51.37,76.88,74.42
82.67,82.67,49.67,71.09,75.89
82.10,82.10,47.56,75.26,74.86
82.30,82.30,43.11,74.55,77.93
83.33,83.33,39.11,73.51,78.21
84.25,84.25,38.47,71.22,76.36
82.44,82.44,40.17,71.60,73.61
82.09,82.09,41.30,72.32,74.22
82.20,82.20,49.72,74.53,74.04
81.19,81.19,52.12,75.17,74.29
81.53,81.53,51.55,74.70,74.48
82.31,82.31,47.08,73.27,73.87
82.50,82.50,43.88,73.24,76.32
82.90,82.90,44.79,74.32,75.31
82.74,82.74,46.17,73.61,72.84
83.04,83.04,49.20,73.54,73.26
82.72,82.72,53.48,72.13,73.44
81.23,81.23,59.78,68.21,75.58
83.47,83.47,62.11,65.48,76.73
83.85,83.85,59.74,81.00,76.55
85.13,85.13,58.07,81.89,76.29
85.87,85.87,58.01,79.04,74.64
84.89,84.89,55.86,79.49,76.02
83.18,83.18,54.75,81.91,75.31
83.00,83.00,51.83,83.53,75.91
83.14,83.14,49.75,80.22,73.75
82.77,82.77,51.22,81.15,74.31
81.56,81.56,53.01,81.56,74.63
79.91,79.91,61.18,83.05,75.00
79.22,79.22,77.78,81.96,76.71
73.41,73.41,78.77,80.85,76.57
72.61,72.61,75.12,80.40,77.28
71.57,71.57,72.01,81.83,77.30
73.85,73.85,70.22,83.06,78.32
67.21,67.21,65.46,81.27,75.32
66.64,66.64,63.57,80.75,73.14
70.97,70.97,67.60,81.96,73.17
80.55,80.55,80.60,83.73,75.55
81.30,81.30,80.59,83.85,74.68
80.12,80.12,80.89,82.00,75.49
81.75,81.75,77.97,80.72,74.91
83.02,83.02,71.13,82.61,72.36
82.71,82.71,66.76,81.83,72.77
83.34,83.34,70.81,80.91,73.41
83.28,83.28,60.11,80.30,74.84
82.91,82.91,63.86,81.65,76.64
82.43,82.43,54.93,81.41,74.04
81.79,81.79,51.82,80.44,75.50
77.41,77.41,50.95,78.66,78.33
72.49,72.49,55.10,75.93,79.15
65.90,65.90,55.06,69.55,78.52
64.80,64.80,49.39,79.04,78.45
62.69,62.69,45.22,78.73,77.89
64.60,64.60,44.69,77.74,78.33
62.61,62.61,43.80,76.75,77.90
61.39,61.39,54.53,77.07,76.88
62.94,62.94,66.04,77.42,78.55
74.91,74.91,72.75,71.86,77.50
82.18,82.18,83.21,67.15,75.33
83.42,83.42,80.77,65.04,72.79
84.46,84.46,78.31,63.39,74.27
82.85,82.85,73.72,58.69,73.49
83.37,83.37,66.36,53.84,73.08
82.64,82.64,59.47,51.54,73.39
82.52,82.52,58.54,44.41,72.97
81.65,81.65,55.89,48.95,73.72
81.57,81.57,57.01,52.48,74.33
80.23,80.23,56.81,41.78,73.78
76.72,76.72,54.81,37.31,73.18
68.19,68.19,57.73,39.26,76.00
59.82,59.82,57.11,38.39,76.54
59.54,59.54,51.67,34.81,76.32
56.69,56.69,54.19,32.03,74.60
55.44,55.44,57.42,32.15,75.04
56.83,56.83,55.64,29.04,73.39
57.86,57.86,53.17,20.80,72.71
56.53,56.53,56.13,29.17,72.06
74.40,74.40,79.67,56.24,75.21
80.95,80.95,80.33,62.47,76.88
78.85,78.85,81.29,75.31,79.02
79.06,79.06,73.70,77.48,79.50
81.13,81.13,71.51,78.83,78.94
81.15,81.15,70.44,78.36,79.25
80.80,80.80,70.01,79.46,77.04
80.31,80.31,67.90,79.11,78.87
79.64,79.64,66.08,78.50,78.39
79.40,79.40,66.01,78.42,77.41
78.76,78.76,65.65,78.29,78.04
79.63,79.63,65.70,78.65,77.81
80.56,80.56,65.40,78.26,76.64
81.58,81.58,65.26,78.11,76.23
80.93,80.93,66.11,77.40,76.90
81.14,81.14,65.74,77.37,75.91
80.31,80.31,65.64,77.09,75.61
80.19,80.19,65.20,77.60,75.38
79.99,79.99,64.13,77.00,73.73
79.20,79.20,66.20,76.28,74.58
79.14,79.14,65.96,75.93,74.45
80.79,80.79,65.63,75.18,74.74
79.34,79.34,62.48,75.88,73.45
78.74,78.74,62.56,76.54,73.96
79.39,79.39,61.61,76.57,73.11
81.04,81.04,62.03,76.36,73.43
79.56,79.56,61.97,76.85,76.21
77.08,77.08,60.33,76.93,74.85
77.93,77.93,58.57,77.03,73.00
79.37,79.37,58.26,77.26,74.20
79.99,79.99,59.89,77.14,74.82
79.24,79.24,60.44,76.99,74.66
79.30,79.30,60.32,76.88,77.99
78.37,78.37,59.50,76.79,77.27
79.10,79.10,59.85,76.37,76.91
78.97,78.97,59.43,76.00,76.17
77.34,77.34,57.70,76.81,74.99
77.88,77.88,57.74,76.31,74.51
77.04,77.04,61.84,75.58,75.78
68.69,68.69,70.27,71.88,77.54
70.18,70.18,79.52,70.18,77.79
72.06,72.06,81.48,67.43,77.26
72.62,72.62,75.45,78.30,77.21
75.27,75.27,78.92,79.36,76.49
75.74,75.74,71.81,78.96,77.00
74.33,74.33,67.67,79.60,77.55
76.98,76.98,70.17,79.55,75.15
78.28,78.28,61.20,78.85,76.60
78.22,78.22,59.05,78.78,76.56
76.06,76.06,54.75,78.03,77.68
76.11,76.11,55.31,78.66,77.46
78.02,78.02,55.14,78.70,76.83
79.27,79.27,51.10,78.52,76.53
80.64,80.64,50.29,78.34,76.84
79.49,79.49,48.81,78.55,77.31
77.94,77.94,46.12,78.36,77.71
76.81,76.81,45.92,78.11,76.45
78.61,78.61,47.68,78.17,77.73
76.95,76.95,56.59,78.05,77.44
77.64,77.64,64.20,76.97,77.31
77.65,77.65,74.74,71.03,77.03
78.64,78.64,83.91,71.76,76.54
77.55,77.55,80.25,75.91,77.29
76.53,76.53,78.41,78.75,79.08
71.32,71.32,69.11,75.72,77.54
64.52,64.52,66.13,76.52,76.40
58.32,58.32,64.13,75.65,78.32
58.39,58.39,61.29,75.94,77.93
55.46,55.46,59.96,76.46,76.74
57.41,57.41,55.73,75.60,77.26
55.19,55.19,53.48,75.65,76.57
56.30,56.30,52.38,75.54,76.85
66.10,66.10,51.96,76.21,75.79
69.75,69.75,50.39,75.22,75.64
74.60,74.60,47.97,75.14,76.34
76.49,76.49,42.04,73.25,75.43
76.23,76.23,41.68,73.43,75.82
77.10,77.10,49.08,74.22,75.58
73.22,73.22,62.58,72.87,76.55
73.30,73.30,70.13,67.44,76.72
76.05,76.05,81.78,68.45,75.30
76.62,76.62,82.91,69.57,74.84
77.27,77.27,82.02,79.47,72.51
76.13,76.13,76.16,79.68,75.14
76.02,76.02,74.61,81.47,76.40
77.16,77.16,67.76,81.55,77.35
76.54,76.54,72.71,79.45,78.12
77.23,77.23,62.94,79.08,77.75
78.25,78.25,62.91,80.42,76.87
75.39,75.39,54.48,80.15,74.71
71.83,71.83,56.43,80.05,79.90
71.54,71.54,64.62,78.65,81.28
71.63,71.63,80.26,77.39,81.77
71.86,71.86,83.34,65.75,80.03
72.11,72.11,81.38,74.16,80.71
71.69,71.69,78.39,79.12,80.12
66.98,66.98,72.43,75.67,81.42
66.76,66.76,63.76,76.11,80.56
67.17,67.17,60.65,76.21,78.53
70.75,70.75,56.38,75.41,78.68
72.70,72.70,56.93,71.03,78.58
80.55,80.55,59.25,64.55,76.59
83.45,83.45,62.17,72.04,76.38
83.09,83.09,59.97,72.45,76.20
83.33,83.33,57.30,75.83,77.04
82.60,82.60,55.75,78.97,75.71
81.28,81.28,48.80,78.71,76.49
81.06,81.06,47.36,78.74,76.10
80.13,80.13,51.73,75.29,77.17
80.82,80.82,50.83,77.40,76.52
80.56,80.56,54.11,78.25,78.01
75.58,75.58,59.04,77.78,77.89
69.89,69.89,77.24,74.81,78.18
75.06,75.06,80.58,72.15,76.74
73.97,73.97,76.95,69.96,78.48
76.73,76.73,73.68,79.20,76.62
73.92,73.92,73.79,76.98,75.77
77.34,77.34,71.67,77.97,74.82
77.00,77.00,68.85,76.61,74.81
74.50,74.50,70.96,73.17,76.04
74.68,74.68,82.84,68.88,77.18
73.72,73.72,81.72,62.33,77.14
76.51,76.51,84.65,58.91,77.15
74.59,74.59,77.77,56.13,76.82
73.53,73.53,68.66,51.82,76.29
68.60,68.60,66.74,49.72,75.25
61.54,61.54,70.93,43.95,75.70
55.67,55.67,64.80,35.66,76.28
54.70,54.70,63.66,30.27,74.38
60.39,60.39,57.74,25.66,75.19
63.36,63.36,60.97,29.26,76.03
66.83,66.83,64.52,34.97,74.68
79.72,79.72,79.53,51.99,75.66
79.77,79.77,82.71,61.41,74.78
76.20,76.20,80.69,74.41,75.43
77.72,77.72,77.12,81.20,73.78
79.87,79.87,70.83,77.62,73.14
81.67,81.67,64.91,80.98,72.53
81.05,81.05,64.97,76.86,74.15
80.64,80.64,72.74,78.14,78.32
81.04,81.04,74.57,72.41,78.28
80.30,80.30,83.85,71.42,76.73
77.77,77.77,79.64,62.87,75.89
76.83,76.83,77.52,62.67,75.92
71.34,71.34,75.90,59.55,74.32
69.83,69.83,66.93,59.80,78.04
69.81,69.81,61.18,54.21,75.66
68.77,68.77,58.76,53.76,75.75
70.36,70.36,60.41,46.91,74.69
68.85,68.85,62.75,38.87,75.43
66.77,66.77,61.72,41.80,75.45
67.16,67.16,64.96,47.93,73.57
80.89,80.89,77.45,57.26,76.27
79.95,79.95,83.15,67.25,75.56
82.79,82.79,78.82,76.15,76.52
82.31,82.31,74.08,80.68,76.43
83.46,83.46,72.07,77.55,77.44
82.90,82.90,67.82,79.35,77.78
83.53,83.53,66.70,79.13,77.62
84.27,84.27,69.84,77.57,76.25
83.67,83.67,78.84,77.11,77.52
82.98,82.98,83.02,78.09,75.12
82.63,82.63,83.14,76.95,79.20
82.50,82.50,80.79,76.87,80.03
82.23,82.23,80.51,78.58,78.57
83.38,83.38,79.96,78.12,77.34
82.11,82.11,78.68,77.41,77.06
80.77,80.77,78.62,77.71,77.00
78.71,78.71,79.28,78.54,78.32
78.68,78.68,77.79,78.33,75.44
78.11,78.11,76.48,78.13,75.27
77.16,77.16,75.51,76.92,75.34
76.31,76.31,73.83,74.59,77.18
72.17,72.17,71.60,68.66,77.48
72.54,72.54,68.99,74.77,77.41
66.65,66.65,73.18,81.93,79.13
62.26,62.26,71.49,78.59,77.68
53.52,53.52,71.38,78.17,76.83
53.05,53.05,72.65,78.41,74.08
57.85,57.85,68.45,74.81,78.46
62.30,62.30,80.62,72.25,76.62
75.68,75.68,84.19,72.45,79.24
80.64,80.64,81.73,72.62,76.79
76.48,76.48,74.63,78.12,79.01
78.55,78.55,74.28,81.63,77.94
81.89,81.89,72.90,80.44,77.45
80.44,80.44,71.54,81.42,76.55
80.58,80.58,69.72,81.30,75.51
79.36,79.36,69.75,80.86,78.08
77.66,77.66,69.97,81.58,77.47
78.41,78.41,69.47,78.38,76.44
78.71,78.71,69.36,80.32,76.82
81.34,81.34,69.21,81.77,77.70
78.25,78.25,68.08,81.28,76.76
63.55,63.55,69.34,79.54,75.68
60.07,60.07,69.60,81.25,75.31
52.11,52.11,67.24,79.64,75.14
54.25,54.25,67.11,80.58,76.87
55.90,55.90,67.46,80.57,76.20
63.37,63.37,73.24,76.24,74.57
80.57,80.57,78.47,78.17,76.68
82.55,82.55,75.15,79.94,77.75
81.27,81.27,75.71,79.38,76.05
80.23,80.23,73.60,80.15,74.32
79.73,79.73,74.89,80.53,75.13
77.20,77.20,72.44,80.14,75.43
77.52,77.52,71.30,80.73,75.57
79.72,79.72,65.44,82.48,74.64
79.66,79.66,65.46,82.10,74.39
78.96,78.96,65.97,79.33,75.59
77.70,77.70,64.20,80.92,75.67
80.34,80.34,63.84,80.59,75.99
81.24,81.24,61.61,80.88,74.45
78.68,78.68,61.68,81.90,74.79
79.78,79.78,60.46,81.43,78.16
80.04,80.04,60.89,81.34,75.01
76.27,76.27,60.07,80.09,76.45
78.37,78.37,59.02,80.92,73.33
76.28,76.28,60.06,82.58,73.16
79.04,79.04,63.52,82.15,73.10
80.00,80.00,72.91,70.78,77.02
80.72,80.72,81.91,71.52,76.35
80.90,80.90,77.42,78.34,77.25
81.17,81.17,73.27,80.88,76.42
82.18,82.18,66.27,77.78,77.33
82.60,82.60,61.39,78.81,77.89
81.37,81.37,61.08,80.71,77.48
82.53,82.53,60.48,81.64,77.54
83.26,83.26,58.10,81.97,75.61
82.17,82.17,55.73,79.75,76.17
83.44,83.44,56.08,80.45,73.92
82.69,82.69,54.47,80.41,76.50
81.42,81.42,52.88,81.30,76.08
80.24,80.24,52.10,81.06,76.55
71.26,71.26,51.50,81.17,73.80
63.69,63.69,50.12,81.12,77.31
58.01,58.01,49.30,78.56,77.63
53.89,53.89,53.03,80.61,77.39
57.84,57.84,67.15,79.96,76.76
64.67,64.67,75.93,73.45,76.65
73.67,73.67,80.49,74.09,78.10
79.50,79.50,83.75,73.54,78.88
77.35,77.35,78.72,76.75,78.56
78.07,78.07,74.11,80.99,78.59
78.88,78.88,74.18,81.94,78.15
80.92,80.92,68.44,81.12,75.12
81.05,81.05,72.65,79.39,74.55
78.96,78.96,56.85,81.07,76.76
73.12,73.12,59.74,82.04,76.49
77.44,77.44,55.03,82.68,76.98
75.09,75.09,54.59,79.54,75.65
79.55,79.55,53.94,79.05,76.65
81.09,81.09,55.44,79.63,78.30
81.23,81.23,53.93,65.34,79.90
82.45,82.45,50.07,75.68,79.89
82.85,82.85,47.43,80.10,77.62
83.22,83.22,47.48,76.79,78.10
83.63,83.63,46.66,80.04,78.19
83.96,83.96,45.51,74.03,78.14
82.15,82.15,48.07,77.54,77.50
81.69,81.69,51.37,79.35,78.57
83.23,83.23,53.99,76.66,77.56
82.05,82.05,54.31,78.48,77.71
83.67,83.67,53.06,78.06,78.15
83.27,83.27,51.45,78.48,78.36
83.65,83.65,48.34,78.45,78.86
83.10,83.10,48.01,77.21,77.81
82.81,82.81,46.45,77.25,80.29
83.65,83.65,45.96,77.32,78.56
84.26,84.26,47.09,77.57,78.52
83.71,83.71,54.38,75.89,79.71
83.01,83.01,60.99,75.17,78.80
83.79,83.79,76.63,77.27,82.80
82.86,82.86,81.00,67.19,80.92
82.61,82.61,77.82,78.85,79.59
82.19,82.19,75.61,82.22,80.25
80.30,80.30,71.65,77.10,79.56
76.31,76.31,66.07,81.25,77.03
65.36,65.36,66.00,77.04,75.37
65.35,65.35,75.38,74.25,75.67
70.37,70.37,83.44,71.43,75.68
79.74,79.74,87.80,64.44,78.16
81.50,81.50,82.82,76.17,78.77
81.72,81.72,78.65,79.83,77.46
80.95,80.95,75.65,80.64,78.40
79.11,79.11,66.44,81.24,78.52
79.46,79.46,74.23,79.10,76.08
78.29,78.29,66.25,79.90,77.00
76.77,76.77,62.02,80.91,76.18
76.99,76.99,59.14,79.71,76.07
76.62,76.62,54.33,79.47,75.53
78.20,78.20,58.38,79.88,76.77
80.23,80.23,46.99,80.36,77.67
82.08,82.08,47.21,79.52,77.79
81.95,81.95,42.28,80.13,77.17
81.98,81.98,38.31,79.51,77.72
81.17,81.17,37.34,80.13,77.19
81.27,81.27,42.90,80.33,76.07
80.67,80.67,53.18,79.40,75.10
81.66,81.66,63.21,79.14,74.89
80.36,80.36,72.73,69.52,77.90
82.08,82.08,81.92,74.55,74.64
81.40,81.40,80.47,82.97,77.83
80.35,80.35,77.11,77.88,76.16
79.62,79.62,73.34,81.14,77.06
79.76,79.76,67.89,78.30,78.15
79.71,79.71,63.06,78.88,76.26
77.88,77.88,56.82,78.71,76.72
77.23,77.23,54.87,78.24,76.89
79.64,79.64,53.82,78.48,76.81
80.47,80.47,50.49,78.85,78.28
78.94,78.94,52.43,77.56,78.71
79.01,79.01,59.03,77.66,76.44
73.74,73.74,61.60,79.29,77.00
73.33,73.33,58.78,78.07,77.25
69.82,69.82,54.07,79.43,77.57
70.96,70.96,47.99,78.77,77.82
75.73,75.73,45.34,78.33,76.37
77.26,77.26,45.55,79.62,76.51
74.74,74.74,49.64,78.66,77.45
77.79,77.79,49.81,71.59,78.63
85.23,85.23,50.75,70.61,80.43
83.32,83.32,50.40,69.78,76.62
82.78,82.78,47.90,75.16,78.44
82.15,82.15,45.06,80.46,76.71
80.49,80.49,42.99,80.90,76.23
80.14,80.14,42.20,80.20,76.49
80.53,80.53,40.48,81.40,75.29
80.37,80.37,41.80,81.13,72.88
79.71,79.71,41.04,80.97,72.53
81.32,81.32,45.57,78.88,75.08
79.55,79.55,47.87,80.20,77.26
81.87,81.87,49.97,76.19,75.81
83.70,83.70,49.93,67.74,77.07
84.77,84.77,47.87,78.56,75.34
85.45,85.45,44.69,82.14,76.48
83.95,83.95,42.27,80.01,76.71
83.86,83.86,49.97,80.11,75.68
84.72,84.72,62.28,74.34,76.65
84.83,84.83,73.28,69.73,78.21
83.73,83.73,82.32,69.13,79.90
83.43,83.43,78.98,69.48,77.23
82.19,82.19,80.21,72.63,78.90
82.88,82.88,75.88,74.70,76.95
82.76,82.76,71.51,76.69,77.52
81.98,81.98,71.71,77.11,75.76
82.60,82.60,74.56,76.75,76.90
81.39,81.39,60.57,75.55,76.30
81.53,81.53,59.12,76.41,75.53
81.75,81.75,56.53,75.59,77.55
81.64,81.64,58.64,75.72,77.14
81.44,81.44,54.65,75.01,76.84
81.37,81.37,46.64,74.06,77.55
80.16,80.16,52.06,73.83,77.24
80.13,80.13,44.44,74.08,77.27
82.02,82.02,40.43,74.23,77.43
82.77,82.77,41.80,73.78,79.09
82.15,82.15,45.71,72.99,77.72
82.26,82.26,59.47,70.62,77.63
83.05,83.05,66.82,66.74,77.79
80.25,80.25,80.87,66.75,76.93
81.93,81.93,80.60,62.53,78.77
82.12,82.12,78.30,72.88,76.68
80.45,80.45,71.79,73.11,78.27
83.35,83.35,68.66,69.76,78.09
81.87,81.87,70.80,74.76,77.51
80.72,80.72,71.10,72.32,77.15
81.68,81.68,61.03,72.10,78.34
80.78,80.78,61.95,72.49,78.58
82.75,82.75,50.27,73.03,77.17
82.13,82.13,54.38,72.74,77.28
77.72,77.72,52.79,72.96,77.83
80.25,80.25,47.89,73.40,79.04
81.01,81.01,43.22,73.18,78.44
80.39,80.39,40.76,73.77,76.32
80.85,80.85,35.84,74.06,76.81
77.82,77.82,36.78,73.66,75.88
77.34,77.34,43.20,73.69,75.80
75.53,75.53,55.83,72.89,75.84
68.13,68.13,66.58,75.21,75.98
67.55,67.55,75.21,67.09,76.90
62.65,62.65,83.55,63.97,78.54
60.46,60.46,81.39,78.29,77.09
58.96,58.96,75.77,75.95,77.18
56.57,56.57,74.74,74.77,77.37
56.08,56.08,69.97,77.08,76.89
55.53,55.53,63.34,77.47,76.86
57.00,57.00,61.53,76.65,77.89
57.00,57.00,59.19,76.05,77.09
58.23,58.23,58.46,76.97,77.14
58.89,58.89,54.83,75.82,75.38
60.29,60.29,56.91,76.36,78.81
60.47,60.47,60.49,76.25,74.70
59.04,59.04,54.59,67.82,76.95
56.51,56.51,49.31,61.75,74.89
54.91,54.91,51.95,60.32,75.68
54.30,54.30,45.93,59.35,75.75
53.36,53.36,47.85,55.42,75.78
61.33,61.33,53.85,42.45,77.13
67.61,67.61,59.76,36.58,76.02
72.76,72.76,79.25,55.91,75.40
78.07,78.07,83.44,65.71,75.90
78.26,78.26,81.87,75.62,76.90
78.80,78.80,72.74,78.69,76.34
78.22,78.22,72.25,77.83,74.61
74.90,74.90,69.67,79.91,76.33
71.60,71.60,73.34,79.02,77.54
72.25,72.25,63.15,78.29,77.47
73.25,73.25,61.19,79.31,74.96
71.85,71.85,54.91,78.20,74.83
78.41,78.41,57.72,76.98,74.91
78.55,78.55,59.23,77.95,77.37
73.03,73.03,55.85,73.69,78.74
71.87,71.87,52.98,68.80,79.40
70.14,70.14,48.76,74.77,78.51
72.80,72.80,45.66,78.82,78.65
69.35,69.35,41.56,78.19,77.86
73.02,73.02,39.46,78.34,75.90
82.70,82.70,38.76,79.69,76.65
83.81,83.81,40.56,81.20,77.76
82.35,82.35,48.20,78.90,77.07
79.03,79.03,51.07,77.99,77.20
81.31,81.31,51.06,80.72,78.50
77.61,77.61,51.66,81.32,78.92
65.15,65.15,50.39,78.61,77.18
60.43,60.43,50.51,77.84,77.51
59.70,59.70,51.50,80.05,77.12
56.36,56.36,50.36,81.36,77.19
59.12,59.12,49.32,79.25,78.44
63.72,63.72,52.26,78.93,75.63
70.98,70.98,58.40,78.73,76.69
83.34,83.34,66.61,80.57,79.01
79.31,79.31,76.60,74.65,77.41
81.48,81.48,81.53,70.89,78.06
82.45,82.45,75.86,70.82,76.90
83.74,83.74,77.70,75.05,78.46
84.16,84.16,69.60,75.29,76.76
83.32,83.32,65.55,74.67,77.19
82.56,82.56,61.40,79.64,76.69
82.56,82.56,71.19,76.74,76.45
82.21,82.21,77.86,77.71,77.32
82.08,82.08,80.79,75.87,78.83
83.52,83.52,76.95,75.28,77.46
84.17,84.17,72.40,78.06,78.43
83.94,83.94,74.35,78.45,78.09
83.07,83.07,66.50,75.66,76.79
81.12,81.12,72.03,77.07,76.77
81.75,81.75,60.35,80.47,77.83
78.75,78.75,62.16,79.31,76.77
79.89,79.89,56.96,77.19,77.33
78.68,78.68,56.44,77.37,76.67
76.64,76.64,52.52,79.77,78.86
77.68,77.68,47.42,80.06,77.93
78.30,78.30,45.41,77.92,75.12
79.14,79.14,43.58,77.72,77.50
80.26,80.26,43.60,78.51,76.02
81.04,81.04,41.22,80.24,76.87
82.64,82.64,46.66,78.88,76.80
83.08,83.08,55.42,77.68,75.47
83.61,83.61,63.11,78.70,76.56
83.16,83.16,75.74,70.52,77.02
83.49,83.49,84.93,73.61,75.00
83.13,83.13,80.67,80.11,76.23
82.60,82.60,75.38,82.35,76.88
82.13,82.13,72.74,78.94,76.08
80.72,80.72,65.96,77.41,77.69
78.25,78.25,63.96,81.04,77.78
81.81,81.81,55.64,83.10,79.63
80.37,80.37,52.05,80.52,77.61
78.53,78.53,47.36,79.11,78.20
82.43,82.43,47.26,80.59,75.38
80.88,80.88,50.85,81.77,76.81
76.77,76.77,55.03,80.48,76.77
75.60,75.60,52.76,80.66,76.81
77.63,77.63,47.16,79.50,75.21
77.92,77.92,41.95,81.61,75.99
80.88,80.88,41.57,81.31,75.23
79.86,79.86,42.51,80.36,74.37
80.82,80.82,48.05,78.14,75.87
80.62,80.62,52.84,79.03,74.76
81.51,81.51,53.29,72.06,76.37
80.90,80.90,52.90,69.84,75.99
81.50,81.50,49.86,76.20,75.56
81.72,81.72,47.78,80.67,75.42
82.20,82.20,46.02,78.32,75.25
80.78,80.78,45.54,76.30,75.94
79.56,79.56,43.36,79.61,76.41
82.09,82.09,42.79,81.34,76.39
80.58,80.58,40.54,80.75,76.19
81.23,81.23,40.04,79.78,75.39
81.50,81.50,48.18,77.72,76.59
81.29,81.29,56.94,79.00,76.47
81.39,81.39,61.50,80.99,78.54
80.59,80.59,64.53,79.62,78.18
81.24,81.24,62.73,79.28,75.70
80.53,80.53,57.39,78.91,77.93
83.58,83.58,51.29,80.90,77.52
84.05,84.05,49.85,80.19,77.52
82.48,82.48,59.96,77.93,75.58
80.67,80.67,73.38,74.57,76.32
79.28,79.28,81.24,74.14,77.89
79.45,79.45,84.03,68.19,78.70
80.05,80.05,78.12,71.96,75.92
79.68,79.68,79.33,77.58,76.10
80.31,80.31,72.05,80.37,78.28
80.19,80.19,70.98,80.53,75.92
79.37,79.37,72.13,80.29,76.55
80.06,80.06,64.54,80.29,75.45
80.75,80.75,63.10,78.17,74.79
81.32,81.32,55.45,79.89,75.02
80.55,80.55,54.02,80.10,74.42
80.19,80.19,51.67,78.06,74.19
80.74,80.74,50.26,79.67,76.69
80.08,80.08,49.09,79.97,75.19
79.89,79.89,47.55,78.59,75.37
79.20,79.20,44.47,80.29,77.12
79.29,79.29,42.09,78.89,76.82
80.67,80.67,47.18,79.35,78.15
81.13,81.13,61.51,79.69,77.67
80.86,80.86,64.93,76.09,78.17
79.57,79.57,78.39,75.17,78.11
80.35,80.35,77.74,69.12,76.22
80.59,80.59,80.72,68.23,77.56
79.59,79.59,78.50,77.51,76.84
79.42,79.42,68.57,79.47,77.78
79.89,79.89,69.85,78.49,78.59
80.04,80.04,71.44,74.84,77.91
77.95,77.95,62.85,77.28,77.94
79.64,79.64,65.48,75.67,78.38
81.03,81.03,44.42,73.90,77.75
81.03,81.03,55.72,76.89,78.83
81.81,81.81,47.96,75.71,77.95
81.57,81.57,49.84,76.45,79.20
81.30,81.30,47.41,77.17,76.78
81.89,81.89,40.24,74.41,76.87
80.58,80.58,36.89,77.20,78.87
79.10,79.10,35.28,77.27,79.89
78.88,78.88,41.43,74.00,80.13
79.77,79.77,53.76,75.66,78.03
77.02,77.02,64.62,76.05,78.70
70.71,70.71,74.31,67.50,78.74
71.82,71.82,83.54,71.17,76.69
68.68,68.68,81.06,78.63,78.84
62.73,62.73,78.69,76.54,80.41
63.35,63.35,74.12,78.08,80.93
60.94,60.94,68.74,80.33,77.47
58.98,58.98,63.94,78.65,78.57
59.46,59.46,61.07,79.16,78.93
58.24,58.24,57.70,79.04,78.26
58.37,58.37,54.50,78.13,78.48
54.59,54.59,50.66,78.18,77.96
60.04,60.04,48.71,76.99,78.07
57.97,57.97,49.50,78.24,78.18
58.32,58.32,45.49,78.81,79.53
58.16,58.16,43.59,75.53,78.21
56.91,56.91,43.96,77.40,78.10
60.22,60.22,42.51,78.70,75.20
63.01,63.01,42.62,76.18,76.58
66.49,66.49,60.82,76.35,77.60
68.91,68.91,70.82,72.69,77.77
73.15,73.15,80.37,67.94,79.49
79.69,79.69,81.89,66.39,77.05
82.49,82.49,78.13,72.04,78.56
81.12,81.12,78.63,75.42,79.32
80.04,80.04,72.02,77.27,78.60
80.91,80.91,66.01,79.96,79.29
78.16,78.16,70.79,79.09,79.31
77.76,77.76,60.08,78.98,78.26
74.39,74.39,63.11,77.68,78.18
72.96,72.96,57.00,79.17,77.72
77.55,77.55,55.69,78.39,78.32
80.66,80.66,55.03,76.47,79.87
80.42,80.42,61.06,74.92,80.34
81.04,81.04,63.96,66.50,78.67
80.67,80.67,61.36,76.99,77.84
80.78,80.78,55.74,80.22,77.56
80.65,80.65,51.97,79.42,75.06
80.28,80.28,51.30,80.67,77.70
81.33,81.33,50.59,80.57,75.78
82.02,82.02,51.03,77.39,76.92
82.00,82.00,52.23,78.22,78.67
82.38,82.38,52.61,77.60,78.40
82.20,82.20,52.70,77.48,78.87
81.85,81.85,53.85,77.88,77.71
82.31,82.31,53.24,75.92,77.45
82.76,82.76,52.31,78.11,77.19
82.17,82.17,50.79,78.07,77.84
82.39,82.39,47.18,74.31,74.35
83.35,83.35,45.35,76.69,77.20
82.97,82.97,45.81,77.26,75.07
82.41,82.41,54.88,74.50,77.62
82.80,82.80,60.45,77.73,75.94
83.79,83.79,76.36,73.64,76.70
82.62,82.62,79.90,63.84,77.24
79.71,79.71,76.89,75.67,76.31
77.79,77.79,73.67,78.65,77.03
72.80,72.80,66.83,79.09,78.03
69.89,69.89,60.43,80.90,76.60
66.87,66.87,61.37,78.92,77.08
69.03,69.03,70.31,76.03,76.13
75.89,75.89,80.33,74.36,77.09
78.02,78.02,84.41,65.30,77.60
80.98,80.98,82.30,73.51,78.77
79.59,79.59,78.96,75.63,78.33
77.21,77.21,71.45,77.90,78.59
75.53,75.53,67.78,79.64,79.67
77.46,77.46,72.60,76.78,78.36
78.26,78.26,64.81,78.37,77.61
77.59,77.59,65.07,76.84,78.39
78.79,78.79,61.12,74.29,79.13
79.57,79.57,52.88,77.51,78.90
78.62,78.62,49.44,75.34,79.77
79.17,79.17,49.35,76.04,80.16
78.73,78.73,53.66,77.59,80.17
78.77,78.77,43.42,74.53,78.66
79.02,79.02,44.41,77.20,78.91
79.95,79.95,41.42,76.64,78.67
79.85,79.85,47.42,74.61,77.19
79.86,79.86,58.31,77.26,77.43
79.01,79.01,63.30,74.08,77.15
80.78,80.78,74.15,65.42,77.51
79.71,79.71,82.58,71.23,78.97
80.98,80.98,79.95,75.44,78.30
80.53,80.53,76.44,77.51,77.53
80.59,80.59,67.89,76.47,78.67
80.10,80.10,63.65,75.74,78.01
80.80,80.80,61.62,76.59,78.80
80.71,80.71,58.93,75.52,79.41
81.21,81.21,56.52,75.66,80.07
80.98,80.98,53.20,75.66,79.06
80.29,80.29,53.29,76.74,77.55
80.21,80.21,49.78,75.79,76.25
80.58,80.58,48.04,74.77,77.03
78.66,78.66,47.97,75.70,76.08
78.68,78.68,44.82,75.08,75.51
80.22,80.22,43.39,75.55,76.26
78.96,78.96,39.85,75.01,75.98
77.04,77.04,48.20,73.81,74.65
76.43,76.43,59.79,70.34,74.28
77.39,77.39,69.88,68.21,72.97
79.31,79.31,81.98,65.92,74.53
77.39,77.39,83.78,65.85,73.99
76.74,76.74,81.66,77.18,76.79
79.17,79.17,75.47,78.22,76.25
79.26,79.26,73.79,78.87,77.29
78.79,78.79,68.94,79.86,75.89
77.73,77.73,71.93,77.50,76.33
76.28,76.28,69.39,80.00,76.12
76.84,76.84,68.59,79.69,75.53
76.31,76.31,68.32,78.91,73.63
79.38,79.38,67.98,78.24,72.80
78.64,78.64,67.29,79.46,74.89
80.94,80.94,66.39,78.82,75.36
79.82,79.82,66.82,80.79,74.14
79.56,79.56,66.44,79.19,74.47
79.33,79.33,66.05,79.93,72.54
80.24,80.24,65.50,78.68,73.07
77.79,77.79,65.77,78.43,73.36
77.90,77.90,65.62,78.89,73.56
77.91,77.91,66.29,79.89,73.92
76.91,76.91,65.86,79.06,73.16
75.60,75.60,64.53,77.78,75.36
76.61,76.61,64.49,75.60,76.45
77.76,77.76,62.51,77.19,75.78
80.22,80.22,63.13,78.03,74.77
80.50,80.50,61.73,78.15,76.37
81.30,81.30,62.16,77.85,77.38
82.25,82.25,60.36,78.28,75.43
82.55,82.55,61.95,77.24,75.88
81.33,81.33,60.92,76.89,75.58
80.72,80.72,59.54,77.79,76.27
78.31,78.31,59.90,77.80,76.63
77.86,77.86,58.60,77.02,76.43
78.27,78.27,60.54,76.49,76.43
78.67,78.67,60.37,77.80,75.78
79.06,79.06,59.75,76.58,75.79
78.75,78.75,59.52,77.83,74.06
78.10,78.10,58.50,76.68,76.10
79.44,79.44,64.96,74.80,75.71
80.06,80.06,75.09,68.00,75.23
80.59,80.59,80.97,64.55,75.55
80.26,80.26,79.67,67.54,75.96
80.03,80.03,81.92,73.90,76.74
80.48,80.48,78.38,77.00,76.33
80.41,80.41,71.71,77.02,77.08
80.81,80.81,68.42,78.38,76.55
79.58,79.58,70.62,75.01,77.19
79.37,79.37,63.63,76.88,75.68
78.73,78.73,62.80,77.28,78.19
79.10,79.10,54.85,77.20,76.27
78.69,78.69,55.06,76.43,76.78
78.43,78.43,52.04,77.27,76.48
79.01,79.01,50.85,77.97,76.78
78.62,78.62,51.34,77.61,76.04
78.95,78.95,51.13,78.32,75.76
80.19,80.19,51.11,78.33,76.23
79.47,79.47,48.79,77.82,75.76
80.88,80.88,48.94,78.73,77.07
79.91,79.91,54.60,77.57,75.96
80.67,80.67,64.10,77.81,74.61
79.34,79.34,73.29,68.82,77.38
78.87,78.87,84.04,68.94,76.31
76.91,76.91,80.58,81.63,76.80
76.26,76.26,77.65,78.81,77.14
75.19,75.19,71.79,81.01,76.95
76.93,76.93,67.63,79.54,76.26
76.58,76.58,63.77,79.74,77.04
78.22,78.22,61.07,79.44,77.57
77.43,77.43,58.00,79.50,77.75
77.41,77.41,56.30,79.13,78.22
76.21,76.21,54.21,79.31,74.05
77.83,77.83,52.65,78.43,75.43
77.03,77.03,49.62,77.98,75.01
76.72,76.72,49.15,79.43,76.09
73.60,73.60,46.69,78.35,76.18
73.09,73.09,46.06,79.51,76.99
71.67,71.67,44.75,78.62,75.12
71.13,71.13,48.49,78.63,76.02
70.23,70.23,66.79,76.86,75.41
70.18,70.18,77.00,64.84,76.53
70.35,70.35,82.37,66.30,75.76
68.82,68.82,81.61,74.19,76.19
67.51,67.51,79.16,79.59,75.11
62.00,62.00,77.12,81.31,73.52
58.38,58.38,74.87,80.40,75.40
61.69,61.69,65.51,80.67,75.95
63.88,63.88,72.82,78.34,75.71
61.77,61.77,63.13,79.15,75.69
62.88,62.88,65.46,80.34,77.35
55.74,55.74,56.18,78.16,75.82
54.18,54.18,57.91,77.55,76.68
57.00,57.00,65.44,79.01,76.72
55.70,55.70,79.62,77.30,77.64
56.12,56.12,82.14,67.35,76.73
55.11,55.11,80.06,77.52,77.64
54.85,54.85,75.91,82.00,75.23
53.10,53.10,70.03,80.31,75.53
50.98,50.98,63.33,81.26,76.27
53.65,53.65,59.68,78.61,77.05
56.02,56.02,58.33,81.24,77.66
60.74,60.74,60.29,80.74,76.52
54.22,54.22,61.36,81.50,75.99
55.86,55.86,62.46,80.95,77.09
49.34,49.34,61.53,80.45,76.45
50.93,50.93,59.08,81.22,76.08
53.64,53.64,56.16,79.88,76.02
54.94,54.94,54.30,80.18,76.64
55.41,55.41,51.17,80.98,75.83
58.82,58.82,47.50,80.44,76.84
54.14,54.14,48.13,79.51,75.75
50.17,50.17,53.75,79.79,74.59
52.03,52.03,65.02,80.72,74.63
55.59,55.59,77.83,76.83,75.56
61.33,61.33,79.88,64.12,75.84
61.33,61.33,78.83,78.52,75.84
65.51,65.51,74.31,80.44,76.40
62.34,62.34,70.96,79.22,74.79
73.58,73.58,64.73,81.26,75.02
76.52,76.52,63.61,76.69,73.92
79.72,79.72,73.66,70.22,73.97
79.73,79.73,84.43,71.86,75.42
79.62,79.62,83.82,75.57,74.89
80.38,80.38,82.34,79.44,76.60
80.38,80.38,75.90,80.11,76.54
80.73,80.73,73.71,81.53,77.74
78.99,78.99,67.82,79.26,76.44
70.57,70.57,73.99,80.49,75.52
59.71,59.71,61.37,79.46,75.89
61.19,61.19,62.45,78.90,74.94
55.48,55.48,57.71,78.84,74.86
56.40,56.40,62.22,79.58,74.65
53.09,53.09,65.65,78.33,73.79
56.02,56.02,80.53,78.26,76.06
55.65,55.65,82.42,80.01,74.84
55.43,55.43,77.60,78.83,73.35
57.98,57.98,72.93,79.14,72.96
61.40,61.40,67.57,79.09,74.31
73.74,73.74,61.17,79.03,73.73
79.25,79.25,60.47,80.23,70.86
76.86,76.86,64.57,78.75,71.22
78.02,78.02,71.73,69.96,75.37
74.76,74.76,80.98,70.63,75.30
76.82,76.82,79.23,82.51,76.31
77.04,77.04,74.75,81.10,76.74
78.01,78.01,70.91,80.70,77.92
78.77,78.77,67.96,80.64,78.92
78.36,78.36,68.28,78.37,77.14
78.55,78.55,78.19,78.57,78.91
77.73,77.73,80.39,80.65,76.68
78.52,78.52,79.19,79.27,76.30
78.84,78.84,74.93,78.92,76.12
78.51,78.51,71.37,79.59,76.95
77.82,77.82,68.32,76.54,76.23
78.14,78.14,74.61,73.43,76.05
75.38,75.38,76.76,71.84,77.04
76.93,76.93,82.80,76.50,74.53
69.08,69.08,82.04,79.44,77.55
69.55,69.55,79.25,77.47,74.41
79.19,79.19,78.70,77.47,74.26
77.16,77.16,79.03,77.20,74.92
75.34,75.34,83.45,74.60,75.55
76.64,76.64,89.79,68.54,71.68
75.78,75.78,90.75,71.33,72.67
73.97,73.97,88.41,78.66,72.03
77.05,77.05,86.25,79.02,73.46
75.27,75.27,87.00,78.48,72.01
73.44,73.44,85.22,80.13,71.40
74.37,74.37,83.10,80.66,73.63
75.87,75.87,84.09,79.71,72.65
76.40,76.40,80.66,77.06,71.85
76.20,76.20,78.76,76.42,73.25
76.40,76.40,73.54,78.54,71.33
74.72,74.72,73.10,79.28,72.90
76.56,76.56,75.87,81.69,73.85
76.38,76.38,75.20,80.86,73.46
75.77,75.77,80.24,80.49,73.75
75.39,75.39,81.09,80.33,74.34
75.35,75.35,80.02,78.79,72.42
75.13,75.13,80.93,77.74,71.57
75.68,75.68,78.39,74.64,70.03
76.17,76.17,82.23,67.48,72.75
74.11,74.11,90.67,66.36,73.38
70.51,70.51,92.62,52.52,71.60
69.01,69.01,92.05,36.81,73.23
68.80,68.80,92.90,33.82,71.60
70.57,70.57,88.34,31.28,69.97
68.76,68.76,79.74,24.98,70.55
67.37,67.37,85.42,24.10,72.31
67.05,67.05,76.24,23.28,71.08
67.41,67.41,75.54,23.55,71.12
65.94,65.94,74.59,22.45,71.81
67.15,67.15,72.16,15.35,70.02
66.36,66.36,70.69,13.06,68.44
67.70,67.70,72.88,6.94,68.02
64.27,64.27,73.99,2.77,67.69
63.18,63.18,76.60,7.65,68.14
60.88,60.88,73.97,7.84,68.69
59.38,59.38,76.08,4.89,66.98
56.71,56.71,72.95,2.02,65.44
53.53,53.53,70.36,1.96,61.51
54.60,54.60,70.76,3.02,64.30
55.08,55.08,73.06,3.73,58.88
53.63,53.63,70.75,6.72,57.40
50.85,50.85,72.60,14.78,58.08
52.85,52.85,74.22,20.35,56.64
54.99,54.99,72.07,19.25,56.90
55.57,55.57,74.28,11.49,53.66
53.57,53.57,72.04,13.64,53.53
50.13,50.13,71.63,7.98,54.06
46.81,46.81,69.03,6.68,55.31
47.59,47.59,69.53,13.96,58.66
46.49,46.49,70.63,15.51,56.24
48.59,48.59,70.78,15.96,56.79
49.87,49.87,72.71,20.95,55.82
51.15,51.15,72.07,19.38,55.21
51.47,51.47,71.66,24.86,51.48
51.74,51.74,69.09,29.38,49.29
50.39,50.39,66.72,24.83,43.78
46.51,46.51,66.49,18.57,38.79
53.99,53.99,66.97,1.42,41.13
68.09,68.09,79.87,-0.00,56.89
71.41,71.41,90.65,-0.00,59.12
69.73,69.73,92.50,1.10,59.37
71.78,71.78,91.77,7.29,58.79
73.30,73.30,93.31,9.09,54.45
75.58,75.58,87.09,6.04,50.46
74.53,74.53,85.65,1.75,46.65
75.03,75.03,80.06,9.48,44.13
76.00,76.00,80.02,14.12,43.28
74.88,74.88,70.46,19.56,43.25
75.04,75.04,69.12,17.94,42.21
74.84,74.84,68.80,18.30,39.11
58.70,58.70,66.87,16.99,34.75
54.13,54.13,63.14,24.81,39.80
52.76,52.76,60.90,25.94,42.68
53.96,53.96,62.78,26.66,43.02
53.44,53.44,63.17,27.15,44.29
56.85,56.85,63.58,26.35,45.49
55.75,55.75,66.03,22.81,48.88
57.16,57.16,65.67,17.65,56.04
66.00,66.00,70.79,12.94,72.89
69.52,69.52,72.84,0.44,74.80
69.55,69.55,73.48,0.28,75.48
70.16,70.16,66.84,2.36,73.09
72.28,72.28,63.36,1.68,71.88
72.75,72.75,58.85,6.16,71.31
73.41,73.41,62.33,12.59,71.01
69.43,69.43,61.06,9.87,69.31
67.95,67.95,59.91,7.75,70.78
68.39,68.39,57.84,5.98,70.23
70.12,70.12,61.20,6.85,69.85
71.83,71.83,59.65,3.53,66.54
71.74,71.74,59.30,6.07,67.00
71.46,71.46,56.99,3.48,64.59
71.64,71.64,59.49,7.31,66.84
71.61,71.61,61.62,10.47,64.10
73.72,73.72,57.60,7.91,63.90
72.12,72.12,59.37,6.82,64.57
67.49,67.49,60.15,3.71,61.83
59.26,59.26,60.79,0.33,61.22
63.14,63.14,75.56,-0.00,68.35
63.19,63.19,90.40,-0.00,67.80
63.10,63.10,92.95,-0.00,69.02
65.79,65.79,92.24,-0.00,66.97
66.47,66.47,93.41,-0.00,67.30
66.55,66.55,87.33,-0.00,65.15
66.07,66.07,84.81,-0.00,65.58
62.23,62.23,80.98,-0.00,66.13
61.47,61.47,78.94,-0.00,66.27
58.03,58.03,73.47,-0.00,64.07
53.55,53.55,65.71,0.14,63.38
50.47,50.47,61.43,6.92,65.75
49.56,49.56,58.05,7.11,64.59
49.62,49.62,56.15,12.17,64.04
47.25,47.25,60.95,9.87,66.46
44.85,44.85,62.03,13.80,64.61
46.97,46.97,60.78,13.88,63.86
44.39,44.39,56.09,22.44,64.19
44.93,44.93,54.69,22.14,62.70
43.36,43.36,58.68,24.85,62.88
44.78,44.78,69.04,19.32,71.49
34.06,34.06,74.28,11.32,70.77
33.71,33.71,71.83,14.66,71.18
34.17,34.17,65.62,25.35,71.63
37.04,37.04,60.87,25.94,71.30
37.10,37.10,54.85,25.75,71.64
34.69,34.69,53.27,30.47,70.78
36.49,36.49,50.57,32.78,74.14
35.98,35.98,53.44,33.82,75.02
33.07,33.07,57.88,29.75,72.25
32.19,32.19,64.80,25.32,69.02
30.33,30.33,61.96,27.81,67.02
25.66,25.66,57.58,35.79,64.16
29.48,29.48,54.95,39.16,65.88
30.72,30.72,51.70,32.71,66.93
31.61,31.61,48.51,29.19,68.73
34.54,34.54,48.95,32.12,73.04
31.47,31.47,50.78,30.02,64.68
25.46,25.46,50.07,19.92,52.30
17.94,17.94,57.64,12.03,53.82
12.06,12.06,79.16,0.48,65.80
11.39,11.39,91.50,-0.00,62.52
5.57,5.57,92.59,-0.00,63.52
6.04,6.04,92.17,-0.00,66.41
16.74,16.74,93.04,-0.00,68.25
18.86,18.86,86.51,-0.00,67.98
16.18,16.18,84.88,-0.00,65.95
16.71,16.71,81.27,-0.00,68.71
15.37,15.37,78.26,-0.00,66.97
11.74,11.74,73.28,-0.00,65.12
10.04,10.04,76.42,-0.00,65.73
4.31,4.31,77.50,0.01,67.57
5.34,5.34,75.56,5.76,65.57
10.43,10.43,66.29,8.17,63.33
15.97,15.97,51.86,11.11,61.30
20.71,20.71,50.80,17.37,64.04
24.40,24.40,46.23,19.02,65.81
27.98,27.98,49.53,16.26,64.50
26.98,26.98,47.30,16.80,62.28
27.74,27.74,54.00,13.36,63.69
29.46,29.46,65.36,22.76,70.12
32.01,32.01,63.18,26.55,70.57
33.07,33.07,62.05,25.19,70.61
33.00,33.00,56.01,20.38,69.87
35.78,35.78,60.68,27.42,68.04
38.97,38.97,60.30,24.16,65.24
40.39,40.39,56.77,30.97,60.03
44.08,44.08,59.93,36.04,65.81
47.11,47.11,62.02,38.11,71.26
46.79,46.79,58.10,36.04,70.55
57.69,57.69,62.40,34.99,69.48
50.03,50.03,61.96,39.81,66.98
43.61,43.61,57.09,32.72,61.70
35.45,35.45,54.92,36.69,60.62
35.76,35.76,58.88,37.60,69.90
37.23,37.23,58.74,35.58,70.96
45.32,45.32,52.39,29.85,69.63
56.58,56.58,56.29,21.05,67.74
57.71,57.71,62.93,15.73,64.29
61.68,61.68,63.04,1.66,59.87
70.79,70.79,76.43,0.00,67.60
67.97,67.97,91.09,-0.00,70.11
70.47,70.47,92.97,-0.00,72.06
71.36,71.36,92.05,-0.00,71.34
71.32,71.32,92.76,-0.00,73.45
71.58,71.58,87.51,-0.00,73.52
71.78,71.78,85.18,-0.00,69.37
70.66,70.66,81.44,-0.00,67.35
71.24,71.24,78.07,-0.00,66.92
69.89,69.89,73.91,-0.00,66.77
69.67,69.67,66.68,-0.00,69.11
69.84,69.84,53.80,0.13,64.58
67.68,67.68,45.40,3.10,66.27
67.63,67.63,41.98,9.17,65.88
67.08,67.08,35.41,12.19,65.32
63.98,63.98,36.09,16.40,64.57
62.07,62.07,36.56,28.09,62.06
62.01,62.01,40.53,32.47,63.73
55.13,55.13,50.46,32.65,64.11
49.66,49.66,58.90,22.98,62.58
48.33,48.33,67.00,25.91,70.14
45.49,45.49,69.19,21.08,71.19
45.25,45.25,64.03,27.81,70.76
46.70,46.70,59.20,29.19,68.71
42.83,42.83,52.41,35.19,67.98
43.40,43.40,46.85,30.59,65.43
43.87,43.87,54.09,31.73,66.01
40.33,40.33,61.20,33.37,66.86
39.30,39.30,67.86,37.23,67.59
37.54,37.54,63.12,35.74,65.90
38.08,38.08,60.37,34.08,65.04
38.61,38.61,58.37,32.99,65.53
39.89,39.89,51.50,32.83,63.57
39.90,39.90,56.72,30.59,63.68
35.84,35.84,63.30,24.47,65.43
32.37,32.37,64.62,34.39,65.15
31.85,31.85,61.18,29.49,66.18
30.40,30.40,58.73,18.85,64.44
25.94,25.94,57.89,7.73,60.27
18.10,18.10,60.96,0.84,53.37
16.84,16.84,78.72,-0.00,76.07
12.05,12.05,90.99,-0.00,72.40
22.39,22.39,92.57,-0.00,72.60
29.02,29.02,92.36,-0.00,76.60
29.62,29.62,93.21,-0.00,73.88
29.09,29.09,87.28,0.03,75.14
27.52,27.52,85.08,1.70,79.18
28.46,28.46,81.67,10.87,74.73
28.18,28.18,78.18,18.19,74.30
26.18,26.18,72.82,19.85,77.26
25.40,25.40,68.34,25.88,73.77
24.57,24.57,55.74,33.05,73.62
23.26,23.26,53.24,31.45,75.43
22.98,22.98,50.03,32.58,75.00
22.27,22.27,49.21,35.79,72.45
23.04,23.04,49.21,39.28,70.94
28.96,28.96,41.78,32.47,75.00
39.81,39.81,40.10,29.71,71.52
48.05,48.05,45.72,31.27,69.30
60.12,60.12,54.46,27.22,74.26
70.10,70.10,68.13,23.88,71.12
68.85,68.85,75.66,11.73,73.49
68.90,68.90,74.17,11.53,73.97
69.38,69.38,67.54,12.99,75.16
68.82,68.82,65.47,12.41,73.13
71.18,71.18,59.62,16.01,73.68
67.51,67.51,54.21,21.64,73.56
68.60,68.60,51.86,16.72,69.18
70.28,70.28,49.76,8.92,68.12
70.74,70.74,53.39,6.47,68.99
69.99,69.99,60.83,10.05,68.74
69.27,69.27,59.98,9.18,67.78
65.57,65.57,57.84,12.42,68.98
63.11,63.11,58.71,11.57,68.23
61.59,61.59,58.92,10.39,69.91
57.43,57.43,55.64,10.84,71.97
58.29,58.29,55.44,14.76,70.80
59.66,59.66,56.78,6.24,68.01
57.62,57.62,61.95,1.96,67.88
55.56,55.56,66.53,-0.00,61.18
59.33,59.33,77.08,-0.00,68.87
67.05,67.05,90.88,-0.00,56.98
69.79,69.79,93.04,-0.00,58.84
69.71,69.71,92.44,-0.00,58.57
71.89,71.89,93.09,-0.00,57.73
71.40,71.40,87.54,-0.00,55.98
70.19,70.19,85.13,-0.00,53.78
68.04,68.04,81.26,-0.00,56.89
65.45,65.45,78.77,0.07,59.97
62.91,62.91,74.53,2.26,59.09
60.61,60.61,67.29,14.60,58.31
57.29,57.29,55.33,25.95,57.38
61.46,61.46,49.12,26.52,56.52
55.98,55.98,53.99,23.77,55.80
52.71,52.71,63.63,22.48,60.23
49.96,49.96,62.82,33.64,58.00
53.94,53.94,59.07,33.84,54.92
47.00,47.00,55.18,26.96,54.85
50.85,50.85,52.51,29.66,52.57
46.55,46.55,52.70,28.16,54.63
52.47,52.47,68.74,21.96,53.43
46.06,46.06,74.55,29.57,52.46
49.90,49.90,71.90,34.45,52.18
48.18,48.18,67.10,37.17,53.50
45.29,45.29,60.73,36.74,52.85
43.57,43.57,56.70,44.49,52.72
42.43,42.43,53.25,45.06,53.44
40.03,40.03,48.51,41.03,54.48
35.16,35.16,50.83,45.67,53.38
23.73,23.73,53.07,38.50,53.53
20.10,20.10,63.04,33.11,57.10
13.22,13.22,62.73,29.94,53.99
18.31,18.31,57.03,36.28,50.98
24.43,24.43,51.20,41.91,52.24
28.03,28.03,42.79,43.20,50.95
31.04,31.04,41.79,42.68,50.43
40.15,40.15,40.41,36.62,49.76
44.56,44.56,43.60,34.16,46.92
46.92,46.92,52.11,26.13,48.78
60.57,60.57,65.10,5.99,61.22
64.65,64.65,78.70,0.29,71.50
65.40,65.40,91.18,-0.00,74.25
69.23,69.23,91.46,-0.00,70.78
71.95,71.95,92.26,-0.00,73.43
73.56,73.56,92.84,-0.00,74.62
72.13,72.13,87.31,-0.00,72.60
72.55,72.55,84.98,-0.00,71.64
72.57,72.57,81.48,-0.00,76.82
71.45,71.45,78.34,-0.00,71.86
68.36,68.36,73.25,-0.00,71.82
70.94,70.94,76.32,-0.00,75.91
67.32,67.32,77.37,-0.00,71.86
71.22,71.22,75.84,1.42,70.84
70.93,70.93,64.90,5.83,71.78
71.93,71.93,47.46,8.17,70.88
71.17,71.17,43.09,20.21,67.16
71.70,71.70,40.75,23.21,68.54
72.27,72.27,38.41,24.04,68.47
71.72,71.72,47.61,24.19,65.30
71.71,71.71,55.35,16.76,67.20
72.95,72.95,71.03,17.21,75.47
71.37,71.37,66.09,22.42,74.62
71.49,71.49,61.55,23.80,73.29
72.22,72.22,55.66,29.48,62.28
72.86,72.86,56.31,31.02,63.42
74.08,74.08,51.65,36.17,63.42
74.86,74.86,50.07,32.22,62.41
74.24,74.24,54.75,36.96,75.07
73.04,73.04,59.94,40.64,73.62
72.73,72.73,59.84,33.08,65.64
72.60,72.60,63.29,34.88,65.15
71.93,71.93,60.90,42.80,66.51
72.40,72.40,55.50,39.99,64.63
73.05,73.05,55.67,36.35,71.34
73.18,73.18,53.31,39.38,74.14
73.17,73.17,49.97,38.19,71.43
72.30,72.30,44.99,30.14,62.66
70.26,70.26,48.13,26.23,63.11
69.51,69.51,58.07,20.18,60.29
70.08,70.08,58.89,4.94,60.09
72.74,72.74,77.42,-0.00,68.64
72.78,72.78,90.81,-0.00,69.70
70.06,70.06,93.32,-0.00,71.27
68.02,68.02,92.04,-0.00,71.13
69.24,69.24,93.00,-0.00,70.48
73.20,73.20,87.40,-0.00,71.76
71.07,71.07,84.92,-0.00,73.50
69.89,69.89,81.08,-0.00,71.95
70.91,70.91,77.75,0.02,71.13
69.14,69.14,73.52,2.75,68.84
68.18,68.18,67.88,7.57,69.56
66.82,66.82,53.73,5.61,68.98
66.64,66.64,41.06,3.09,68.60
61.78,61.78,37.80,10.46,69.11
60.32,60.32,35.05,10.68,70.88
56.87,56.87,35.07,9.16,71.27
53.33,53.33,33.09,14.74,73.02
53.23,53.23,42.20,14.08,71.86
52.96,52.96,53.82,18.92,73.34
49.58,49.58,63.05,16.36,67.32
46.91,46.91,66.86,18.24,66.77
49.58,49.58,73.66,18.59,64.23
51.51,51.51,70.14,25.62,63.32
51.82,51.82,64.11,34.82,61.00
55.31,55.31,56.79,38.13,62.51
53.49,53.49,58.22,33.65,61.70
50.72,50.72,58.90,40.60,60.58
50.32,50.32,63.48,37.51,58.94
48.75,48.75,68.43,38.84,58.18
43.41,43.41,63.37,36.82,59.42
44.37,44.37,65.41,31.26,57.92
43.50,43.50,63.82,35.75,58.27
42.89,42.89,58.17,28.80,57.17
42.12,42.12,60.94,28.34,54.24
43.29,43.29,67.27,28.05,53.16
44.64,44.64,66.94,37.35,53.22
47.10,47.10,62.78,29.77,51.53
47.89,47.89,58.97,29.80,51.61
45.60,45.60,56.66,17.09,48.68
46.09,46.09,60.34,6.85,51.42
58.21,58.21,79.81,0.23,67.07
66.46,66.46,91.19,-0.00,71.67
68.16,68.16,92.75,-0.00,69.59
69.35,69.35,92.41,-0.00,69.88
70.08,70.08,93.12,-0.00,68.43
72.56,72.56,87.42,-0.00,68.12
71.88,71.88,85.15,1.44,65.99
72.87,72.87,81.50,8.44,66.63
73.30,73.30,78.27,16.76,66.38
72.54,72.54,72.83,29.05,66.09
73.11,73.11,68.14,30.94,66.24
72.14,72.14,56.80,38.99,63.83
56.70,56.70,53.48,43.63,51.62
52.55,52.55,49.09,44.19,47.22
52.73,52.73,47.71,43.24,47.91
55.37,55.37,48.93,45.35,50.40
54.74,54.74,45.34,39.31,50.72
55.63,55.63,45.87,36.18,52.92
55.86,55.86,46.84,34.95,54.73
57.77,57.77,53.92,18.17,58.71
69.51,69.51,64.61,15.47,72.97
70.84,70.84,76.59,1.57,75.28
70.69,70.69,72.92,0.17,74.48
69.80,69.80,68.45,4.65,74.03
69.66,69.66,64.26,9.07,72.05
70.30,70.30,57.36,16.96,72.10
69.50,69.50,53.77,24.30,71.73
68.23,68.23,49.11,22.72,70.77
68.99,68.99,48.73,22.21,69.83
67.81,67.81,47.96,21.17,69.63
66.73,66.73,44.06,21.73,68.64
63.71,63.71,43.21,23.67,69.29
62.47,62.47,37.55,24.28,67.73
62.56,62.56,42.90,23.13,67.64
62.36,62.36,46.89,16.65,66.03
60.40,60.40,42.99,14.46,67.21
56.16,56.16,44.26,14.73,62.80
54.44,54.44,52.60,14.52,64.19
51.40,51.40,57.86,11.15,60.33
45.48,45.48,61.43,1.91,58.62
48.95,48.95,75.45,-0.00,68.29
46.67,46.67,90.90,-0.00,68.14
50.69,50.69,93.01,-0.00,67.63
62.75,62.75,92.40,-0.00,65.58
65.88,65.88,93.11,-0.00,64.99
61.09,61.09,87.34,-0.00,66.14
54.66,54.66,84.59,-0.00,64.88
60.82,60.82,80.79,-0.00,66.43
63.66,63.66,79.55,-0.00,67.01
67.68,67.68,74.19,2.27,67.00
67.29,67.29,67.25,11.98,65.33
65.31,65.31,55.26,17.35,65.37
62.40,62.40,50.89,26.71,66.20
53.91,53.91,54.88,28.22,62.08
53.40,53.40,61.79,24.32,65.44
53.01,53.01,64.07,30.87,64.31
54.24,54.24,60.80,32.30,62.55
56.67,56.67,54.77,36.66,63.41
60.39,60.39,52.98,39.56,60.14
64.22,64.22,59.53,38.79,62.39
63.07,63.07,68.53,29.61,71.64
55.40,55.40,75.39,26.09,71.33
52.77,52.77,71.72,25.32,73.16
51.28,51.28,65.71,35.98,73.09
54.32,54.32,59.90,33.58,72.75
57.44,57.44,54.20,34.29,72.37
56.55,56.55,46.65,36.78,70.32
54.52,54.52,46.15,36.68,72.49
51.37,51.37,52.42,34.75,72.65
48.57,48.57,59.77,33.27,67.91
46.97,46.97,65.13,31.50,68.03
43.78,43.78,64.47,32.23,61.86
43.54,43.54,59.21,37.77,58.09
44.99,44.99,56.90,45.09,56.84
47.56,47.56,47.70,45.51,56.19
46.72,46.72,43.90,47.40,52.94
44.83,44.83,45.37,41.86,52.28
46.06,46.06,46.71,38.09,48.48
39.49,39.49,52.04,32.11,47.08
33.03,33.03,60.33,8.59,49.73
37.76,37.76,80.45,0.14,63.94
35.24,35.24,91.24,-0.00,68.32
39.14,39.14,92.37,-0.00,68.83
40.10,40.10,92.01,-0.00,67.35
39.27,39.27,93.21,-0.00,65.77
44.22,44.22,87.13,-0.00,66.45
40.08,40.08,84.97,-0.00,66.53
42.11,42.11,81.45,-0.00,66.24
34.26,34.26,78.46,-0.00,66.08
29.69,29.69,73.21,-0.00,62.99
26.71,26.71,78.02,-0.00,64.75
22.38,22.38,78.06,-0.00,63.63
25.65,25.65,76.74,5.33,63.53
28.86,28.86,63.70,12.22,65.13
32.51,32.51,46.95,20.30,65.02
33.65,33.65,44.19,26.95,65.14
36.77,36.77,47.36,32.99,64.45
37.40,37.40,45.76,32.36,64.75
33.55,33.55,47.77,31.49,63.81
24.64,24.64,54.17,25.42,55.99
29.67,29.67,69.11,21.20,68.92
31.09,31.09,66.35,21.02,69.59
30.62,30.62,60.70,27.50,67.36
30.31,30.31,55.40,36.31,66.48
33.42,33.42,61.72,36.23,67.83
32.35,32.35,60.36,37.63,66.29
31.28,31.28,58.19,33.85,64.55
33.86,33.86,61.14,41.54,71.31
37.72,37.72,61.06,44.15,69.04
39.84,39.84,58.34,34.82,66.90
50.60,50.60,64.75,37.29,69.79
43.18,43.18,63.09,46.27,66.32
37.21,37.21,56.10,35.44,62.29
37.58,37.58,56.08,44.04,67.35
39.45,39.45,62.21,46.35,70.79
40.22,40.22,59.45,43.50,69.06
43.08,43.08,56.67,38.57,67.36
55.18,55.18,58.76,34.80,67.11
47.87,47.87,63.35,33.18,65.90
47.30,47.30,62.09,13.08,59.65
59.21,59.21,79.01,0.70,72.40
61.54,61.54,91.17,-0.00,72.32
60.07,60.07,92.44,-0.00,74.19
59.91,59.91,91.79,-0.00,75.66
62.09,62.09,92.93,0.00,75.46
63.61,63.61,87.27,-0.00,75.30
62.39,62.39,84.92,-0.00,74.00
63.33,63.33,81.31,0.09,73.13
62.65,62.65,78.03,4.27,71.03
62.79,62.79,73.22,6.56,70.37
61.53,61.53,67.58,11.22,68.78
60.07,60.07,53.90,17.32,69.02
59.25,59.25,37.52,18.92,69.29
56.92,56.92,35.95,24.05,68.87
53.95,53.95,31.59,20.35,66.41
55.42,55.42,29.85,25.31,68.48
53.57,53.57,29.02,29.44,67.41
48.36,48.36,37.00,31.00,66.29
48.35,48.35,47.96,30.25,66.14
40.71,40.71,56.61,31.32,64.27
41.54,41.54,69.96,21.36,67.25
37.55,37.55,71.53,21.28,66.11
42.44,42.44,68.95,18.77,65.73
44.82,44.82,66.00,32.56,67.34
43.60,43.60,66.51,27.42,69.15
39.08,39.08,64.54,36.26,68.98
36.73,36.73,64.86,31.42,67.59
35.23,35.23,68.38,28.00,71.99
33.31,33.31,71.03,35.12,74.98
33.07,33.07,67.78,25.72,72.69
29.65,29.65,68.35,33.07,66.97
36.05,36.05,66.01,32.79,67.53
43.19,43.19,66.43,35.13,66.73
34.18,34.18,64.90,35.15,66.32
33.10,33.10,67.76,34.11,67.33
34.28,34.28,70.56,33.24,68.74
34.05,34.05,64.45,28.80,73.51
36.34,36.34,60.48,30.09,72.64
36.13,36.13,62.34,19.50,65.73
32.86,32.86,63.22,11.76,58.02
39.47,39.47,78.91,1.34,55.79
44.56,44.56,90.88,-0.00,49.80
47.57,47.57,92.60,-0.00,47.55
50.05,50.05,92.34,-0.00,48.71
52.32,52.32,93.16,-0.00,49.42
51.03,51.03,87.36,0.04,52.73
50.26,50.26,85.25,4.66,56.01
49.23,49.23,81.33,16.28,56.43
48.16,48.16,78.25,22.89,58.45
47.02,47.02,73.58,35.60,57.27
47.45,47.45,67.30,38.26,53.16
43.44,43.44,60.28,45.49,49.05
46.27,46.27,55.59,48.52,47.65
44.50,44.50,55.11,49.85,43.52
45.52,45.52,58.79,46.46,42.31
46.28,46.28,54.35,46.39,40.22
47.34,47.34,47.15,41.15,41.32
53.67,53.67,54.47,35.76,42.79
51.58,51.58,49.78,32.16,46.78
55.70,55.70,57.88,35.49,58.99
65.55,65.55,69.16,28.39,72.55
66.03,66.03,79.06,20.62,75.91
68.21,68.21,73.75,19.51,76.92
67.81,67.81,67.45,21.23,74.79
73.64,73.64,62.05,25.42,75.22
73.98,73.98,60.10,26.21,74.60
68.75,68.75,60.30,28.05,74.95
70.52,70.52,56.21,23.12,73.21
69.24,69.24,53.08,22.76,71.67
70.60,70.60,54.33,20.12,71.59
69.56,69.56,57.93,19.41,70.50
67.47,67.47,54.41,21.46,69.71
67.81,67.81,52.10,22.64,71.19
69.34,69.34,46.14,24.96,69.58
70.40,70.40,42.65,24.04,71.77
71.39,71.39,39.58,18.29,72.18
71.85,71.85,42.58,14.34,68.29
72.91,72.91,48.05,14.92,69.16
71.25,71.25,57.24,10.34,69.22
59.76,59.76,64.82,2.75,65.29
59.11,59.11,77.84,-0.00,64.88
47.14,47.14,90.93,-0.00,69.97
50.14,50.14,92.92,-0.00,70.51
49.67,49.67,92.38,-0.00,71.29
51.08,51.08,93.07,0.00,72.14
53.97,53.97,87.75,-0.00,71.79
52.75,52.75,85.48,-0.00,71.97
55.23,55.23,81.31,0.14,72.58
48.36,48.36,78.54,2.38,72.91
50.09,50.09,74.00,12.62,72.24
60.31,60.31,66.71,19.56,72.48
60.12,60.12,59.86,28.82,72.19
60.81,60.81,55.42,29.64,72.12
60.51,60.51,54.73,30.31,72.44
57.01,57.01,62.79,34.77,72.81
52.47,52.47,62.72,37.99,72.51
60.12,60.12,58.71,35.17,72.49
63.55,63.55,52.80,37.90,72.51
60.90,60.90,55.44,32.82,72.54
49.61,49.61,61.57,30.79,71.92
44.29,44.29,72.84,31.91,71.78
36.24,36.24,74.71,27.28,72.18
46.17,46.17,71.60,31.41,72.64
58.88,58.88,67.32,37.98,72.47
59.66,59.66,62.42,31.43,72.18
60.39,60.39,56.43,41.29,71.80
55.67,55.67,52.50,40.24,62.92
48.11,48.11,45.71,43.83,73.84
38.69,38.69,49.50,44.86,75.44
35.48,35.48,54.49,35.16,75.55
36.99,36.99,64.43,33.51,75.87
32.34,32.34,63.04,32.90,75.63
33.29,33.29,57.66,39.86,75.50
43.43,43.43,60.33,40.01,73.69
46.09,46.09,59.84,36.88,72.51
52.27,52.27,55.22,27.21,72.61
57.34,57.34,44.82,25.89,72.76
59.09,59.09,42.93,22.28,72.89
59.02,59.02,52.63,18.68,72.44
60.33,60.33,66.01,4.53,71.33
62.57,62.57,78.83,0.00,71.48
65.07,65.07,91.07,-0.00,70.31
68.32,68.32,91.81,-0.00,71.12
73.40,73.40,92.01,-0.00,70.43
71.62,71.62,93.09,-0.00,71.21
73.53,73.53,87.15,-0.00,71.99
71.58,71.58,84.95,-0.00,72.22
72.18,72.18,81.33,-0.00,69.43
69.27,69.27,78.12,-0.00,70.06
70.17,70.17,74.04,-0.00,69.42
71.27,71.27,76.41,-0.00,67.99
72.96,72.96,77.20,-0.00,66.93
72.47,72.47,77.10,0.33,65.18
72.43,72.43,64.89,4.23,63.61
74.71,74.71,48.27,13.67,60.91
75.34,75.34,48.67,20.28,57.35
74.25,74.25,42.49,33.52,55.18
75.79,75.79,42.82,24.68,55.86
74.71,74.71,50.26,36.31,55.87
72.35,72.35,59.37,22.48,59.52
72.19,72.19,71.04,17.49,65.58
72.24,72.24,67.02,21.38,68.80
72.46,72.46,60.70,22.55,69.49
72.99,72.99,56.14,27.06,67.87
73.71,73.71,56.30,29.21,68.13
72.92,72.92,49.72,34.11,66.85
74.19,74.19,45.80,28.92,65.61
73.53,73.53,48.64,32.66,64.71
73.43,73.43,55.03,40.92,65.97
74.45,74.45,56.07,31.67,63.96
73.20,73.20,61.47,32.75,67.20
73.85,73.85,60.85,41.12,65.93
74.99,74.99,55.60,39.44,64.30
73.25,73.25,53.07,37.04,64.14
74.88,74.88,51.80,41.32,66.62
73.64,73.64,48.38,39.26,65.84
74.96,74.96,45.60,33.41,63.61
74.79,74.79,47.41,29.14,65.31
74.73,74.73,58.41,23.83,63.24
74.22,74.22,63.49,13.08,60.35
75.00,75.00,75.77,0.61,64.56
73.17,73.17,91.39,-0.00,66.53
72.09,72.09,92.77,-0.00,70.20
67.83,67.83,92.02,-0.00,69.51
67.98,67.98,93.20,-0.00,70.74
70.32,70.32,87.22,-0.00,71.45
72.49,72.49,85.16,-0.00,71.28
72.49,72.49,82.01,-0.00,69.02
70.33,70.33,78.79,0.02,69.41
66.27,66.27,74.30,0.85,70.60
65.80,65.80,67.80,7.90,71.51
65.53,65.53,55.85,12.96,71.59
64.77,64.77,51.36,15.33,71.74
62.33,62.33,49.58,15.34,70.49
63.42,63.42,49.53,20.57,70.16
62.16,62.16,50.12,23.34,69.93
63.65,63.65,47.54,18.97,69.69
65.54,65.54,47.38,24.56,71.03
65.42,65.42,49.25,15.20,69.89
63.71,63.71,55.50,19.43,68.22
69.05,69.05,63.96,12.46,66.07
71.87,71.87,70.60,7.42,65.49
72.50,72.50,66.77,12.64,65.22
71.92,71.92,59.31,21.66,64.74
72.56,72.56,48.97,22.85,64.11
72.87,72.87,46.26,27.16,61.48
71.52,71.52,55.16,23.85,59.79
68.83,68.83,64.28,26.25,61.23
64.60,64.60,70.25,26.22,62.04
61.21,61.21,62.96,25.81,61.06
58.76,58.76,62.44,29.88,59.47
58.85,58.85,61.97,27.91,57.52
68.04,68.04,54.64,30.85,58.57
74.40,74.40,57.21,27.42,55.20
74.66,74.66,61.24,26.77,56.00
74.43,74.43,64.33,30.79,55.03
75.09,75.09,60.06,22.96,57.68
75.62,75.62,56.16,21.34,53.88
74.01,74.01,58.79,12.44,47.72
67.40,67.40,65.48,5.50,44.16
67.42,67.42,81.62,0.45,44.95
68.36,68.36,90.80,-0.00,41.25
71.17,71.17,92.56,0.00,40.94
72.59,72.59,92.27,-0.00,43.02
71.98,71.98,93.08,-0.00,43.99
72.90,72.90,87.51,-0.00,41.17
71.86,71.86,85.35,0.20,39.58
71.40,71.40,81.61,6.21,40.44
71.74,71.74,78.27,15.84,40.89
71.98,71.98,73.68,29.27,38.78
71.53,71.53,68.30,32.69,38.79
70.62,70.62,53.09,37.67,37.63
71.90,71.90,49.24,41.58,40.24
72.54,72.54,46.51,43.71,39.62
74.37,74.37,42.79,40.89,36.46
73.90,73.90,39.09,44.77,40.07
76.42,76.42,38.36,40.28,37.90
74.96,74.96,35.73,28.70,41.51
69.54,69.54,41.68,28.06,49.14
65.40,65.40,56.51,18.42,57.00
74.39,74.39,67.23,12.65,71.72
74.27,74.27,75.28,2.61,74.82
74.78,74.78,73.08,6.81,76.53
76.12,76.12,66.92,13.16,74.83
76.01,76.01,61.19,18.36,75.28
74.41,74.41,55.37,24.68,71.62
75.44,75.44,49.20,20.77,73.89
78.60,78.60,47.57,22.19,71.76
78.75,78.75,50.84,21.23,70.83
78.03,78.03,49.86,15.91,70.00
77.88,77.88,44.83,22.22,70.36
76.86,76.86,51.40,23.46,68.69
69.18,69.18,62.32,19.97,67.37
72.35,72.35,63.02,16.89,67.65
75.26,75.26,63.10,16.21,65.10
75.55,75.55,60.09,19.12,63.59
73.89,73.89,55.75,23.25,64.82
74.16,74.16,54.24,25.95,63.81
72.28,72.28,56.63,20.50,59.16
72.44,72.44,60.91,7.77,53.39
74.46,74.46,76.08,-0.00,61.15
72.06,72.06,90.65,-0.00,59.77
70.92,70.92,92.85,-0.00,62.30
70.36,70.36,92.22,-0.00,61.67
73.03,73.03,93.06,-0.00,58.97
73.09,73.09,87.46,-0.00,58.93
71.85,71.85,84.68,-0.00,57.52
73.20,73.20,80.55,-0.00,59.03
71.08,71.08,78.17,0.24,60.48
59.97,59.97,73.35,11.65,54.30
58.98,58.98,67.51,25.51,55.26
60.74,60.74,60.33,24.82,53.77
59.62,59.62,56.39,20.48,53.04
71.34,71.34,57.01,28.36,53.39
71.53,71.53,60.38,18.93,54.49
71.87,71.87,62.03,28.15,53.04
70.09,70.09,57.81,28.00,51.98
70.02,70.02,53.57,35.06,51.17
70.69,70.69,52.32,27.98,49.22
71.19,71.19,57.28,27.46,48.83
73.32,73.32,68.64,22.68,55.16
72.99,72.99,73.48,18.76,52.44
73.30,73.30,70.89,17.37,52.83
72.89,72.89,65.93,30.10,52.54
72.53,72.53,59.74,29.42,50.61
72.93,72.93,54.74,29.13,50.22
72.38,72.38,48.74,38.32,52.05
72.99,72.99,45.60,34.81,48.21
72.20,72.20,48.59,36.50,49.90
72.88,72.88,55.92,30.39,50.42
73.53,73.53,64.76,24.04,56.47
70.51,70.51,60.14,22.12,50.24
65.19,65.19,56.93,30.13,48.39
68.88,68.88,49.46,36.99,45.52
72.80,72.80,40.94,37.15,47.59
73.28,73.28,36.49,40.03,46.51
71.67,71.67,33.62,39.47,43.24
72.47,72.47,40.81,32.98,40.94
72.09,72.09,53.16,23.74,35.30
68.59,68.59,63.02,14.31,31.58
72.33,72.33,80.57,0.38,37.78
72.05,72.05,89.84,-0.00,36.22
70.97,70.97,93.04,0.05,41.29
74.64,74.64,91.61,-0.00,50.13
76.51,76.51,92.71,-0.00,58.01
76.68,76.68,86.49,-0.00,63.01
76.74,76.74,84.64,-0.00,64.46
75.53,75.53,81.47,0.01,64.13
73.01,73.01,78.48,-0.00,60.24
72.68,72.68,73.24,-0.00,52.19
71.37,71.37,77.17,-0.00,42.45
66.61,66.61,75.49,-0.00,38.07
71.14,71.14,78.37,0.07,34.18
72.70,72.70,65.12,5.37,33.38
72.45,72.45,53.70,23.33,38.07
72.25,72.25,54.08,28.20,36.99
72.50,72.50,52.77,32.85,39.39
71.39,71.39,48.52,31.01,34.20
69.95,69.95,46.78,24.34,33.99
69.34,69.34,52.51,28.27,34.73
66.31,66.31,70.27,26.45,43.50
62.91,62.91,67.29,30.66,47.48
69.98,69.98,59.99,30.45,46.17
73.75,73.75,55.42,35.97,50.80
74.73,74.73,54.73,38.52,55.46
73.67,73.67,53.36,41.25,51.88
72.64,72.64,49.23,32.56,51.16
72.12,72.12,50.23,35.92,51.31
70.39,70.39,56.15,42.16,49.36
70.47,70.47,56.80,35.89,49.14
71.98,71.98,64.45,36.56,50.85
73.32,73.32,60.85,36.94,52.10
73.73,73.73,54.60,39.77,50.58
73.19,73.19,51.35,35.26,49.54
73.99,73.99,50.88,33.17,51.13
74.26,74.26,51.43,35.50,47.95
74.47,74.47,42.80,32.23,45.31
72.41,72.41,48.08,28.27,49.61
72.81,72.81,55.66,26.37,52.20
73.09,73.09,66.28,9.86,62.26
72.92,72.92,77.26,1.31,69.97
70.70,70.70,90.20,0.04,69.12
70.57,70.57,92.99,-0.00,70.81
71.25,71.25,91.76,-0.00,73.66
73.00,73.00,92.78,-0.00,73.67
75.35,75.35,87.74,0.58,73.34
74.74,74.74,85.54,1.76,74.48
72.51,72.51,81.43,3.45,73.47
70.34,70.34,77.79,6.16,72.19
73.73,73.73,73.46,12.27,70.40
74.58,74.58,67.04,5.24,69.46
74.87,74.87,52.77,10.52,66.48
74.54,74.54,31.44,15.77,68.55
74.47,74.47,32.10,27.10,65.46
75.01,75.01,27.91,25.64,65.93
74.99,74.99,28.31,19.93,64.99
74.66,74.66,26.28,32.16,65.63
70.77,70.77,37.36,34.08,62.94
71.63,71.63,48.65,36.54,62.80
71.55,71.55,58.53,28.53,61.38
62.05,62.05,65.50,25.59,61.73
72.01,72.01,68.64,21.98,56.62
73.95,73.95,64.97,30.33,56.46
72.99,72.99,60.72,39.85,54.60
71.01,71.01,54.82,45.32,53.41
70.65,70.65,50.93,40.68,51.64
70.05,70.05,53.70,38.77,51.40
70.80,70.80,62.68,25.06,54.25
69.82,69.82,66.90,33.50,55.67
67.22,67.22,61.65,33.56,53.79
68.32,68.32,61.60,31.32,53.78
69.09,69.09,60.37,34.57,53.28
74.41,74.41,53.92,35.77,50.62
74.27,74.27,54.69,34.67,52.60
75.55,75.55,64.38,29.87,54.56
74.71,74.71,66.30,37.16,52.65
76.85,76.85,59.14,38.58,48.77
76.76,76.76,56.98,36.47,46.69
78.28,78.28,56.24,26.70,42.29
77.70,77.70,62.53,28.97,34.99
75.30,75.30,79.93,11.52,30.88
75.14,75.14,91.00,0.06,28.80
73.66,73.66,92.19,0.03,34.66
72.53,72.53,92.29,-0.00,34.20
67.91,67.91,93.27,3.51,34.29
58.60,58.60,87.41,18.99,32.23
57.60,57.60,84.92,31.07,35.17
57.20,57.20,81.45,33.21,41.65
57.34,57.34,78.06,31.36,42.54
57.92,57.92,74.18,44.21,44.90
57.78,57.78,66.86,49.56,44.00
61.96,61.96,56.32,50.34,41.83
62.65,62.65,51.81,52.70,35.95
62.89,62.89,49.35,51.72,35.28
67.13,67.13,38.80,46.15,37.07
71.92,71.92,39.43,37.55,39.39
73.20,73.20,39.73,37.71,46.48
74.09,74.09,38.36,38.06,49.51
74.00,74.00,44.52,29.49,52.90
74.18,74.18,54.09,25.32,64.34
76.16,76.16,67.97,27.93,74.28
76.50,76.50,77.15,22.23,75.61
75.52,75.52,71.83,22.89,75.76
76.15,76.15,69.12,25.78,76.75
71.57,71.57,61.45,20.89,75.27
68.36,68.36,59.20,31.59,75.40
65.37,65.37,55.84,37.00,76.48
66.76,66.76,50.31,32.06,74.06
67.89,67.89,43.81,18.88,69.88
67.24,67.24,43.85,28.82,72.08
66.68,66.68,45.62,28.61,72.34
64.23,64.23,48.74,15.80,70.04
73.59,73.59,51.63,23.62,69.88
78.51,78.51,51.10,22.80,72.26
78.25,78.25,48.56,19.78,71.51
75.54,75.54,40.92,22.37,72.26
75.74,75.74,43.78,23.57,73.17
75.32,75.32,49.32,18.01,69.13
76.45,76.45,58.98,12.86,68.93
77.97,77.97,66.39,3.49,63.51
79.95,79.95,78.53,-0.00,53.61
77.22,77.22,90.22,-0.00,48.61
68.80,68.80,93.24,-0.00,49.61
63.97,63.97,92.55,-0.00,48.16
63.13,63.13,93.12,-0.00,47.16
66.70,66.70,87.16,1.78,45.54
64.86,64.86,85.23,12.35,44.69
66.53,66.53,81.16,20.64,48.54
66.22,66.22,78.97,27.20,51.43
64.49,64.49,74.41,33.66,51.44
64.73,64.73,67.83,38.76,50.51
59.82,59.82,55.78,41.08,46.23
74.70,74.70,53.31,36.19,49.46
76.80,76.80,53.53,35.50,49.80
78.56,78.56,61.60,28.28,55.14
79.63,79.63,61.41,32.20,56.59
79.56,79.56,54.81,32.28,56.29
79.73,79.73,50.18,31.30,57.08
79.06,79.06,47.87,34.45,56.68
78.67,78.67,52.91,26.10,58.09
77.95,77.95,63.87,16.13,66.99
77.58,77.58,72.72,16.28,67.39
77.79,77.79,70.59,12.29,67.05
77.83,77.83,65.09,18.61,65.48
78.21,78.21,59.05,27.14,64.86
77.36,77.36,53.62,25.99,63.55
76.49,76.49,49.82,30.54,62.41
75.49,75.49,43.40,33.09,61.51
74.64,74.64,46.39,28.19,61.29
60.36,60.36,50.04,28.96,61.19
59.99,59.99,56.53,23.00,63.55
60.30,60.30,58.01,24.12,61.12
61.55,61.55,60.55,24.84,61.46
64.19,64.19,53.72,28.50,60.26
72.34,72.34,49.83,25.92,60.59
77.02,77.02,48.22,36.01,61.21
75.37,75.37,45.56,32.32,61.62
73.65,73.65,47.73,32.30,61.48
72.89,72.89,56.55,15.37,60.41
72.04,72.04,67.24,7.66,64.33
73.78,73.78,81.08,0.75,66.74
74.27,74.27,91.21,6.45,64.89
75.12,75.12,91.76,18.02,67.15
76.00,76.00,91.96,21.23,67.54
76.34,76.34,92.82,18.70,68.90
76.33,76.33,86.67,7.73,69.54
76.60,76.60,84.40,-0.00,68.66
76.14,76.14,81.17,-0.00,67.49
76.50,76.50,77.23,-0.00,66.84
75.09,75.09,74.85,-0.00,63.61
76.04,76.04,76.00,-0.00,64.67
75.32,75.32,76.73,-0.00,64.62
76.03,76.03,78.16,-0.00,64.62
74.92,74.92,65.69,-0.00,64.96
75.80,75.80,58.71,0.00,63.34
73.87,73.87,53.47,2.68,63.60
75.19,75.19,50.69,5.30,66.69
75.62,75.62,44.77,12.88,65.03
75.96,75.96,45.95,7.48,63.98
75.78,75.78,55.57,16.12,63.45
75.03,75.03,68.82,19.87,68.24
73.14,73.14,64.94,20.74,69.46
73.40,73.40,61.05,20.09,70.35
73.48,73.48,56.31,21.26,68.28
74.35,74.35,56.47,23.14,70.15
74.32,74.32,50.46,24.65,65.10
72.65,72.65,49.13,28.86,63.47
72.12,72.12,52.53,32.55,65.86
72.29,72.29,56.23,39.12,70.15
71.48,71.48,57.00,37.82,69.25
71.96,71.96,60.98,31.76,69.36
70.89,70.89,61.63,37.38,67.21
71.31,71.31,56.67,27.74,64.21
70.03,70.03,54.98,34.98,61.50
71.33,71.33,57.88,43.47,69.36
71.00,71.00,54.01,40.36,69.46
70.39,70.39,49.31,35.86,69.37
69.68,69.68,51.06,29.60,67.31
68.95,68.95,60.65,17.37,63.84
70.18,70.18,62.54,6.79,62.03
75.77,75.77,79.01,1.36,65.92
70.81,70.81,90.98,0.01,66.25
70.58,70.58,92.28,0.00,68.56
70.75,70.75,91.87,0.00,69.53
71.31,71.31,92.87,-0.00,69.44
71.24,71.24,88.11,-0.00,72.77
69.73,69.73,85.69,-0.00,72.06
69.64,69.64,81.66,0.15,72.05
67.93,67.93,77.90,5.83,69.39
67.35,67.35,73.81,14.93,67.80
66.34,66.34,67.64,21.37,64.59
66.51,66.51,53.92,19.12,65.78
65.06,65.06,44.25,17.78,65.89
63.10,63.10,40.61,27.17,63.41
63.47,63.47,37.88,23.36,65.05
60.36,60.36,36.75,30.74,63.11
58.70,58.70,35.33,37.80,65.94
60.40,60.40,36.49,39.51,68.87
60.27,60.27,52.37,38.38,68.95
62.28,62.28,61.54,35.49,66.37
63.98,63.98,65.61,31.38,58.94
71.77,71.77,70.28,24.04,54.86
76.16,76.16,68.23,26.14,53.33
74.68,74.68,65.94,36.65,54.72
74.51,74.51,60.31,36.04,55.02
75.32,75.32,50.93,38.00,54.13
75.38,75.38,50.57,36.97,52.42
75.68,75.68,60.12,31.01,54.51
75.76,75.76,66.42,36.07,56.62
75.37,75.37,61.15,30.52,59.27
75.30,75.30,58.70,30.81,57.96
75.76,75.76,58.31,34.97,56.73
73.87,73.87,51.24,28.75,54.44
73.29,73.29,53.44,30.46,54.71
72.85,72.85,62.69,26.53,57.26
72.62,72.62,63.20,35.15,54.20
70.99,70.99,57.32,32.54,54.15
69.76,69.76,56.11,25.85,48.85
68.76,68.76,57.33,18.67,44.10
69.51,69.51,63.84,7.96,37.64
69.88,69.88,81.32,0.24,37.60
72.42,72.42,90.76,-0.00,30.31
70.85,70.85,92.20,0.08,35.04
72.24,72.24,92.39,-0.00,41.13
70.62,70.62,92.95,-0.00,42.81
70.83,70.83,87.38,0.49,39.35
72.17,72.17,84.87,10.53,37.87
72.08,72.08,81.55,17.71,39.94
72.57,72.57,77.75,24.41,39.00
72.57,72.57,73.92,31.72,39.34
71.72,71.72,67.40,41.67,40.99
70.82,70.82,55.59,48.54,37.05
61.67,61.67,44.62,51.33,35.37
56.63,56.63,44.72,50.56,34.93
54.23,54.23,44.13,44.01,34.25
52.79,52.79,40.99,40.83,36.53
50.46,50.46,42.50,48.05,39.46
51.19,51.19,41.74,46.45,45.40
55.15,55.15,44.22,34.74,49.62
66.13,66.13,55.14,21.62,62.61
72.87,72.87,68.11,14.77,72.02
76.92,76.92,76.97,0.68,77.91
79.01,79.01,72.41,2.03,79.21
77.91,77.91,67.56,7.95,74.68
75.98,75.98,61.32,9.55,74.54
75.15,75.15,56.93,16.20,75.59
75.04,75.04,51.45,24.20,75.83
75.95,75.95,45.54,23.70,77.02
71.99,71.99,39.36,22.25,73.77
71.24,71.24,32.20,19.45,72.06
71.84,71.84,33.39,24.32,72.99
72.05,72.05,33.79,24.17,71.34
75.47,75.47,32.77,25.78,68.73
75.64,75.64,30.79,26.45,66.38
76.46,76.46,29.09,23.73,68.34
77.36,77.36,28.93,28.85,67.67
77.76,77.76,29.23,29.85,64.74
78.15,78.15,38.93,25.47,64.60
77.90,77.90,52.39,19.98,61.82
77.66,77.66,59.95,6.92,59.12
77.08,77.08,76.62,0.03,66.12
74.05,74.05,90.38,-0.00,64.05
72.87,72.87,92.88,-0.00,63.55
69.09,69.09,92.21,-0.00,62.64
58.67,58.67,93.30,-0.00,63.52
58.34,58.34,87.33,-0.00,61.04
56.58,56.58,84.86,-0.00,59.07
56.15,56.15,81.05,0.00,57.71
60.73,60.73,78.72,6.46,59.64
56.41,56.41,74.21,21.91,58.04
58.35,58.35,67.23,29.83,56.89
61.47,61.47,58.36,36.77,55.55
68.26,68.26,54.98,35.66,55.41
70.53,70.53,54.34,32.60,54.55
71.26,71.26,61.53,30.60,55.52
71.50,71.50,62.19,29.90,55.03
72.46,72.46,55.82,38.49,55.35
72.24,72.24,48.38,36.51,55.38
73.03,73.03,49.35,35.94,53.51
73.11,73.11,55.07,36.67,51.44
73.19,73.19,69.51,24.34,55.48
73.28,73.28,74.92,21.35,52.73
73.03,73.03,71.07,23.07,53.18
72.12,72.12,66.69,35.77,50.94
71.47,71.47,61.51,36.93,51.09
71.99,71.99,54.63,41.40,46.97
69.79,69.79,54.92,47.29,48.07
60.83,60.83,52.55,48.25,46.85
52.87,52.87,48.38,40.13,46.51
52.54,52.54,51.78,45.29,48.49
62.04,62.04,62.35,39.63,53.03
63.99,63.99,61.92,40.91,46.29
72.24,72.24,58.07,44.65,41.38
71.34,71.34,50.86,48.56,37.33
73.50,73.50,45.50,39.52,37.31
73.54,73.54,38.56,40.45,36.94
72.50,72.50,37.45,46.42,37.91
72.38,72.38,48.03,45.70,37.94
72.89,72.89,52.02,37.14,38.79
74.58,74.58,59.90,26.10,49.37
76.67,76.67,80.65,5.21,62.23
74.14,74.14,90.54,2.03,62.44
73.03,73.03,93.21,3.60,63.78
72.41,72.41,91.68,1.37,64.37
73.36,73.36,92.68,0.01,68.74
72.65,72.65,86.87,0.15,68.41
72.17,72.17,84.65,9.03,68.61
71.64,71.64,81.38,14.27,66.75
72.17,72.17,77.50,13.38,65.81
73.22,73.22,72.88,8.04,63.92
75.92,75.92,76.79,0.01,57.96
75.47,75.47,76.24,-0.00,44.12
75.06,75.06,78.72,1.77,39.62
74.97,74.97,63.92,7.99,40.98
73.53,73.53,51.08,26.68,41.65
72.79,72.79,48.69,36.81,41.38
69.25,69.25,47.27,38.53,39.33
71.65,71.65,41.43,38.16,39.01
72.06,72.06,37.43,31.54,38.01
67.80,67.80,44.17,29.40,42.46
73.35,73.35,57.76,30.63,49.87
70.84,70.84,62.28,36.80,51.17
74.51,74.51,59.70,37.80,47.50
75.97,75.97,56.02,40.93,50.29
75.25,75.25,54.32,44.67,50.33
74.04,74.04,51.48,43.36,50.13
73.17,73.17,47.71,35.87,49.05
72.22,72.22,47.35,41.06,51.03
72.03,72.03,53.24,44.85,51.06
70.41,70.41,54.05,35.67,50.40
72.86,72.86,62.45,39.92,54.95
73.04,73.04,59.75,42.36,54.67
72.35,72.35,53.78,35.96,52.99
71.63,71.63,51.52,36.87,50.45
73.47,73.47,52.80,42.72,50.80
71.95,71.95,50.36,41.75,48.21
65.19,65.19,45.32,36.47,47.48
62.03,62.03,49.92,40.50,48.25
60.84,60.84,56.97,33.34,51.13
57.87,57.87,59.03,23.61,56.10
64.32,64.32,77.80,17.47,68.13
65.24,65.24,91.55,0.70,70.42
65.50,65.50,92.91,0.10,72.62
67.17,67.17,91.74,-0.00,72.73
65.96,65.96,92.76,-0.00,73.34
67.98,67.98,87.43,-0.00,74.81
69.11,69.11,84.78,-0.00,74.43
71.80,71.80,81.05,-0.00,75.57
70.70,70.70,78.06,0.53,72.97
70.40,70.40,73.98,4.17,73.43
71.25,71.25,67.12,16.10,73.07
69.37,69.37,53.78,18.44,71.31
69.88,69.88,41.61,16.30,70.13
66.53,66.53,36.71,21.70,71.16
62.14,62.14,30.26,28.80,67.70
56.31,56.31,26.09,21.69,66.51
60.80,60.80,27.56,18.46,68.01
65.30,65.30,34.48,18.12,68.29
63.94,63.94,51.13,19.28,68.90
57.46,57.46,54.09,20.64,66.83
69.52,69.52,65.17,18.65,66.25
72.67,72.67,69.90,16.16,63.96
72.88,72.88,66.54,21.01,61.48
73.36,73.36,59.52,31.05,61.47
70.32,70.32,49.62,31.52,61.01
64.35,64.35,50.99,37.63,58.95
62.86,62.86,53.55,29.20,58.11
62.80,62.80,62.17,29.73,59.54
61.37,61.37,66.40,36.53,58.17
61.69,61.69,62.29,32.41,59.00
62.46,62.46,61.71,36.56,58.66
60.71,60.71,61.48,36.72,55.45
66.22,66.22,53.31,35.14,52.73
69.83,69.83,52.88,36.43,51.69
71.15,71.15,63.03,30.37,53.69
72.58,72.58,61.98,39.19,54.24
72.12,72.12,58.63,33.64,51.73
75.06,75.06,53.67,34.76,48.56
74.23,74.23,57.20,26.93,43.41
73.95,73.95,62.64,11.02,33.79
74.49,74.49,80.87,0.13,32.92
71.97,71.97,91.43,-0.00,31.65
70.14,70.14,92.02,0.04,33.35
72.96,72.96,92.13,-0.00,36.80
70.22,70.22,93.27,0.30,36.51
70.23,70.23,87.20,5.27,36.49
62.03,62.03,84.83,13.85,38.34
56.42,56.42,81.53,21.36,37.06
56.98,56.98,77.94,31.20,37.93
56.05,56.05,74.18,38.02,40.48
60.43,60.43,67.86,41.93,39.81
69.41,69.41,54.80,46.05,39.93
71.96,71.96,48.47,46.36,42.16
75.24,75.24,47.52,45.56,42.85
76.47,76.47,40.00,42.78,43.28
76.85,76.85,40.29,37.71,40.54
76.56,76.56,39.54,38.93,41.78
75.90,75.90,39.25,41.45,47.93
74.61,74.61,42.07,34.41,49.27
60.81,60.81,57.83,26.45,59.89
66.66,66.66,68.96,27.93,68.31
72.06,72.06,77.23,14.05,70.88
75.78,75.78,72.38,13.19,73.90
78.15,78.15,69.57,14.26,73.23
77.63,77.63,62.89,20.47,72.48
77.02,77.02,61.39,24.09,71.42
76.29,76.29,55.19,30.26,70.31
76.55,76.55,50.08,26.29,73.05
77.53,77.53,44.81,19.28,72.66
77.14,77.14,42.03,19.52,71.74
75.98,75.98,41.65,23.73,72.87
76.23,76.23,38.39,23.54,70.41
77.16,77.16,36.89,17.00,71.04
77.73,77.73,36.24,26.57,69.05
77.41,77.41,37.20,19.38,65.18
77.24,77.24,37.14,20.54,66.51
77.25,77.25,37.89,22.19,66.04
77.29,77.29,45.95,17.62,66.71
76.99,76.99,53.39,5.59,61.21
76.53,76.53,62.21,0.11,59.73
75.44,75.44,76.06,-0.00,66.66
74.76,74.76,90.51,-0.00,65.08
73.98,73.98,93.11,-0.00,67.66
76.99,76.99,92.34,-0.00,66.62
76.92,76.92,93.01,-0.00,67.30
76.98,76.98,87.11,-0.00,64.06
77.24,77.24,85.11,0.00,64.00
76.33,76.33,81.89,3.58,64.23
76.20,76.20,78.86,9.16,66.74
76.22,76.22,73.78,12.58,62.15
75.95,75.95,66.79,20.14,63.52
76.23,76.23,54.34,24.98,63.16
76.22,76.22,51.69,27.59,60.77
76.16,76.16,50.93,22.59,61.46
76.15,76.15,60.43,25.48,65.16
76.15,76.15,58.23,25.56,63.30
75.80,75.80,51.51,29.34,60.00
75.19,75.19,46.53,32.42,61.83
74.16,74.16,49.21,34.83,60.54
73.47,73.47,55.45,29.74,57.52
73.26,73.26,68.04,32.48,63.41
70.91,70.91,74.50,31.10,60.41
70.12,70.12,71.53,27.79,59.23
71.33,71.33,67.95,36.99,58.98
68.35,68.35,63.38,40.58,58.65
67.47,67.47,58.53,41.15,56.70
66.38,66.38,54.79,47.57,57.40
64.44,64.44,51.13,38.68,58.34
65.05,65.05,51.37,40.41,55.85
63.37,63.37,55.21,39.13,56.67
58.62,58.62,64.98,34.46,58.44
51.28,51.28,61.63,36.55,53.05
46.16,46.16,59.63,47.06,47.81
43.39,43.39,51.94,50.69,48.43
50.69,50.69,47.60,46.45,49.49
46.23,46.23,42.04,41.53,46.52
51.61,51.61,40.93,47.30,44.41
49.29,49.29,48.50,45.57,43.97
45.81,45.81,52.32,32.91,45.53
48.63,48.63,69.35,17.69,56.43
56.26,56.26,80.52,10.64,65.02
59.36,59.36,90.77,0.01,70.57
64.94,64.94,91.46,0.70,71.31
66.45,66.45,92.30,0.00,70.42
73.04,73.04,92.87,-0.00,72.84
72.34,72.34,87.28,-0.00,73.25
70.78,70.78,85.01,-0.00,73.05
74.38,74.38,81.38,-0.00,70.76
71.32,71.32,77.29,-0.00,70.64
67.93,67.93,73.82,-0.00,65.78
70.97,70.97,75.54,-0.00,63.58
66.05,66.05,74.73,-0.00,66.19
69.94,69.94,77.02,0.09,67.92
70.97,70.97,64.12,0.52,68.75
71.44,71.44,55.04,11.38,69.55
71.95,71.95,57.07,22.02,69.75
69.51,69.51,57.53,29.03,69.90
70.81,70.81,56.72,29.37,67.51
71.43,71.43,57.62,25.55,67.44
71.07,71.07,61.17,19.67,63.69
72.77,72.77,70.44,19.23,64.17
70.90,70.90,68.22,20.29,63.86
71.60,71.60,64.61,24.42,64.19
72.14,72.14,61.56,31.56,63.94
72.78,72.78,58.90,32.73,63.17
73.80,73.80,52.56,33.48,63.49
73.57,73.57,50.85,38.50,62.43
73.16,73.16,51.86,41.78,61.47
71.22,71.22,56.18,43.41,61.57
71.13,71.13,55.55,31.49,59.76
72.33,72.33,61.90,34.17,59.44
71.37,71.37,61.24,45.79,61.29
71.98,71.98,57.30,38.20,59.01
71.64,71.64,54.54,37.79,58.07
72.01,72.01,53.04,40.84,59.89
72.22,72.22,52.01,36.97,59.09
71.04,71.04,46.66,34.27,53.62
69.64,69.64,48.37,35.06,58.74
68.56,68.56,58.42,29.27,55.95
69.22,69.22,59.56,6.65,58.72
71.36,71.36,76.51,0.39,67.45
69.33,69.33,91.61,1.05,70.19
67.60,67.60,92.86,0.57,72.39
67.33,67.33,92.14,0.39,75.36
70.05,70.05,92.51,0.53,75.73
72.04,72.04,87.63,0.05,73.64
71.04,71.04,85.41,0.04,73.61
68.76,68.76,81.32,0.03,72.78
68.63,68.63,77.94,1.85,72.87
67.04,67.04,73.68,1.72,71.14
63.27,63.27,67.51,8.13,69.69
61.82,61.82,53.36,14.96,69.57
61.84,61.84,45.06,14.64,74.41
60.41,60.41,41.19,17.94,73.27
60.05,60.05,39.04,14.78,73.43
60.26,60.26,38.38,11.27,75.63
58.06,58.06,36.70,8.34,72.15
57.15,57.15,34.56,16.46,71.60
55.27,55.27,42.94,14.15,71.92
55.01,55.01,53.98,13.36,70.26
67.02,67.02,63.95,15.40,71.81
73.50,73.50,70.29,19.01,67.76
76.92,76.92,63.45,27.27,68.15
76.31,76.31,51.90,33.36,63.81
76.60,76.60,40.60,34.05,63.38
75.66,75.66,44.04,32.74,61.58
76.77,76.77,53.08,34.19,60.76
77.37,77.37,55.67,36.70,59.09
78.20,78.20,65.51,29.29,61.28
71.85,71.85,60.43,29.79,58.69
69.18,69.18,57.10,37.40,57.82
65.23,65.23,59.27,46.98,56.39
62.22,62.22,53.51,43.69,55.62
61.84,61.84,55.23,38.40,53.85
64.78,64.78,63.35,32.36,51.66
70.36,70.36,64.30,35.53,50.86
78.78,78.78,56.43,36.86,52.89
80.61,80.61,52.43,34.98,49.37
80.40,80.40,57.01,24.43,43.42
80.09,80.09,61.14,10.10,36.95
79.10,79.10,80.37,0.19,39.36
76.15,76.15,90.13,-0.00,37.82
75.71,75.71,91.55,0.04,40.63
76.81,76.81,92.17,-0.00,41.68
78.07,78.07,92.84,0.27,43.98
77.84,77.84,87.31,3.45,46.27
78.26,78.26,84.96,15.48,43.76
77.01,77.01,81.70,22.50,46.92
75.80,75.80,77.84,23.64,44.94
75.95,75.95,73.66,34.04,42.98
76.89,76.89,67.88,44.02,43.26
77.31,77.31,56.81,50.10,44.32
76.71,76.71,45.26,51.89,44.95
62.60,62.60,47.98,47.27,43.57
59.64,59.64,47.72,43.94,43.68
56.98,56.98,45.75,38.64,46.32
57.56,57.56,45.57,47.05,48.32
57.74,57.74,42.57,46.71,50.50
59.76,59.76,43.91,35.19,51.19
62.42,62.42,53.97,27.37,55.13
72.06,72.06,64.71,23.78,70.93
78.63,78.63,76.63,1.80,71.92
78.77,78.77,71.83,8.96,73.18
77.63,77.63,65.60,17.52,71.69
79.99,79.99,58.35,22.07,74.19
80.29,80.29,52.87,28.04,71.98
80.21,80.21,48.63,33.23,71.38
79.15,79.15,43.52,35.41,68.98
78.48,78.48,40.46,33.26,72.08
79.97,79.97,39.21,31.64,70.74
79.35,79.35,39.49,32.97,71.74
79.72,79.72,36.44,34.52,69.69
79.39,79.39,47.61,35.28,67.86
80.00,80.00,49.76,36.19,66.57
79.17,79.17,48.57,39.20,68.05
77.20,77.20,43.46,42.04,65.11
76.51,76.51,40.05,42.26,63.88
77.65,77.65,44.87,39.06,65.62
77.34,77.34,53.25,33.32,61.97
77.92,77.92,61.47,22.57,56.45
78.04,78.04,75.75,5.03,62.66
77.37,77.37,89.99,-0.00,58.92
75.40,75.40,93.07,-0.00,60.70
76.44,76.44,92.38,-0.00,59.67
77.97,77.97,92.91,-0.00,60.77
78.52,78.52,87.34,-0.00,58.18
76.89,76.89,85.19,-0.00,60.43
69.69,69.69,81.68,0.66,56.73
65.76,65.76,78.54,5.36,58.46
62.08,62.08,74.47,15.65,56.65
60.88,60.88,67.79,23.31,59.03
67.08,67.08,56.41,31.18,58.33
71.86,71.86,56.92,30.97,56.06
74.05,74.05,55.43,30.94,55.37
73.20,73.20,61.42,30.92,54.60
69.12,69.12,63.69,32.99,53.47
69.55,69.55,54.87,38.54,52.70
68.77,68.77,48.00,37.10,50.84
70.58,70.58,47.76,34.78,51.20
71.48,71.48,55.07,34.43,52.13
73.64,73.64,69.02,34.60,54.44
74.12,74.12,74.43,32.60,49.68
74.58,74.58,71.07,31.95,50.80
75.13,75.13,66.03,35.29,50.44
75.01,75.01,61.01,32.46,51.07
75.53,75.53,55.58,33.68,49.82
75.36,75.36,52.87,40.84,48.68
72.64,72.64,51.79,45.66,50.47
65.60,65.60,45.76,41.69,49.69
64.06,64.06,50.60,32.99,52.11
67.52,67.52,61.36,32.49,58.42
71.72,71.72,58.49,32.92,51.75
76.21,76.21,55.77,38.95,52.92
75.26,75.26,46.67,41.89,52.16
75.65,75.65,37.77,32.10,48.73
75.28,75.28,35.30,32.67,48.55
74.59,74.59,36.33,38.39,46.81
73.51,73.51,46.60,32.58,44.06
73.36,73.36,53.94,21.08,39.06
73.18,73.18,63.27,12.11,40.93
77.38,77.38,82.46,3.23,47.54
75.04,75.04,90.46,-0.00,49.61
74.23,74.23,92.43,0.08,54.06
75.28,75.28,91.59,-0.00,59.23
76.02,76.02,92.70,-0.00,62.78
76.72,76.72,86.48,0.02,64.43
77.66,77.66,84.44,5.71,65.01
77.93,77.93,81.67,11.31,66.44
77.27,77.27,78.64,10.85,66.66
77.49,77.49,73.21,10.95,61.00
77.49,77.49,77.98,7.74,51.68
76.57,76.57,76.42,7.44,47.19
74.10,74.10,78.81,19.50,42.47
73.82,73.82,65.03,27.24,42.96
72.64,72.64,56.84,33.85,42.21
71.86,71.86,48.30,35.21,41.30
66.28,66.28,48.35,39.62,42.50
63.67,63.67,50.99,43.79,42.52
61.70,61.70,54.46,43.41,43.13
61.91,61.91,53.20,37.76,49.39
69.07,69.07,63.79,40.40,59.36
65.60,65.60,64.81,40.91,62.64
68.82,68.82,60.41,34.72,69.73
72.01,72.01,52.54,40.56,69.35
68.61,68.61,54.74,39.75,67.59
68.23,68.23,52.68,34.17,67.41
65.55,65.55,45.86,34.85,64.75
61.27,61.27,45.73,35.04,64.81
59.10,59.10,52.54,45.19,65.09
56.20,56.20,51.68,35.06,65.22
65.32,65.32,54.49,38.69,67.66
61.86,61.86,51.38,47.17,66.52
68.16,68.16,42.97,44.30,62.94
74.88,74.88,38.99,38.57,62.61
75.27,75.27,44.45,44.25,61.34
74.34,74.34,44.56,41.05,63.86
73.86,73.86,33.47,34.91,62.58
66.92,66.92,44.55,32.59,62.53
61.28,61.28,58.40,28.58,61.47
58.74,58.74,61.44,11.85,59.81
64.39,64.39,78.26,-0.00,61.86
67.26,67.26,90.94,0.00,63.37
68.99,68.99,92.59,0.00,66.46
71.56,71.56,92.29,0.05,69.48
72.50,72.50,92.85,0.22,67.93
71.98,71.98,87.31,0.02,68.87
72.21,72.21,84.69,0.03,69.12
73.72,73.72,81.13,3.42,69.08
74.53,74.53,77.98,3.32,67.16
75.43,75.43,73.89,7.11,68.52
74.62,74.62,68.21,16.23,68.71
73.39,73.39,55.58,12.71,68.06
73.25,73.25,37.64,16.65,68.38
75.56,75.56,36.25,23.31,67.38
75.68,75.68,31.16,21.21,67.13
75.32,75.32,28.43,25.17,64.61
72.55,72.55,31.79,31.05,63.22
67.53,67.53,38.29,38.60,67.15
69.32,69.32,48.33,41.15,63.32
73.09,73.09,57.27,35.69,63.71
71.01,71.01,66.06,28.68,62.08
68.27,68.27,70.20,26.40,59.80
70.70,70.70,66.35,27.33,57.68
72.42,72.42,63.13,29.26,59.62
73.00,73.00,55.43,36.85,58.60
72.81,72.81,49.25,41.73,54.58
72.50,72.50,52.93,38.36,55.37
72.07,72.07,62.33,29.88,59.53
72.45,72.45,68.42,37.99,57.26
71.27,71.27,62.25,30.11,55.67
71.70,71.70,59.45,38.62,55.62
71.17,71.17,59.88,43.81,52.58
72.58,72.58,54.46,43.91,51.69
71.99,71.99,54.79,38.26,51.93
73.05,73.05,64.49,32.64,52.17
72.50,72.50,63.61,37.01,53.67
72.69,72.69,59.09,32.78,51.60
72.46,72.46,52.99,30.69,46.99
70.97,70.97,56.09,21.03,44.60
69.84,69.84,62.25,10.68,30.32
72.63,72.63,80.94,1.58,19.79
70.49,70.49,91.18,-0.00,24.68
69.78,69.78,92.53,0.05,29.26
69.05,69.05,92.34,-0.00,29.67
67.80,67.80,93.23,0.74,31.66
58.60,58.60,87.02,5.04,34.39
55.42,55.42,85.04,14.65,36.00
56.78,56.78,81.50,17.11,40.88
55.37,55.37,78.15,28.01,41.56
56.59,56.59,73.68,40.11,41.56
57.85,57.85,67.65,45.38,40.72
68.50,68.50,53.68,48.47,41.49
79.51,79.51,47.17,49.77,40.68
80.23,80.23,45.21,49.50,39.94
77.89,77.89,46.14,40.08,38.27
77.65,77.65,40.57,36.85,38.86
76.42,76.42,40.08,40.00,40.08
77.48,77.48,45.34,43.78,44.46
76.77,76.77,44.97,31.24,49.29
77.52,77.52,51.96,30.86,55.57
77.38,77.38,68.28,32.24,70.99
78.10,78.10,76.96,23.35,76.48
78.30,78.30,71.95,19.53,75.83
79.12,79.12,69.04,14.58,73.11
77.58,77.58,61.97,13.44,71.66
72.13,72.13,56.94,16.79,72.74
67.36,67.36,53.36,18.44,73.91
67.52,67.52,48.58,11.69,74.44
67.54,67.54,42.68,13.82,73.27
68.35,68.35,42.51,15.61,72.49
69.82,69.82,45.78,9.89,74.28
73.96,73.96,43.27,5.56,74.39
73.89,73.89,45.14,13.19,73.38
73.16,73.16,43.31,12.53,71.51
73.71,73.71,38.89,11.19,69.67
73.39,73.39,36.50,13.43,66.72
73.76,73.76,35.96,11.01,64.58
73.40,73.40,44.97,6.81,64.83
74.19,74.19,56.53,3.80,64.07
75.16,75.16,62.94,1.11,57.18
75.15,75.15,77.68,0.01,53.56
73.80,73.80,91.14,-0.00,45.56
65.32,65.32,93.21,-0.00,44.90
59.19,59.19,92.54,-0.00,54.32
57.94,57.94,93.29,0.02,59.40
55.35,55.35,87.33,1.90,58.38
57.42,57.42,85.20,3.37,55.75
62.22,62.22,81.51,4.31,53.81
60.75,60.75,79.15,12.75,50.57
61.13,61.13,74.89,17.30,52.77
72.52,72.52,68.75,26.71,52.89
77.84,77.84,57.13,34.87,53.34
73.59,73.59,56.35,35.36,54.68
75.11,75.11,59.72,32.24,51.97
74.45,74.45,60.60,34.89,54.66
74.83,74.83,61.12,39.27,55.34
74.67,74.67,55.96,34.17,53.81
75.67,75.67,50.16,29.98,53.23
74.93,74.93,51.11,36.38,49.81
74.85,74.85,55.27,31.47,43.64
75.62,75.62,67.77,28.65,41.96
74.62,74.62,75.19,29.36,28.94
75.35,75.35,71.42,26.48,29.79
76.10,76.10,67.68,36.64,31.09
73.01,73.01,60.25,32.83,31.90
67.19,67.19,56.06,38.11,33.16
68.24,68.24,56.06,39.52,34.44
66.57,66.57,52.52,44.65,37.48
68.29,68.29,53.09,40.52,41.58
67.47,67.47,50.71,30.62,45.08
70.26,70.26,57.02,30.89,55.69
69.78,69.78,59.54,30.97,49.28
76.12,76.12,56.99,37.42,45.29
76.17,76.17,52.69,40.85,41.94
75.61,75.61,52.19,33.13,39.35
74.62,74.62,41.96,32.44,38.28
74.10,74.10,44.09,32.44,42.86
73.86,73.86,50.67,29.94,41.35
73.69,73.69,56.66,18.71,47.95
72.76,72.76,68.25,7.22,59.82
73.72,73.72,81.97,0.20,68.48
73.06,73.06,90.30,-0.00,68.74
72.02,72.02,91.27,1.74,70.94
72.37,72.37,91.84,7.82,74.92
72.36,72.36,93.00,10.02,75.58
74.23,74.23,86.29,7.13,73.37
74.26,74.26,84.79,0.93,72.08
74.72,74.72,81.21,-0.00,71.77
74.54,74.54,77.60,-0.00,69.95
74.08,74.08,73.95,-0.00,69.41
73.93,73.93,75.35,-0.00,66.92
74.03,74.03,76.69,-0.00,65.32
75.43,75.43,78.65,-0.00,65.03
75.59,75.59,66.48,0.01,67.35
76.72,76.72,54.58,1.06,67.96
76.82,76.82,55.75,0.69,67.86
76.51,76.51,56.97,0.12,68.55
75.01,75.01,58.78,2.19,66.42
75.20,75.20,56.96,1.85,67.69
74.22,74.22,61.72,1.14,65.96
73.79,73.79,70.09,0.68,64.17
74.18,74.18,67.78,5.48,61.04
75.32,75.32,65.20,12.43,61.66
75.84,75.84,60.62,17.18,63.08
75.26,75.26,56.08,20.25,64.93
73.66,73.66,53.19,27.58,62.45
74.53,74.53,47.03,26.39,60.18
73.67,73.67,49.97,27.76,57.94
73.19,73.19,58.40,34.22,58.72
72.54,72.54,56.31,24.77,56.84
72.86,72.86,65.18,31.79,55.14
72.20,72.20,62.57,37.38,57.85
73.74,73.74,58.94,34.59,57.05
73.53,73.53,54.10,34.90,54.41
73.01,73.01,55.12,36.39,57.57
72.41,72.41,51.57,35.97,55.69
71.68,71.68,46.90,23.35,55.36
74.29,74.29,45.76,21.37,57.98
72.24,72.24,59.50,20.56,57.76
71.99,71.99,63.22,5.05,58.04
70.17,70.17,77.50,-0.00,67.14
69.06,69.06,90.77,-0.00,70.50
68.36,68.36,92.54,-0.00,72.20
67.83,67.83,92.08,-0.00,74.78
67.20,67.20,93.28,0.01,74.94
70.04,70.04,87.13,0.02,75.16
69.76,69.76,85.20,-0.00,74.40
68.64,68.64,81.77,0.00,72.26
68.95,68.95,78.28,0.01,71.42
66.59,66.59,74.20,0.22,71.70
63.51,63.51,67.89,1.13,68.79
62.63,62.63,54.55,4.85,70.02
59.21,59.21,41.41,8.03,69.64
58.06,58.06,41.98,11.07,69.54
56.41,56.41,41.08,13.92,67.37
55.51,55.51,42.02,21.85,69.52
55.50,55.50,39.09,19.84,69.01
51.58,51.58,37.18,21.17,68.79
52.13,52.13,43.22,24.88,66.21
56.95,56.95,52.89,16.50,63.90
64.32,64.32,62.24,17.64,64.30
66.84,66.84,68.66,13.66,60.36
75.08,75.08,64.34,15.95,60.92
75.45,75.45,61.68,22.29,60.54
74.45,74.45,57.85,24.44,58.19
75.55,75.55,53.03,30.84,55.57
76.62,76.62,55.32,27.18,59.35
67.37,67.37,59.28,24.59,55.67
58.31,58.31,69.94,27.78,55.88
56.55,56.55,63.67,25.00,56.13
60.05,60.05,61.15,31.22,58.77
59.54,59.54,61.66,33.49,59.85
66.06,66.06,52.84,36.33,60.85
80.35,80.35,54.44,33.85,57.96
80.12,80.12,60.67,29.42,56.48
79.63,79.63,61.57,29.77,55.65
76.26,76.26,59.48,22.83,51.65
66.06,66.06,55.24,27.74,46.16
65.84,65.84,57.71,15.13,39.26
59.80,59.80,58.63,6.06,37.48
63.07,63.07,80.60,0.70,35.93
64.66,64.66,90.76,-0.00,34.90
66.23,66.23,92.51,0.11,35.36
72.10,72.10,92.58,-0.00,41.94
76.24,76.24,93.09,-0.00,48.22
77.30,77.30,87.32,0.15,51.49
76.81,76.81,85.05,4.14,52.82
75.76,75.76,81.55,6.26,53.01
75.26,75.26,78.13,10.41,52.28
75.12,75.12,73.69,19.85,50.53
75.67,75.67,66.55,26.37,47.84
74.85,74.85,55.65,31.74,46.22
75.08,75.08,52.87,33.07,45.97
75.41,75.41,51.46,36.17,45.58
75.18,75.18,49.38,31.14,45.78
76.65,76.65,42.38,23.80,42.90
76.22,76.22,41.09,24.89,43.97
77.16,77.16,49.01,23.89,47.67
75.20,75.20,48.30,12.06,52.79
73.75,73.75,52.65,11.66,58.62
75.86,75.86,66.66,5.46,71.43
75.12,75.12,77.08,0.49,75.24
78.57,78.57,73.28,-0.00,75.08
77.24,77.24,67.48,-0.00,76.36
78.05,78.05,60.87,0.01,76.49
77.65,77.65,56.37,0.47,72.78
77.85,77.85,51.95,9.46,72.46
78.29,78.29,43.69,11.19,70.58
78.06,78.06,38.47,6.62,69.52
77.44,77.44,39.62,8.01,70.08
71.93,71.93,39.39,10.38,70.02
73.16,73.16,35.72,13.97,65.92
71.93,71.93,33.17,14.26,65.54
71.21,71.21,32.74,16.67,65.43
73.63,73.63,32.68,12.22,65.43
73.29,73.29,36.92,14.25,63.67
72.60,72.60,38.99,20.33,63.64
72.97,72.97,44.54,16.26,63.32
73.56,73.56,55.78,10.22,60.64
73.77,73.77,62.78,0.68,58.32
74.56,74.56,77.55,-0.00,57.03
75.59,75.59,90.65,-0.00,51.81
73.78,73.78,93.28,-0.00,51.90
71.66,71.66,92.28,-0.00,53.19
61.51,61.51,93.17,-0.00,51.52
56.47,56.47,87.30,-0.00,50.40
54.27,54.27,84.73,-0.00,50.85
59.44,59.44,81.41,-0.00,52.16
59.74,59.74,78.55,1.87,52.46
55.17,55.17,73.98,11.20,52.45
58.38,58.38,67.83,17.32,50.53
58.24,58.24,56.45,24.66,50.89
70.49,70.49,52.65,27.31,49.76
74.42,74.42,54.57,22.20,50.26
72.61,72.61,62.85,23.12,48.66
73.49,73.49,62.82,28.29,48.66
75.07,75.07,58.38,23.69,48.26
75.43,75.43,52.39,21.26,45.57
75.84,75.84,48.76,21.45,44.91
75.58,75.58,55.82,21.39,42.43
75.83,75.83,69.54,23.49,45.88
74.89,74.89,74.33,18.75,42.94
73.20,73.20,70.98,18.52,39.02
71.50,71.50,66.71,27.18,40.23
69.07,69.07,61.45,25.52,39.01
68.83,68.83,55.67,23.41,39.76
64.35,64.35,55.72,26.95,41.50
55.10,55.10,54.92,27.03,42.91
52.28,52.28,53.81,28.18,43.33
48.07,48.07,55.25,27.09,47.32
61.56,61.56,61.75,25.90,54.39
54.69,54.69,62.53,23.16,49.48
64.25,64.25,58.70,26.97,49.76
76.39,76.39,52.72,31.27,48.15
75.81,75.81,49.31,29.25,47.58
74.50,74.50,43.64,24.51,43.34
73.21,73.21,42.56,20.25,44.00
72.19,72.19,50.25,15.88,40.41
72.27,72.27,55.80,7.67,34.47
73.60,73.60,62.19,1.28,22.05
76.10,76.10,81.50,0.08,19.11
73.97,73.97,90.48,-0.00,23.50
72.23,72.23,93.12,0.06,30.77
72.51,72.51,91.63,-0.00,33.56
71.76,71.76,92.79,-0.00,35.98
72.24,72.24,86.52,-0.00,39.17
71.87,71.87,84.48,-0.00,38.18
72.08,72.08,81.62,-0.00,40.70
72.05,72.05,78.57,-0.00,35.20
72.63,72.63,73.54,-0.00,32.58
75.48,75.48,77.49,0.01,28.97
76.98,76.98,75.84,8.74,26.23
74.82,74.82,78.53,16.68,22.79
73.29,73.29,65.62,19.88,24.24
71.40,71.40,56.93,18.48,22.86
70.14,70.14,53.77,23.36,27.08
65.90,65.90,52.66,22.05,30.55
55.81,55.81,57.15,28.20,29.09
52.29,52.29,57.23,25.39,30.42
53.41,53.41,55.86,21.07,36.05
56.52,56.52,70.07,17.20,37.11
54.01,54.01,69.38,23.07,38.57
56.55,56.55,65.28,26.62,40.48
58.56,58.56,61.22,23.29,41.75
67.96,67.96,61.45,21.41,41.02
72.43,72.43,59.86,25.05,40.58
73.96,73.96,56.40,23.00,46.18
75.13,75.13,57.55,20.39,49.72
73.45,73.45,59.47,24.90,51.88
71.13,71.13,58.19,19.25,49.79
71.90,71.90,65.33,23.80,48.29
73.99,73.99,61.66,28.67,48.57
73.12,73.12,58.62,23.16,47.18
72.71,72.71,57.50,20.17,48.65
71.72,71.72,58.99,25.02,49.74
72.27,72.27,57.92,24.62,47.76
73.55,73.55,54.16,15.05,50.20
72.31,72.31,55.46,16.85,51.85
69.32,69.32,60.65,10.37,48.19
65.91,65.91,64.63,1.55,49.00
64.37,64.37,76.89,-0.00,60.69
61.98,61.98,82.48,-0.00,65.79
65.05,65.05,81.10,-0.00,65.87
69.17,69.17,81.83,-0.00,70.54
73.10,73.10,78.84,-0.00,68.97
73.57,73.57,71.95,-0.00,67.38
71.50,71.50,62.94,-0.00,68.44
69.73,69.73,58.40,0.12,66.25
72.74,72.74,56.53,0.94,65.06
74.91,74.91,52.26,3.75,62.29
71.50,71.50,48.85,4.42,63.12
70.90,70.90,46.97,7.18,64.52
73.50,73.50,45.94,11.41,65.41
74.29,74.29,41.23,8.08,66.46
70.82,70.82,39.96,14.55,65.49
68.40,68.40,39.12,16.95,66.80
64.82,64.82,40.62,16.82,66.18
60.41,60.41,35.95,25.15,69.02
63.77,63.77,35.71,23.37,65.59
69.19,69.19,38.41,31.40,66.00
69.84,69.84,43.16,32.48,64.29
67.08,67.08,44.61,27.71,59.52
67.20,67.20,45.55,33.54,52.59
69.63,69.63,44.15,34.00,50.79
71.80,71.80,34.76,35.55,48.89
71.63,71.63,40.05,38.11,48.31
72.32,72.32,44.16,36.43,46.67
72.88,72.88,43.76,36.38,46.28
73.14,73.14,43.78,34.16,44.77
73.63,73.63,47.65,32.66,43.99
67.03,67.03,43.88,30.36,43.79
63.49,63.49,44.41,31.36,44.08
64.17,64.17,43.72,30.78,43.34
72.72,72.72,43.34,30.82,41.48
78.06,78.06,46.90,33.37,44.77
74.16,74.16,42.12,28.74,45.55
75.05,75.05,37.69,33.64,42.85
72.97,72.97,36.25,35.90,42.75
74.41,74.41,44.68,36.19,42.16
75.05,75.05,48.75,34.76,38.81
73.20,73.20,49.77,33.05,36.02
71.71,71.71,48.44,34.44,35.79
60.81,60.81,43.71,30.37,37.83
50.85,50.85,42.67,33.41,40.10
49.99,49.99,38.33,30.99,40.75
53.08,53.08,47.03,33.17,41.75
54.64,54.64,51.90,32.63,41.33
56.08,56.08,51.49,32.10,39.84
56.02,56.02,49.09,34.93,38.06
57.16,57.16,42.89,29.19,36.25
54.75,54.75,43.49,35.31,36.68
55.19,55.19,46.13,34.36,36.69
53.06,53.06,45.65,31.58,36.45
49.86,49.86,43.29,27.59,36.04
45.76,45.76,42.05,30.03,36.47
44.49,44.49,44.59,30.15,34.23
49.25,49.25,44.59,29.04,32.42
50.96,50.96,39.94,31.99,31.21
51.33,51.33,34.68,28.79,31.29
52.88,52.88,40.10,33.00,29.34
60.87,60.87,39.74,30.27,31.66
62.38,62.38,41.46,35.45,37.73
71.16,71.16,37.39,26.79,35.00
71.11,71.11,30.80,23.80,32.57
71.02,71.02,29.15,21.88,32.52
71.59,71.59,30.98,23.67,31.70
71.88,71.88,36.63,25.32,33.84
70.92,70.92,41.03,28.83,34.17
70.54,70.54,40.61,23.73,32.71
69.96,69.96,37.53,23.41,31.80
70.18,70.18,36.70,25.39,32.19
71.65,71.65,35.74,21.88,32.98
70.74,70.74,39.04,24.28,35.06
72.10,72.10,39.23,23.62,35.99
73.75,73.75,36.99,22.20,33.23
74.45,74.45,33.49,20.30,34.15
76.02,76.02,29.40,19.03,37.12
77.08,77.08,29.90,19.38,34.05
77.24,77.24,33.17,22.47,35.94
77.27,77.27,35.24,22.13,33.28
78.32,78.32,35.91,20.21,32.30
78.66,78.66,33.14,19.55,31.83
78.43,78.43,28.61,17.89,29.36
78.11,78.11,24.77,16.93,26.76
77.51,77.51,26.17,17.25,27.02
77.41,77.41,29.22,16.66,29.82
76.87,76.87,29.44,18.23,28.21
76.78,76.78,28.38,15.34,27.80
76.69,76.69,28.32,18.54,26.90
76.84,76.84,27.33,16.73,26.72
76.39,76.39,28.10,18.38,26.62
76.01,76.01,28.06,16.92,29.35
76.30,76.30,27.83,18.39,30.42
76.51,76.51,32.26,17.48,29.98
76.42,76.42,30.46,16.66,28.29
76.49,76.49,32.14,13.88,26.83
75.96,75.96,29.73,9.93,24.24
76.08,76.08,30.07,14.41,23.22
75.98,75.98,29.92,13.92,25.45
75.72,75.72,28.19,14.25,25.73
76.04,76.04,26.54,14.32,25.43
76.47,76.47,29.21,13.57,24.36
76.17,76.17,30.91,12.37,26.66
75.55,75.55,41.03,19.14,28.67
74.62,74.62,38.50,19.47,30.41
74.58,74.58,40.72,22.21,27.66
74.33,74.33,46.34,29.19,32.79
75.45,75.45,43.16,22.92,27.90
75.23,75.23,45.85,22.21,29.85
75.84,75.84,40.01,16.87,24.43
76.00,76.00,42.62,21.38,29.64
75.17,75.17,39.98,18.37,28.03
74.92,74.92,39.48,21.00,27.04
74.74,74.74,46.69,22.53,29.22
75.26,75.26,48.14,25.96,31.37
74.90,74.90,37.50,20.09,28.51
74.59,74.59,41.99,17.76,31.31
73.14,73.14,41.28,25.02,31.78
72.73,72.73,33.75,37.67,28.36
72.26,72.26,26.50,44.48,26.07
71.19,71.19,31.13,58.07,25.16
69.32,69.32,38.85,81.21,30.06
67.82,67.82,38.20,86.73,30.89
65.25,65.25,37.48,85.04,27.62
64.01,64.01,36.75,84.58,27.39
62.31,62.31,33.66,85.24,28.42
62.08,62.08,35.73,84.04,32.08
61.55,61.55,32.55,83.58,33.93
56.78,56.78,33.18,83.80,40.58
51.06,51.06,33.01,83.70,42.21
49.34,49.34,35.51,80.79,47.74
48.49,48.49,34.16,82.09,48.83
47.79,47.79,35.74,80.58,51.31
45.81,45.81,36.13,78.72,53.53
44.47,44.47,34.49,77.70,51.96
46.72,46.72,34.90,77.84,56.57
46.26,46.26,33.57,78.53,58.46
48.19,48.19,32.98,77.87,59.55
49.39,49.39,29.87,76.92,57.40
47.06,47.06,29.40,75.60,62.06
47.30,47.30,27.32,77.28,61.96
44.74,44.74,27.57,76.17,59.17
46.67,46.67,32.15,75.63,61.79
43.19,43.19,37.05,75.32,61.72
57.70,57.70,45.45,75.46,62.09
63.18,63.18,46.72,74.32,63.06
60.04,60.04,47.11,74.24,65.84
46.88,46.88,40.26,74.55,68.75
40.13,40.13,39.28,73.73,70.29
35.00,35.00,37.02,70.61,70.22
33.07,33.07,34.79,69.75,72.52
36.16,36.16,34.50,69.19,73.15
33.34,33.34,32.29,69.38,72.57
32.79,32.79,32.92,69.73,72.76
29.84,29.84,30.46,69.80,74.23
28.46,28.46,30.19,71.74,74.42
26.98,26.98,34.66,66.84,72.89
29.99,29.99,50.04,71.70,75.58
30.54,30.54,58.99,62.83,76.71
42.52,42.52,65.12,55.86,78.94
51.34,51.34,84.17,70.54,75.78
64.53,64.53,88.23,71.12,75.92
71.47,71.47,83.70,73.60,74.55
68.77,68.77,77.45,80.64,73.52
76.53,76.53,74.28,84.16,73.38
72.78,72.78,70.86,80.80,73.75
70.79,70.79,70.49,81.02,73.45
69.72,69.72,71.12,84.01,72.27
71.58,71.58,70.51,81.23,72.54
71.11,71.11,69.62,80.07,73.07
70.75,70.75,69.85,82.72,69.44
73.28,73.28,70.12,82.48,70.30
73.60,73.60,70.66,79.50,69.91
73.63,73.63,71.49,82.76,69.93
70.88,70.88,70.39,82.46,71.01
61.14,61.14,69.30,80.37,69.41
54.40,54.40,67.39,82.63,67.61
49.78,49.78,66.62,81.96,69.99
46.02,46.02,67.04,81.56,68.75
52.47,52.47,66.43,81.82,68.66
55.72,55.72,66.27,82.37,71.49
66.65,66.65,66.52,81.02,70.70
74.91,74.91,66.52,82.39,74.41
76.82,76.82,66.47,82.03,76.14
76.41,76.41,65.70,80.64,75.52
78.94,78.94,65.19,82.55,74.19
78.41,78.41,65.15,82.72,71.51
77.68,77.68,65.18,80.37,68.89
79.34,79.34,64.75,81.44,69.64
78.37,78.37,64.80,83.09,67.62
77.93,77.93,66.29,81.32,68.14
77.61,77.61,63.42,80.52,66.58
77.61,77.61,62.30,82.93,68.53
78.04,78.04,62.43,82.10,70.18
73.41,73.41,64.33,79.98,68.77
60.64,60.64,64.25,82.60,68.16
53.43,53.43,63.61,81.87,66.83
53.35,53.35,64.93,81.90,68.47
52.28,52.28,63.51,81.86,67.14
59.60,59.60,71.80,78.61,67.10
64.97,64.97,83.99,78.26,71.11
64.74,64.74,86.62,79.72,70.44
68.71,68.71,84.06,80.75,74.41
75.18,75.18,77.47,81.35,75.26
74.39,74.39,70.61,82.95,74.30
72.59,72.59,66.38,81.93,74.01
72.41,72.41,70.48,80.88,72.83
73.30,73.30,62.95,81.48,72.11
72.42,72.42,63.40,82.42,72.34
72.16,72.16,58.93,81.49,71.65
75.36,75.36,57.15,81.20,70.75
72.17,72.17,55.55,82.48,70.18
71.28,71.28,53.55,81.74,69.48
74.08,74.08,50.54,81.03,68.37
73.80,73.80,49.61,82.10,67.61
75.14,75.14,48.85,82.14,67.80
76.63,76.63,47.66,81.29,68.68
76.02,76.02,45.66,81.76,69.26
75.54,75.54,46.41,81.01,68.44
75.75,75.75,46.56,82.81,68.43
76.32,76.32,48.83,81.97,67.93
78.06,78.06,51.30,80.65,69.45
79.36,79.36,48.31,81.70,73.05
76.23,76.23,47.83,82.72,75.38
74.36,74.36,46.73,80.75,77.92
74.21,74.21,47.76,81.13,76.82
74.36,74.36,46.13,82.25,74.06
72.90,72.90,47.43,81.87,71.55
66.02,66.02,46.73,81.27,70.09
66.15,66.15,44.11,80.82,70.40
64.16,64.16,44.08,82.47,70.71
72.09,72.09,40.97,81.99,70.38
75.92,75.92,42.92,80.76,73.08
77.34,77.34,43.66,80.70,71.13
77.36,77.36,43.27,82.10,71.21
76.84,76.84,43.00,81.05,71.89
76.61,76.61,40.95,80.19,71.32
77.41,77.41,45.81,80.81,69.61
79.04,79.04,60.86,81.86,71.28
79.39,79.39,67.66,80.27,71.11
76.50,76.50,78.12,81.57,72.11
77.00,77.00,80.78,81.71,73.06
77.90,77.90,82.73,82.08,73.65
78.57,78.57,75.89,80.99,74.72
76.92,76.92,69.32,81.61,76.21
72.98,72.98,65.67,81.37,75.43
71.35,71.35,71.00,80.72,72.34
77.09,77.09,61.41,80.59,71.98
72.68,72.68,63.52,80.69,72.21
74.04,74.04,56.55,81.57,70.46
75.35,75.35,55.78,81.08,69.94
77.24,77.24,53.16,80.78,69.69
78.41,78.41,48.15,80.20,69.45
77.62,77.62,41.83,82.48,68.47
76.82,76.82,39.71,79.05,68.22
76.66,76.66,41.54,71.19,69.58
77.12,77.12,41.03,66.90,69.37
77.52,77.52,43.79,78.36,69.82
77.72,77.72,44.79,79.15,74.40
78.14,78.14,45.59,78.07,74.15
77.28,77.28,51.85,82.50,74.16
77.75,77.75,50.48,80.45,73.43
78.36,78.36,46.26,79.34,72.98
78.70,78.70,44.33,81.09,73.00
79.13,79.13,40.13,79.30,75.27
79.19,79.19,38.56,78.21,74.71
79.23,79.23,37.14,80.71,75.12
79.68,79.68,36.86,79.15,73.23
79.31,79.31,38.31,77.71,73.38
79.26,79.26,42.48,80.00,73.77
78.77,78.77,43.39,79.99,73.88
78.98,78.98,42.04,77.81,73.95
77.95,77.95,41.69,78.92,72.80
77.11,77.11,37.20,80.71,73.60
76.33,76.33,35.91,77.65,71.31
76.98,76.98,36.98,76.90,69.58
77.14,77.14,36.80,80.92,72.00
76.82,76.82,46.35,78.28,69.90
76.24,76.24,58.38,75.70,70.65
75.58,75.58,70.25,79.43,69.95
74.36,74.36,80.69,78.80,71.34
62.99,62.99,85.24,78.52,69.35
60.32,60.32,82.13,78.06,70.98
54.88,54.88,77.35,77.14,69.65
54.61,54.61,69.24,78.38,71.72
52.98,52.98,66.11,78.85,70.92
53.55,53.55,71.73,75.31,68.73
54.34,54.34,62.55,72.07,72.00
58.69,58.69,63.26,72.60,70.68
66.29,66.29,57.29,77.49,67.64
74.93,74.93,51.81,81.31,72.05
72.52,72.52,52.53,84.64,73.05
61.62,61.62,52.50,83.26,73.27
58.54,58.54,43.66,82.56,75.00
60.11,60.11,40.63,82.48,75.07
64.48,64.48,33.79,80.63,74.88
66.97,66.97,34.79,81.61,75.86
67.52,67.52,35.98,82.17,74.28
66.93,66.93,43.86,80.90,74.09
65.01,65.01,51.90,81.75,73.15
67.66,67.66,57.48,80.95,74.59
66.06,66.06,55.52,81.39,72.12
69.17,69.17,52.04,81.36,73.01
75.01,75.01,50.28,79.08,74.36
78.15,78.15,47.86,80.63,76.99
78.29,78.29,47.37,77.62,75.75
74.82,74.82,43.09,69.78,75.80
73.70,73.70,42.92,61.72,76.42
75.37,75.37,47.03,63.70,76.11
74.67,74.67,53.40,73.18,75.55
75.61,75.61,60.47,74.98,77.19
77.19,77.19,57.95,82.90,74.49
79.95,79.95,53.46,81.58,76.87
79.61,79.61,48.32,79.41,75.84
78.63,78.63,44.70,82.73,76.36
77.36,77.36,41.04,79.02,75.90
78.60,78.60,41.84,79.28,76.23
74.08,74.08,55.91,80.69,74.28
74.38,74.38,65.97,73.95,73.81
74.75,74.75,72.29,69.36,72.79
76.91,76.91,80.93,69.99,73.56
77.49,77.49,84.91,79.50,74.19
75.98,75.98,80.51,82.40,73.63
75.37,75.37,73.04,83.02,75.69
72.75,72.75,73.08,84.33,75.63
70.08,70.08,64.02,85.16,75.98
69.66,69.66,71.29,84.83,74.82
70.79,70.79,62.07,83.85,74.27
70.32,70.32,64.04,84.78,73.19
70.83,70.83,59.63,85.06,72.53
70.96,70.96,57.83,84.05,70.51
71.72,71.72,50.90,83.25,72.30
71.26,71.26,43.61,83.87,70.32
72.74,72.74,42.01,82.98,72.01
72.19,72.19,36.97,83.47,71.00
65.66,65.66,34.72,83.88,71.43
57.56,57.56,32.35,83.33,71.20
55.53,55.53,35.12,84.40,70.81
52.82,52.82,42.20,84.57,71.13
59.05,59.05,52.93,84.05,70.36
65.25,65.25,59.50,83.31,72.64
63.80,63.80,56.01,83.77,74.35
67.85,67.85,50.83,83.90,76.72
74.34,74.34,41.84,82.76,77.59
74.46,74.46,39.76,83.58,76.80
76.97,76.97,34.54,83.47,77.73
76.20,76.20,33.85,83.88,75.34
75.18,75.18,37.12,83.76,74.06
73.84,73.84,38.51,83.52,73.35
76.04,76.04,44.64,83.11,73.98
76.82,76.82,52.15,82.93,74.61
76.50,76.50,45.72,83.51,74.23
77.41,77.41,41.52,82.79,74.38
77.28,77.28,41.67,82.43,72.83
75.05,75.05,40.49,83.68,73.71
69.78,69.78,40.13,82.20,72.58
56.91,56.91,37.13,82.58,72.15
55.20,55.20,49.96,82.68,71.11
53.54,53.54,62.92,81.74,70.88
57.28,57.28,71.66,80.51,70.46
70.81,70.81,80.33,80.93,72.01
73.98,73.98,81.50,80.97,74.84
74.09,74.09,82.69,81.27,77.84
74.77,74.77,74.49,81.64,78.71
75.62,75.62,70.85,82.06,78.75
76.38,76.38,64.83,80.83,76.59
76.69,76.69,70.77,81.68,75.07
77.38,77.38,62.83,81.96,73.23
76.79,76.79,63.22,81.64,73.69
77.15,77.15,57.38,81.94,71.98
75.04,75.04,53.53,81.81,72.75
74.96,74.96,51.50,81.64,72.34
73.07,73.07,39.24,82.13,71.31
69.52,69.52,42.05,82.13,71.46
60.92,60.92,32.20,80.78,72.70
53.78,53.78,28.26,81.60,72.53
50.32,50.32,30.23,82.36,72.20
48.07,48.07,29.66,82.22,71.05
52.75,52.75,30.98,82.07,72.27
57.68,57.68,38.20,82.19,72.77
64.88,64.88,47.37,82.29,73.52
78.28,78.28,51.50,82.49,74.61
76.79,76.79,43.56,82.45,74.58
75.44,75.44,37.36,81.40,75.40
76.23,76.23,33.87,81.51,76.22
75.83,75.83,34.16,82.83,77.95
75.41,75.41,33.78,81.60,75.80
75.85,75.85,30.69,81.46,75.18
75.11,75.11,34.21,81.84,72.74
70.01,70.01,29.97,82.34,70.60
72.56,72.56,29.81,81.97,73.25
73.87,73.87,29.70,82.07,72.29
73.81,73.81,36.36,81.66,72.74
75.06,75.06,38.31,81.67,74.64
72.60,72.60,38.83,82.20,74.14
72.62,72.62,36.36,81.85,72.46
72.48,72.48,36.57,80.36,72.86
73.58,73.58,44.96,81.43,73.96
72.98,72.98,59.52,81.55,73.25
73.45,73.45,67.30,80.68,72.93
73.67,73.67,79.96,81.99,74.77
73.84,73.84,83.25,82.12,73.18
74.81,74.81,83.01,81.10,72.93
69.21,69.21,76.23,80.81,73.52
59.80,59.80,73.09,81.56,74.06
51.28,51.28,62.03,80.31,75.00
45.94,45.94,70.93,81.21,74.49
41.72,41.72,62.14,82.14,74.25
42.77,42.77,64.40,81.04,74.03
48.07,48.07,59.83,81.36,73.66
53.91,53.91,54.81,80.89,74.15
70.68,70.68,56.69,81.38,73.99
79.56,79.56,52.12,81.50,71.98
78.53,78.53,37.19,81.11,72.18
78.19,78.19,30.92,80.37,72.38
79.23,79.23,34.19,80.77,73.00
80.05,80.05,28.60,81.75,72.58
80.56,80.56,31.95,77.54,72.73
80.21,80.21,39.67,75.58,72.45
79.56,79.56,45.99,80.61,73.49
79.53,79.53,54.37,83.13,76.56
78.26,78.26,53.30,83.63,75.50
77.99,77.99,46.82,81.03,77.35
78.24,78.24,42.58,81.34,81.28
76.70,76.70,35.79,82.68,81.29
74.02,74.02,32.67,81.98,80.01
67.64,67.64,26.90,82.42,78.82
70.92,70.92,30.34,81.92,76.59
68.79,68.79,31.62,81.04,75.35
71.64,71.64,35.80,82.48,74.19
75.32,75.32,38.27,82.72,75.99
71.94,71.94,36.82,81.74,74.87
73.96,73.96,40.72,80.71,75.57
76.05,76.05,36.76,82.23,75.95
76.30,76.30,35.81,81.97,77.69
76.57,76.57,34.80,81.34,77.52
77.17,77.17,35.08,81.94,74.11
76.01,76.01,41.01,81.67,74.72
77.27,77.27,59.54,81.94,74.40
75.97,75.97,73.70,78.18,72.21
75.96,75.96,81.81,74.78,74.10
75.99,75.99,86.92,75.92,73.14
74.24,74.24,83.02,79.11,70.62
74.01,74.01,76.05,81.59,70.85
73.46,73.46,63.58,80.55,71.03
66.95,66.95,69.02,81.50,73.67
66.16,66.16,70.69,81.91,75.01
66.79,66.79,62.89,82.12,74.68
66.07,66.07,61.00,82.18,73.15
64.83,64.83,53.28,80.56,72.47
71.08,71.08,53.90,81.85,75.06
69.98,69.98,49.75,75.96,73.02
74.17,74.17,47.07,84.53,73.60
76.53,76.53,36.15,82.41,75.20
77.19,77.19,29.78,79.82,75.83
77.89,77.89,33.64,80.60,74.73
77.77,77.77,29.22,81.82,74.63
75.47,75.47,32.96,81.71,74.74
72.34,72.34,40.08,81.66,76.44
65.53,65.53,46.76,81.26,76.90
67.82,67.82,55.83,80.85,77.62
71.06,71.06,56.14,81.32,75.41
72.55,72.55,49.38,83.18,76.28
75.41,75.41,42.54,80.88,77.44
77.33,77.33,37.48,80.10,76.95
78.88,78.88,35.69,82.47,78.69
78.19,78.19,29.41,82.08,78.50
76.95,76.95,30.75,81.66,77.33
75.93,75.93,39.38,81.06,76.03
72.19,72.19,44.18,81.34,75.72
78.88,78.88,54.18,78.27,77.04
80.33,80.33,45.91,66.62,78.19
79.22,79.22,42.13,70.81,77.94
81.95,81.95,41.01,73.08,80.25
83.40,83.40,38.09,72.47,78.02
80.05,80.05,35.77,72.06,78.03
78.91,78.91,36.41,72.75,77.63
77.08,77.08,45.34,71.11,76.21
78.87,78.87,56.29,74.44,77.68
80.79,80.79,62.79,76.17,79.54
79.41,79.41,82.41,82.40,77.97
78.38,78.38,80.26,83.09,77.90
78.74,78.74,81.50,83.64,79.66
80.18,80.18,77.42,83.01,78.92
79.89,79.89,67.19,83.95,79.55
80.24,80.24,66.95,83.29,78.51
79.66,79.66,71.21,83.17,78.52
79.20,79.20,63.06,82.69,78.76
78.75,78.75,61.89,83.76,76.65
77.87,77.87,58.23,83.24,78.16
77.28,77.28,54.19,82.91,75.26
76.96,76.96,44.94,83.28,75.21
78.16,78.16,40.88,83.38,76.37
78.08,78.08,41.33,83.22,74.74
78.66,78.66,37.24,82.18,74.94
84.20,84.20,39.05,83.42,74.93
78.91,78.91,38.86,82.25,76.86
75.19,75.19,36.64,82.11,74.57
74.03,74.03,35.17,82.76,74.73
76.94,76.94,39.75,83.33,74.35
78.57,78.57,49.50,81.55,74.30
77.84,77.84,50.78,81.91,73.83
81.64,81.64,46.03,82.42,75.47
79.65,79.65,41.05,82.69,77.54
78.76,78.76,39.77,82.50,78.61
79.43,79.43,37.80,81.20,77.94
79.36,79.36,36.39,82.12,77.27
76.81,76.81,34.81,80.51,76.87
69.52,69.52,38.05,81.61,75.81
72.92,72.92,43.95,82.20,76.08
73.88,73.88,50.43,82.32,75.34
74.07,74.07,44.50,80.11,76.17
74.92,74.92,41.82,81.38,75.26
80.78,80.78,39.32,81.57,74.36
81.23,81.23,36.19,82.17,75.35
79.27,79.27,35.67,81.34,75.96
78.69,78.69,37.04,81.09,75.41
79.57,79.57,47.88,81.51,75.01
78.71,78.71,59.71,79.64,74.71
78.18,78.18,75.66,77.55,74.43
79.15,79.15,82.57,74.46,76.34
75.96,75.96,85.97,74.33,76.11
75.34,75.34,81.06,78.23,78.18
76.32,76.32,77.51,81.03,79.38
78.58,78.58,71.90,81.84,78.53
79.32,79.32,65.17,81.86,78.35
78.34,78.34,70.60,81.44,74.89
78.47,78.47,61.90,82.00,73.84
77.77,77.77,65.07,82.12,73.25
78.26,78.26,56.95,80.62,73.00
76.05,76.05,53.95,82.25,73.92
75.92,75.92,51.59,82.77,72.28
75.87,75.87,45.66,82.37,73.39
76.15,76.15,41.93,80.79,72.25
76.90,76.90,38.70,82.24,73.08
78.53,78.53,37.86,82.15,72.70
78.99,78.99,36.63,81.84,72.85
76.91,76.91,37.58,82.46,73.23
69.24,69.24,37.90,82.69,74.33
69.79,69.79,43.27,81.89,76.57
68.15,68.15,53.14,81.00,76.79
67.63,67.63,56.54,82.99,76.00
67.33,67.33,50.07,82.92,78.46
66.67,66.67,45.43,82.33,77.85
68.83,68.83,39.34,80.73,80.76
67.86,67.86,37.47,82.20,79.66
63.20,63.20,33.33,81.91,79.12
64.39,64.39,37.25,81.71,76.81
61.91,61.91,35.13,82.58,75.17
59.59,59.59,34.29,82.41,77.91
61.88,61.88,38.20,81.15,79.05
63.03,63.03,40.68,80.62,77.96
68.50,68.50,41.26,82.12,77.59
78.71,78.71,39.09,82.34,76.61
80.15,80.15,35.69,82.01,76.90
77.09,77.09,34.97,80.88,76.47
77.23,77.23,41.40,81.65,78.51
76.32,76.32,48.57,81.40,76.22
74.79,74.79,65.69,73.98,75.60
74.21,74.21,76.13,67.65,76.23
77.19,77.19,81.09,72.23,76.93
78.85,78.85,85.58,69.46,76.67
79.29,79.29,79.66,75.55,76.79
77.63,77.63,76.66,79.44,74.98
78.57,78.57,72.33,81.13,75.67
77.78,77.78,67.02,81.75,76.20
77.61,77.61,71.88,82.19,76.53
77.99,77.99,59.51,79.83,77.40
78.98,78.98,62.82,81.03,76.01
79.19,79.19,56.18,80.48,73.45
78.61,78.61,54.34,81.44,74.14
78.07,78.07,47.29,80.95,76.59
77.45,77.45,45.14,81.03,77.74
77.57,77.57,44.77,80.78,77.43
78.66,78.66,42.37,79.42,78.21
77.85,77.85,38.47,80.59,77.43
69.17,69.17,35.30,81.51,76.93
72.15,72.15,35.04,81.31,76.32
74.97,74.97,37.59,79.00,78.55
75.39,75.39,44.53,80.65,78.82
79.15,79.15,53.22,79.56,78.52
81.01,81.01,55.92,80.77,80.32
80.17,80.17,52.33,80.09,78.37
79.40,79.40,47.83,80.71,78.76
79.72,79.72,47.08,80.39,80.07
79.23,79.23,42.73,79.04,79.47
79.25,79.25,40.98,80.76,77.42
78.99,78.99,38.97,80.76,78.84
79.39,79.39,40.58,80.07,74.34
80.29,80.29,42.61,80.23,75.72
80.42,80.42,46.11,78.69,76.95
80.53,80.53,45.08,75.02,76.69
81.65,81.65,46.40,79.89,80.05
81.28,81.28,44.77,80.04,78.42
81.34,81.34,42.51,80.97,79.61
80.95,80.95,40.32,78.98,80.36
80.62,80.62,40.76,80.14,79.80
81.12,81.12,44.90,80.88,80.48
73.53,73.53,56.88,77.98,80.47
63.75,63.75,74.58,77.85,79.15
61.95,61.95,82.03,79.11,78.90
62.02,62.02,83.83,78.37,81.15
68.36,68.36,83.74,77.39,81.86
68.98,68.98,76.15,77.98,80.72
70.12,70.12,67.25,75.67,77.96
70.64,70.64,65.28,78.22,77.32
70.15,70.15,71.45,77.64,78.63
69.12,69.12,62.52,77.68,78.49
68.39,68.39,60.80,74.71,78.28
66.48,66.48,54.73,77.89,77.81
71.26,71.26,67.23,80.57,78.48
66.43,66.43,71.91,78.13,76.77
62.85,62.85,72.81,78.42,75.63
64.02,64.02,66.36,78.84,76.92
64.63,64.63,51.12,77.96,77.02
65.94,65.94,41.30,76.28,76.77
67.09,67.09,36.45,79.62,76.11
66.97,66.97,36.16,69.46,75.01
64.86,64.86,38.81,68.74,74.73
60.59,60.59,43.90,74.70,77.84
71.69,71.69,52.98,76.11,74.38
67.53,67.53,52.34,77.94,74.03
74.62,74.62,49.57,76.38,75.49
79.76,79.76,44.06,75.38,77.65
80.28,80.28,38.87,78.56,78.27
78.47,78.47,37.58,77.14,76.41
75.55,75.55,37.12,76.60,76.57
75.30,75.30,39.55,77.26,74.97
76.11,76.11,41.19,76.55,77.58
76.17,76.17,45.80,77.69,77.79
77.99,77.99,52.88,76.52,78.37
76.55,76.55,48.46,76.29,75.90
77.93,77.93,47.30,77.62,78.44
78.16,78.16,43.86,77.09,76.88
77.87,77.87,42.52,76.22,76.53
77.69,77.69,40.02,76.80,76.40
77.87,77.87,37.83,72.25,75.77
77.22,77.22,50.93,68.16,76.04
77.07,77.07,64.09,64.78,75.55
76.23,76.23,72.19,68.28,76.98
75.59,75.59,85.05,70.42,77.14
77.47,77.47,87.57,73.92,76.62
78.35,78.35,85.05,80.66,78.84
78.85,78.85,75.89,82.31,78.72
75.93,75.93,72.59,84.13,80.49
75.85,75.85,65.44,83.14,81.75
75.48,75.48,71.10,83.04,78.01
75.89,75.89,61.82,83.91,76.52
75.21,75.21,61.75,82.53,74.58
77.31,77.31,58.42,81.33,74.92
76.72,76.72,52.09,78.29,73.97
78.07,78.07,45.25,69.26,71.91
77.63,77.63,41.41,66.45,71.52
78.89,78.89,41.63,63.30,72.08
78.10,78.10,41.10,62.32,74.21
77.60,77.60,39.90,54.79,69.22
77.00,77.00,42.87,50.32,68.10
77.18,77.18,48.66,48.01,66.20
76.69,76.69,52.90,43.96,65.34
77.65,77.65,54.10,42.71,63.30
77.75,77.75,56.23,35.86,67.34
77.37,77.37,50.70,43.33,65.44
76.75,76.75,47.21,43.48,66.48
78.53,78.53,45.47,41.89,65.53
78.66,78.66,45.03,42.93,63.48
78.14,78.14,46.64,34.99,63.47
78.10,78.10,50.88,32.69,61.94
77.82,77.82,47.39,31.53,62.04
77.97,77.97,51.91,34.42,64.51
78.68,78.68,53.49,26.59,65.00
79.34,79.34,58.67,19.92,65.62
78.86,78.86,54.79,22.72,66.76
79.47,79.47,50.59,20.21,64.48
79.35,79.35,48.05,20.55,63.14
78.52,78.52,46.07,19.34,61.87
77.75,77.75,48.00,29.40,63.62
79.03,79.03,43.53,35.27,63.05
79.09,79.09,44.37,47.55,63.28
79.92,79.92,57.25,59.70,67.22
78.76,78.76,68.15,71.32,73.30
78.69,78.69,81.77,78.76,76.09
78.55,78.55,83.32,83.07,77.14
77.95,77.95,79.61,80.93,76.61
76.05,76.05,75.13,82.10,76.99
75.61,75.61,71.09,83.93,76.97
73.49,73.49,69.03,83.02,77.19
75.08,75.08,69.07,84.04,75.32
76.24,76.24,66.48,82.90,75.08
77.41,77.41,66.47,83.22,76.97
77.33,77.33,64.83,82.92,77.58
78.21,78.21,65.11,82.53,77.53
78.27,78.27,65.07,82.08,77.49
78.03,78.03,63.47,82.89,76.73
77.79,77.79,64.01,83.58,76.92
78.81,78.81,62.37,81.75,76.04
80.21,80.21,63.27,81.59,77.24
80.66,80.66,63.80,82.18,77.76
80.11,80.11,62.88,81.84,77.49
79.17,79.17,61.97,82.69,77.78
77.25,77.25,61.50,81.74,78.14
75.49,75.49,59.69,82.24,78.49
77.66,77.66,60.82,81.47,78.25
76.39,76.39,61.42,81.08,78.53
74.00,74.00,61.81,80.69,76.34
74.58,74.58,62.49,81.29,76.21
77.26,77.26,60.82,81.94,76.48
74.88,74.88,59.48,80.14,76.46
75.60,75.60,58.20,80.33,75.34
76.06,76.06,58.33,80.60,75.06
74.56,74.56,58.61,80.90,75.60
76.38,76.38,58.61,81.25,76.13
77.70,77.70,58.74,80.78,76.54
78.75,78.75,58.12,80.69,77.32
78.29,78.29,56.59,80.45,75.59
76.24,76.24,55.52,79.51,75.66
76.10,76.10,55.04,79.58,75.17
79.31,79.31,54.87,79.80,77.47
79.85,79.85,53.92,80.71,77.93
78.94,78.94,53.58,79.13,75.88
78.25,78.25,54.12,78.49,76.25
75.49,75.49,52.86,79.26,76.00
73.57,73.57,50.92,80.17,74.58
72.45,72.45,51.35,79.44,74.64
70.92,70.92,51.03,79.77,73.69
71.31,71.31,51.98,78.69,73.87
69.61,69.61,50.29,78.93,74.01
70.01,70.01,49.64,77.46,72.95
68.49,68.49,48.71,77.76,73.09
69.83,69.83,46.57,77.69,74.17
66.81,66.81,46.45,78.64,73.24
62.39,62.39,46.31,77.75,74.99
53.94,53.94,42.96,76.50,74.85
55.08,55.08,42.82,77.55,75.28
60.71,60.71,42.42,78.87,75.11
60.56,60.56,41.58,78.33,73.17
57.05,57.05,42.58,78.26,73.82
59.28,59.28,40.82,77.39,74.12
54.94,54.94,46.64,77.58,72.67
56.20,56.20,57.15,75.30,71.31
58.69,58.69,62.10,74.16,68.84
60.95,60.95,71.83,77.11,72.97
58.11,58.11,73.73,77.70,74.41
58.15,58.15,76.70,80.86,74.40
55.01,55.01,76.87,81.85,73.12
57.50,57.50,76.66,80.55,73.48
54.58,54.58,74.72,81.24,74.23
48.97,48.97,70.62,79.72,73.82
53.16,53.16,70.84,80.57,76.24
51.19,51.19,71.29,81.57,76.70
49.47,49.47,68.87,78.97,74.48
58.69,58.69,66.82,80.12,75.35
60.67,60.67,66.27,79.76,74.55
59.13,59.13,66.10,79.64,74.45
51.38,51.38,62.57,80.29,73.53
46.79,46.79,59.00,80.27,73.81
49.70,49.70,62.94,81.37,75.50
48.05,48.05,60.24,81.54,74.43
43.24,43.24,58.25,82.33,73.06
37.26,37.26,63.90,83.71,70.37
30.63,30.63,75.01,84.80,75.00
28.39,28.39,83.26,83.16,74.82
30.41,30.41,82.09,75.85,74.94
35.41,35.41,77.55,86.02,75.51
40.30,40.30,82.96,86.68,71.22
46.00,46.00,78.65,86.21,72.12
44.74,44.74,75.60,86.70,72.97
46.03,46.03,72.63,86.02,72.88
46.67,46.67,70.10,84.55,71.17
44.05,44.05,67.61,85.96,71.61
46.72,46.72,65.28,83.76,69.80
47.23,47.23,65.36,85.74,72.63
45.14,45.14,64.40,83.68,72.53
44.40,44.40,64.91,83.49,74.49
40.18,40.18,66.88,81.04,71.82
35.51,35.51,62.36,83.18,71.36
41.64,41.64,61.62,82.32,70.72
44.53,44.53,66.39,82.37,73.46
42.17,42.17,62.95,81.64,72.58
43.83,43.83,66.00,79.34,70.40
47.92,47.92,71.69,78.90,69.90
65.76,65.76,83.36,77.13,70.86
66.33,66.33,86.67,75.61,68.30
77.07,77.07,83.52,74.99,68.34
78.29,78.29,77.34,76.15,69.98
74.55,74.55,73.01,75.53,70.92
71.85,71.85,66.95,75.91,72.06
72.35,72.35,70.28,74.75,70.83
73.10,73.10,66.24,75.24,73.65
72.87,72.87,63.66,76.47,72.68
72.63,72.63,61.55,75.89,74.11
73.33,73.33,55.34,73.00,75.41
72.08,72.08,56.93,74.66,74.04
71.04,71.04,50.88,73.45,75.69
71.32,71.32,51.51,73.22,73.48
69.92,69.92,49.84,73.04,72.89
71.67,71.67,53.64,74.48,72.24
71.44,71.44,52.18,71.67,74.65
70.81,70.81,52.88,69.64,74.99
71.36,71.36,61.67,63.27,73.86
75.38,75.38,68.03,59.33,74.20
77.23,77.23,80.03,66.32,77.83
77.17,77.17,86.22,68.68,79.14
80.58,80.58,81.08,75.85,78.82
80.58,80.58,74.95,80.55,78.71
79.88,79.88,75.58,80.54,77.95
80.10,80.10,74.16,79.29,77.79
80.15,80.15,74.69,80.18,78.11
77.92,77.92,72.00,81.64,78.18
80.45,80.45,72.32,82.07,79.80
78.93,78.93,71.71,79.21,78.95
79.68,79.68,72.85,80.57,77.65
79.92,79.92,72.21,80.37,78.53
82.56,82.56,72.12,80.38,77.52
81.79,81.79,70.36,81.59,78.16
82.46,82.46,69.45,81.36,77.08
83.12,83.12,69.48,80.67,76.35
82.71,82.71,69.13,78.93,76.57
84.20,84.20,69.08,79.10,73.96
83.60,83.60,69.57,79.93,75.46
83.05,83.05,76.26,76.00,77.62
79.51,79.51,80.24,73.88,79.52
79.03,79.03,84.28,74.56,77.14
82.18,82.18,80.33,77.44,77.48
82.13,82.13,72.34,82.76,76.91
82.70,82.70,73.39,82.15,77.69
82.27,82.27,71.33,82.01,75.46
82.29,82.29,71.63,83.00,75.16
81.25,81.25,66.56,83.78,76.51
82.05,82.05,66.13,84.34,75.79
81.73,81.73,66.43,81.87,75.70
81.07,81.07,66.06,83.12,75.79
80.95,80.95,65.20,82.13,77.48
80.94,80.94,64.96,82.09,77.05
81.10,81.10,64.43,83.20,77.57
81.76,81.76,63.67,83.76,74.94
81.02,81.02,64.55,83.00,75.39
77.80,77.80,63.09,81.26,75.74
77.97,77.97,63.35,82.41,77.72
80.50,80.50,65.86,83.67,75.65
80.96,80.96,67.92,83.36,76.13
80.26,80.26,73.10,74.25,79.40
80.91,80.91,82.65,71.98,79.66
81.16,81.16,79.94,79.64,79.36
80.57,80.57,77.28,81.59,77.84
81.62,81.62,72.67,80.73,77.67
82.28,82.28,67.58,82.46,78.76
83.15,83.15,61.90,80.05,77.34
83.15,83.15,58.52,81.53,77.38
82.50,82.50,57.48,82.24,77.20
83.02,83.02,57.50,82.75,77.34
82.98,82.98,55.15,80.78,76.52
82.80,82.80,55.00,81.63,76.40
83.47,83.47,56.33,82.04,76.62
83.48,83.48,55.83,82.19,76.22
81.71,81.71,55.72,82.51,75.70
78.93,78.93,54.72,81.62,76.29
77.07,77.07,55.23,82.38,75.89
68.99,68.99,53.56,80.15,74.89
67.81,67.81,61.30,80.50,74.17
71.81,71.81,75.24,75.88,75.46
81.09,81.09,81.22,75.43,77.52
83.46,83.46,85.36,73.00,77.67
82.71,82.71,79.45,77.24,76.80
81.69,81.69,75.93,81.78,76.86
81.04,81.04,72.70,80.96,75.57
79.73,79.73,68.36,80.10,74.80
73.96,73.96,74.14,80.12,75.29
65.89,65.89,64.12,82.62,76.60
66.36,66.36,58.17,82.70,75.59
74.11,74.11,57.68,80.85,74.32
81.00,81.00,54.82,79.45,75.45
83.65,83.65,56.85,79.13,74.23
82.62,82.62,59.96,77.17,76.16
79.55,79.55,56.14,69.45,76.56
78.78,78.78,52.15,79.21,75.48
78.86,78.86,49.08,81.56,77.97
78.56,78.56,47.51,77.86,76.92
79.19,79.19,46.09,81.27,77.23
80.81,80.81,47.65,78.37,76.83
80.27,80.27,49.77,79.47,74.76
81.20,81.20,54.08,81.10,76.48
80.46,80.46,56.78,79.53,76.54
80.13,80.13,55.10,80.31,77.80
81.20,81.20,52.81,80.21,76.38
82.18,82.18,50.21,80.18,75.71
81.84,81.84,46.13,81.46,76.80
81.77,81.77,41.94,79.81,75.30
82.11,82.11,40.05,79.11,75.48
79.87,79.87,40.47,79.83,74.80
78.09,78.09,45.37,80.36,76.16
78.72,78.72,58.51,78.47,76.00
79.14,79.14,63.15,77.66,76.15
80.02,80.02,77.66,77.86,75.75
79.81,79.81,80.64,73.70,74.13
74.64,74.64,78.53,79.48,74.94
72.00,72.00,74.91,83.74,75.75
69.13,69.13,74.19,79.46,75.98
68.98,68.98,68.59,80.47,77.26
70.62,70.62,66.46,79.06,76.88
71.44,71.44,72.02,78.28,76.70
70.68,70.68,82.02,78.46,77.92
71.40,71.40,87.01,75.40,79.37
79.10,79.10,83.38,79.73,77.88
78.05,78.05,79.49,79.78,78.23
76.99,76.99,75.95,80.06,78.14
77.62,77.62,67.26,80.93,77.14
79.29,79.29,72.87,78.52,77.13
79.85,79.85,63.68,79.19,77.99
80.60,80.60,64.18,80.56,78.36
81.58,81.58,59.46,78.78,77.20
81.05,81.05,54.99,77.17,76.97
81.45,81.45,57.36,79.57,75.86
82.10,82.10,51.40,78.12,77.61
80.32,80.32,51.59,78.93,77.47
73.64,73.64,48.94,80.08,77.55
71.33,71.33,47.45,79.28,75.75
69.69,69.69,44.46,79.95,76.51
70.20,70.20,47.70,78.69,75.91
68.64,68.64,58.96,78.33,74.01
70.32,70.32,67.59,78.81,74.39
76.69,76.69,74.46,71.68,77.92
81.31,81.31,82.53,75.55,76.03
77.96,77.96,81.52,79.67,76.92
77.57,77.57,77.00,83.19,75.95
76.01,76.01,72.71,81.26,77.05
77.30,77.30,67.53,81.37,78.74
78.31,78.31,61.75,81.03,77.70
77.29,77.29,58.18,81.61,77.54
78.56,78.56,56.14,81.96,76.53
80.24,80.24,57.21,80.97,76.32
80.19,80.19,58.15,81.16,75.62
79.57,79.57,59.65,81.27,76.96
80.89,80.89,65.60,80.86,78.21
79.95,79.95,64.67,82.01,77.87
71.23,71.23,58.87,81.52,75.70
64.88,64.88,54.12,81.58,77.34
63.49,63.49,49.78,80.77,76.74
61.74,61.74,46.98,80.24,76.64
62.39,62.39,49.48,80.43,75.57
68.31,68.31,53.78,81.42,77.02
68.68,68.68,53.87,72.97,75.38
81.32,81.32,53.37,70.09,76.96
82.47,82.47,51.77,77.75,77.27
79.98,79.98,48.92,80.94,78.48
80.72,80.72,45.88,78.97,77.59
79.92,79.92,46.91,79.43,77.69
82.26,82.26,44.74,80.22,77.95
81.63,81.63,45.17,81.71,78.08
80.26,80.26,45.10,82.56,77.52
81.62,81.62,45.18,80.11,76.29
81.63,81.63,48.64,81.62,76.09
82.29,82.29,53.47,80.38,74.90
82.08,82.08,55.86,75.10,76.02
83.04,83.04,56.57,73.88,75.12
84.05,84.05,54.02,77.60,76.34
83.68,83.68,50.32,82.20,76.55
82.65,82.65,48.98,79.98,74.60
80.82,80.82,48.39,82.14,76.08
80.38,80.38,58.98,76.96,76.59
80.75,80.75,73.68,71.06,75.96
79.25,79.25,82.89,72.89,77.15
80.68,80.68,81.89,71.54,79.52
82.63,82.63,81.59,72.11,78.77
82.77,82.77,76.95,75.87,78.29
83.16,83.16,71.29,77.67,77.48
80.95,80.95,70.90,77.78,76.00
80.80,80.80,72.49,78.49,77.11
79.00,79.00,61.28,77.69,76.56
80.04,80.04,60.99,77.53,76.12
81.63,81.63,57.37,77.79,77.32
81.95,81.95,54.54,77.62,76.25
81.60,81.60,51.88,78.24,79.57
82.38,82.38,47.41,78.43,78.68
83.08,83.08,47.31,78.33,78.50
82.80,82.80,44.07,78.09,78.39
81.55,81.55,42.65,78.16,76.96
79.93,79.93,42.85,78.15,78.23
80.90,80.90,46.84,77.95,76.87
80.30,80.30,58.90,76.89,76.88
81.02,81.02,69.60,73.64,78.42
78.87,78.87,80.16,70.99,78.11
82.06,82.06,78.81,61.84,79.03
81.71,81.71,77.72,74.76,77.71
80.44,80.44,75.81,79.18,78.56
80.81,80.81,70.97,78.59,77.90
79.93,79.93,68.53,78.23,77.94
79.06,79.06,71.69,78.31,77.40
78.84,78.84,58.88,77.47,77.54
80.94,80.94,63.28,77.31,78.46
80.59,80.59,48.46,77.66,78.90
80.77,80.77,52.65,76.93,79.26
81.29,81.29,45.69,76.24,78.65
80.13,80.13,42.95,76.20,79.04
80.90,80.90,41.37,75.35,78.21
81.53,81.53,42.43,76.02,79.30
80.63,80.63,43.43,75.75,79.23
80.30,80.30,42.34,75.12,79.25
80.05,80.05,42.38,75.64,77.31
79.00,79.00,54.58,74.81,77.62
79.61,79.61,62.47,72.12,76.19
78.59,78.59,75.29,74.96,78.48
77.79,77.79,83.19,74.63,77.52
77.43,77.43,81.21,80.80,80.10
79.66,79.66,73.69,76.00,80.29
76.59,76.59,71.65,76.22,78.94
77.74,77.74,69.46,79.10,79.31
78.09,78.09,61.56,78.52,79.44
78.90,78.90,59.62,77.40,78.47
78.21,78.21,56.95,77.37,77.94
81.12,81.12,54.02,76.69,78.20
83.01,83.01,51.49,77.42,77.48
84.27,84.27,54.56,77.89,76.57
83.56,83.56,56.94,77.50,77.63
81.54,81.54,53.22,76.96,77.41
79.01,79.01,49.90,76.77,76.80
71.33,71.33,50.28,76.75,76.59
75.92,75.92,48.62,76.90,78.00
73.91,73.91,52.61,76.25,78.04
75.77,75.77,62.22,72.79,76.42
72.63,72.63,72.06,67.63,76.19
74.68,74.68,81.85,67.40,75.73
77.38,77.38,81.17,71.17,74.48
81.68,81.68,79.04,71.32,75.32
81.83,81.83,75.19,77.40,74.37
81.39,81.39,73.17,78.01,74.72
81.46,81.46,69.50,77.41,73.11
79.93,79.93,72.79,76.47,73.54
80.40,80.40,61.97,76.55,74.24
81.16,81.16,62.63,77.07,76.05
81.72,81.72,56.75,76.74,75.21
82.11,82.11,56.73,77.77,74.16
81.79,81.79,57.87,75.12,74.89
80.14,80.14,58.85,72.55,77.37
78.44,78.44,58.17,72.00,77.59
69.73,69.73,51.77,75.00,78.32
67.59,67.59,44.07,75.05,77.44
65.47,65.47,41.52,75.22,77.67
64.34,64.34,42.96,78.20,78.17
63.66,63.66,47.46,81.15,78.83
65.86,65.86,55.68,80.57,79.10
75.97,75.97,58.00,79.83,77.68
80.69,80.69,58.66,77.95,75.18
80.77,80.77,56.01,82.05,76.25
79.88,79.88,52.48,81.40,75.60
78.63,78.63,48.57,80.37,75.63
79.59,79.59,46.67,79.69,76.54
78.41,78.41,48.08,79.98,77.06
80.71,80.71,48.16,81.36,76.21
80.55,80.55,46.07,80.58,75.75
78.59,78.59,50.27,80.29,75.19
79.67,79.67,55.80,80.18,73.58
80.60,80.60,62.26,81.52,74.78
78.05,78.05,72.55,75.21,76.52
78.83,78.83,82.19,72.35,75.50
78.74,78.74,79.17,77.87,76.57
78.37,78.37,77.19,79.68,76.80
68.43,68.43,71.48,78.14,76.89
63.72,63.72,63.13,78.67,76.04
68.95,68.95,62.22,80.38,76.37
66.89,66.89,68.14,79.91,75.05
67.80,67.80,80.18,80.20,76.23
76.45,76.45,83.61,78.08,77.67
80.03,80.03,79.74,79.57,78.38
79.48,79.48,72.39,81.60,78.50
80.29,80.29,74.57,78.94,76.42
80.18,80.18,67.64,77.35,78.16
80.96,80.96,71.65,80.48,77.87
79.48,79.48,61.16,81.99,77.30
80.59,80.59,63.06,79.36,77.42
80.92,80.92,53.90,78.74,77.65
79.19,79.19,52.29,80.08,75.34
79.82,79.82,48.67,81.34,78.54
80.43,80.43,47.54,81.53,77.30
77.16,77.16,45.61,79.83,75.82
70.38,70.38,43.13,80.26,75.70
69.19,69.19,38.62,81.75,76.22
65.68,65.68,38.16,81.72,76.16
62.26,62.26,39.61,80.86,76.51
61.39,61.39,50.05,79.85,74.43
62.97,62.97,61.57,80.94,77.06
71.48,71.48,72.10,63.49,79.12
69.23,69.23,83.11,69.71,78.33
76.45,76.45,82.06,73.79,76.35
75.73,75.73,78.09,77.98,75.46
73.47,73.47,72.94,76.82,75.18
76.40,76.40,65.85,73.74,76.45
76.21,76.21,58.50,78.53,76.47
77.52,77.52,54.93,80.03,76.50
77.80,77.80,52.41,80.71,77.77
78.15,78.15,57.47,78.88,77.14
78.57,78.57,56.90,78.11,76.61
79.68,79.68,60.04,79.38,74.92
79.11,79.11,60.51,81.06,77.67
78.25,78.25,57.40,78.90,74.97
78.66,78.66,53.57,78.78,75.11
76.98,76.98,48.67,80.10,74.49
71.39,71.39,52.89,80.22,76.90
63.36,63.36,49.82,80.05,76.61
60.44,60.44,49.17,79.78,76.56
63.51,63.51,53.12,79.87,75.57
73.25,73.25,54.44,70.56,75.18
77.52,77.52,55.67,69.67,73.99
77.60,77.60,53.73,72.46,75.83
77.70,77.70,50.53,80.03,76.01
77.85,77.85,51.16,78.03,76.34
78.40,78.40,50.58,77.16,74.18
78.13,78.13,48.71,79.35,75.26
77.75,77.75,44.63,81.90,74.28
78.09,78.09,43.24,80.25,73.63
78.49,78.49,44.92,79.66,74.75
77.67,77.67,49.56,79.33,75.46
76.55,76.55,57.47,81.03,73.84
77.48,77.48,60.76,81.57,74.12
78.55,78.55,60.49,80.04,76.03
79.84,79.84,55.44,78.46,75.80
80.29,80.29,52.15,79.88,76.23
79.76,79.76,46.89,81.17,75.56
79.70,79.70,48.71,79.94,75.66
79.54,79.54,57.89,78.59,74.06
80.04,80.04,68.61,76.97,75.33
78.88,78.88,78.59,78.53,77.59
78.43,78.43,83.32,72.93,78.13
78.58,78.58,79.88,72.89,76.02
77.31,77.31,79.56,78.72,76.00
77.58,77.58,72.84,80.61,77.01
77.69,77.69,66.47,79.23,76.26
76.61,76.61,72.16,76.57,76.98
78.87,78.87,62.35,78.60,77.08
80.72,80.72,65.43,74.81,77.03
79.87,79.87,59.02,75.70,76.77
77.92,77.92,53.45,76.34,75.89
77.76,77.76,53.39,70.01,77.05
79.38,79.38,51.83,75.95,76.95
77.39,77.39,51.22,77.09,79.01
75.42,75.42,48.95,74.07,76.98
75.21,75.21,45.69,77.01,76.75
73.05,73.05,43.81,75.49,76.70
69.74,69.74,47.04,75.55,77.13
65.92,65.92,58.90,74.37,76.41
63.03,63.03,66.63,70.53,77.21
61.06,61.06,80.87,74.67,77.14
57.54,57.54,78.58,72.26,76.17
56.60,56.60,82.42,76.72,77.26
56.34,56.34,77.19,79.72,75.00
60.42,60.42,63.82,80.76,76.40
62.54,62.54,66.92,81.04,76.30
61.81,61.81,70.28,80.18,76.06
62.30,62.30,63.00,80.46,76.98
63.92,63.92,65.12,78.42,76.18
64.98,64.98,49.41,79.50,76.77
62.10,62.10,55.82,80.41,76.13
63.79,63.79,48.09,78.45,77.44
62.76,62.76,48.60,79.87,77.24
58.99,58.99,46.49,79.20,75.93
57.10,57.10,46.58,77.45,76.88
54.25,54.25,43.59,79.69,75.37
56.39,56.39,40.29,78.06,76.22
65.59,65.59,46.20,78.38,76.24
70.27,70.27,61.27,79.15,76.32
65.59,65.59,65.31,76.99,75.12
75.74,75.74,76.01,72.77,77.71
76.43,76.43,82.38,68.08,73.65
78.83,78.83,80.97,80.29,75.89
79.38,79.38,78.70,78.31,74.51
77.77,77.77,73.69,79.97,75.75
78.22,78.22,68.11,78.38,74.94
78.46,78.46,63.82,77.03,75.54
77.54,77.54,60.17,79.54,76.11
77.72,77.72,59.12,78.65,78.28
78.60,78.60,59.79,76.86,75.91
79.12,79.12,60.71,77.60,77.33
80.54,80.54,59.99,76.97,76.92
81.50,81.50,65.30,78.83,75.82
82.04,82.04,65.93,78.51,76.13
82.74,82.74,61.56,76.97,76.62
81.98,81.98,55.62,78.87,75.01
81.09,81.09,53.36,79.34,75.33
77.42,77.42,54.26,77.70,77.25
70.54,70.54,54.49,78.07,76.70
76.73,76.73,55.20,77.61,74.19
82.92,82.92,57.80,63.68,74.80
82.86,82.86,58.06,65.58,76.71
83.55,83.55,56.17,77.08,74.82
83.55,83.55,52.06,79.83,75.62
82.95,82.95,49.53,76.10,75.32
82.78,82.78,49.84,76.96,73.94
82.84,82.84,47.86,77.88,74.30
81.28,81.28,47.50,77.15,74.68
81.00,81.00,48.88,77.08,74.88
82.26,82.26,47.25,76.66,76.66
83.03,83.03,49.96,75.95,75.79
84.57,84.57,55.25,77.15,76.31
82.95,82.95,56.27,77.10,74.81
83.95,83.95,55.45,77.09,75.12
84.45,84.45,53.12,75.89,75.27
83.40,83.40,49.48,76.03,75.55
82.07,82.07,50.35,76.99,74.98
82.98,82.98,49.10,76.30,75.20
83.95,83.95,53.54,76.00,74.23
84.40,84.40,57.88,74.47,73.78
85.52,85.52,61.80,69.85,74.01
85.60,85.60,62.07,65.69,76.45
84.88,84.88,58.51,78.47,78.06
84.82,84.82,55.06,81.54,77.63
83.53,83.53,52.73,79.40,78.49
83.27,83.27,50.66,79.03,77.15
85.48,85.48,50.90,79.95,77.11
86.94,86.94,49.53,82.40,77.31
85.98,85.98,48.61,81.19,77.55
85.63,85.63,47.50,79.22,76.56
84.88,84.88,57.98,79.00,76.71
85.51,85.51,65.63,81.54,75.18
84.92,84.92,73.14,80.86,76.69
81.38,81.38,80.73,80.22,76.66
78.37,78.37,77.07,78.93,76.34
71.38,71.38,72.19,79.80,79.15
69.62,69.62,63.96,81.15,75.30
64.18,64.18,57.11,79.77,77.04
64.61,64.61,58.83,79.25,76.13
66.72,66.72,66.13,80.76,77.85
67.46,67.46,80.82,82.07,76.41
73.90,73.90,84.73,81.91,74.62
75.46,75.46,82.62,80.95,76.21
76.90,76.90,78.31,79.56,76.08
77.16,77.16,69.87,80.45,76.13
78.57,78.57,67.02,80.58,75.68
77.96,77.96,71.48,79.92,75.03
78.38,78.38,62.57,78.18,74.80
77.89,77.89,64.23,79.54,75.62
77.37,77.37,57.05,80.91,75.57
78.76,78.76,54.14,79.14,74.37
78.84,78.84,53.78,78.99,76.92
73.35,73.35,58.02,75.66,77.58
66.06,66.06,57.69,68.43,76.11
60.59,60.59,52.02,76.81,77.08
58.34,58.34,48.19,78.24,77.14
64.51,64.51,47.61,79.33,74.90
66.93,66.93,47.51,78.00,75.40
79.15,79.15,56.15,78.27,75.64
83.18,83.18,60.84,76.24,76.11
82.42,82.42,71.49,64.93,76.47
82.94,82.94,83.74,61.10,74.78
83.22,83.22,79.43,70.02,74.91
82.10,82.10,79.37,65.64,73.69
83.78,83.78,73.73,54.34,74.16
83.78,83.78,69.58,55.30,74.71
83.56,83.56,63.75,52.85,74.63
82.84,82.84,59.36,49.16,73.46
83.60,83.60,61.98,55.24,73.39
83.52,83.52,63.64,58.93,75.24
84.57,84.57,62.04,49.75,74.58
84.08,84.08,60.70,48.52,73.82
84.38,84.38,66.08,43.69,73.33
82.82,82.82,63.56,35.57,74.36
80.76,80.76,60.51,39.00,75.34
77.22,77.22,56.20,36.32,76.26
74.27,74.27,49.12,32.94,75.10
69.52,69.52,50.37,32.82,74.86
70.22,70.22,55.02,27.87,74.02
70.67,70.67,58.41,37.68,74.01
72.55,72.55,80.37,56.57,74.72
74.49,74.49,84.04,64.67,76.97
75.72,75.72,82.59,77.40,78.66
76.62,76.62,74.57,78.61,77.84
78.65,78.65,71.43,78.63,78.11
79.91,79.91,71.27,77.47,78.67
79.59,79.59,71.46,78.90,77.74
80.22,80.22,67.69,78.53,78.71
79.61,79.61,69.47,77.50,77.01
80.33,80.33,68.20,77.69,77.82
81.65,81.65,68.44,78.45,78.40
79.59,79.59,67.14,78.53,77.22
77.06,77.06,69.93,79.04,77.32
75.51,75.51,68.88,79.78,77.84
75.49,75.49,67.05,79.42,76.47
77.78,77.78,67.55,78.67,77.51
78.70,78.70,66.02,78.68,77.10
79.50,79.50,65.37,78.77,75.51
81.00,81.00,64.39,78.67,76.50
80.60,80.60,63.74,78.64,75.76
78.92,78.92,64.43,78.46,76.92
77.65,77.65,65.22,77.90,76.29
77.75,77.75,65.04,77.58,74.82
79.31,79.31,63.69,77.70,73.63
78.06,78.06,62.94,77.45,74.32
78.35,78.35,63.00,77.14,74.80
79.14,79.14,62.56,77.23,74.75
78.65,78.65,62.21,77.19,73.91
79.14,79.14,61.92,77.00,72.80
78.87,78.87,61.59,77.40,73.99
76.97,76.97,60.80,77.09,75.50
72.80,72.80,63.41,76.60,75.29
75.24,75.24,62.54,76.88,77.90
78.54,78.54,63.26,76.37,79.14
80.80,80.80,61.65,76.29,77.35
81.17,81.17,58.47,75.80,76.26
79.64,79.64,57.97,76.28,76.47
80.67,80.67,57.92,76.04,75.50
78.71,78.71,61.13,74.73,76.47
77.80,77.80,68.91,72.42,78.29
78.17,78.17,79.44,70.26,77.47
79.82,79.82,79.72,65.34,76.53
79.09,79.09,77.00,76.85,76.15
76.98,76.98,78.75,80.19,76.56
77.18,77.18,71.30,79.63,76.25
76.75,76.75,68.87,80.84,75.18
77.95,77.95,70.69,79.91,74.38
76.73,76.73,62.36,79.47,76.28
78.97,78.97,60.35,79.15,74.38
77.54,77.54,53.56,78.94,75.07
78.94,78.94,56.23,78.81,74.43
78.10,78.10,50.38,78.87,75.37
77.44,77.44,49.72,79.04,73.03
77.04,77.04,48.66,78.68,74.57
76.40,76.40,47.20,78.89,75.10
76.74,76.74,45.53,78.60,75.75
77.62,77.62,44.51,78.32,75.98
77.28,77.28,47.62,78.14,74.86
77.70,77.70,54.91,77.48,74.76
77.52,77.52,64.72,76.54,75.61
78.61,78.61,75.63,71.06,76.96
77.96,77.96,84.36,70.62,76.50
77.30,77.30,80.01,74.73,77.14
77.94,77.94,77.09,78.02,77.18
79.61,79.61,70.97,74.93,79.79
78.91,78.91,66.78,75.52,78.17
78.19,78.19,64.78,75.85,77.46
76.40,76.40,59.64,75.56,76.77
77.15,77.15,57.39,75.74,76.58
76.75,76.75,56.19,75.03,77.14
77.00,77.00,54.92,75.01,76.44
73.95,73.95,50.58,74.76,75.37
67.06,67.06,51.19,76.65,77.61
64.62,64.62,50.89,76.03,77.52
62.03,62.03,47.80,75.93,74.07
61.74,61.74,48.69,73.69,75.02
62.85,62.85,47.36,73.44,73.97
63.80,63.80,49.68,73.52,73.19
62.30,62.30,63.22,73.37,75.01
59.79,59.79,69.22,66.98,74.07
54.52,54.52,82.26,70.87,74.58
54.82,54.82,84.50,70.25,75.46
51.86,51.86,79.66,78.42,73.63
53.81,53.81,77.11,79.26,74.54
49.27,49.27,72.88,81.32,74.53
52.96,52.96,68.25,78.69,75.02
53.02,53.02,73.17,80.65,75.53
55.56,55.56,62.68,80.44,75.26
55.76,55.76,66.30,79.21,75.94
51.85,51.85,55.57,77.77,75.21
50.66,50.66,57.58,79.76,78.74
52.08,52.08,60.46,79.13,81.45
51.45,51.45,56.80,75.52,79.39
57.70,57.70,53.91,67.22,79.57
67.34,67.34,50.58,76.30,77.96
72.77,72.77,47.15,78.93,77.84
76.86,76.86,44.79,77.17,76.88
77.81,77.81,45.80,76.41,76.10
78.54,78.54,50.77,76.68,76.29
78.91,78.91,53.15,76.07,78.91
80.54,80.54,55.66,72.05,78.19
82.00,82.00,57.12,67.54,76.86
81.36,81.36,55.14,79.43,76.00
78.99,78.99,51.61,78.99,75.80
80.47,80.47,47.06,78.76,74.28
79.76,79.76,44.06,75.47,75.36
79.60,79.60,42.19,77.82,76.50
80.70,80.70,43.16,78.19,76.06
77.87,77.87,42.15,78.27,75.77
71.71,71.71,46.67,78.98,74.39
80.28,80.28,55.84,77.15,75.90
80.39,80.39,60.94,81.08,76.39
79.78,79.78,78.07,70.15,79.37
79.48,79.48,80.55,65.71,76.12
78.70,78.70,77.05,77.70,75.98
77.77,77.77,75.92,79.88,74.96
79.47,79.47,73.15,78.01,74.97
79.80,79.80,68.36,78.43,75.10
77.74,77.74,65.20,77.91,76.25
76.41,76.41,69.76,74.88,78.15
76.45,76.45,82.32,68.09,78.72
74.17,74.17,81.94,65.52,79.76
70.24,70.24,84.12,62.21,77.87
65.71,65.71,78.09,60.25,76.29
63.84,63.84,67.15,57.26,77.01
61.84,61.84,65.64,55.01,77.39
60.45,60.45,70.13,50.67,78.25
61.04,61.04,64.43,47.68,77.85
62.84,62.84,62.76,41.09,78.39
64.74,64.74,57.87,37.11,78.97
69.99,69.99,54.45,41.27,77.99
77.74,77.74,54.16,43.01,78.16
79.64,79.64,53.09,53.68,77.96
77.58,77.58,50.75,54.74,75.00
78.68,78.68,51.37,74.97,75.16
77.61,77.61,51.03,81.86,76.20
76.59,76.59,51.98,78.60,75.63
76.34,76.34,51.27,81.02,73.82
75.76,75.76,57.34,77.36,76.43
75.67,75.67,69.50,77.10,77.02
74.71,74.71,75.11,70.99,78.54
74.02,74.02,84.93,70.55,76.16
67.45,67.45,79.52,70.76,78.29
65.05,65.05,76.86,65.71,78.87
60.85,60.85,71.44,53.00,78.93
56.58,56.58,66.74,62.69,79.13
52.78,52.78,69.05,53.45,78.95
59.90,59.90,59.73,56.91,80.27
67.91,67.91,54.70,55.91,77.87
67.76,67.76,56.95,51.22,76.33
81.19,81.19,61.68,54.55,78.53
82.89,82.89,65.19,55.24,76.68
80.27,80.27,63.45,61.52,76.78
80.97,80.97,58.98,69.08,76.91
81.12,81.12,54.35,77.86,77.11
80.16,80.16,51.59,81.62,75.64
79.88,79.88,51.04,79.48,74.07
79.11,79.11,52.36,79.33,74.41
79.21,79.21,52.84,80.41,74.04
79.90,79.90,52.59,80.38,74.90
79.26,79.26,55.58,80.69,74.95
80.16,80.16,55.03,78.53,74.71
80.10,80.10,51.37,78.40,77.13
79.46,79.46,48.91,78.43,75.49
78.21,78.21,48.69,78.90,75.50
78.17,78.17,47.60,79.41,73.69
77.54,77.54,49.06,79.36,75.39
75.30,75.30,48.22,77.84,74.09
72.03,72.03,46.56,78.58,74.90
67.50,67.50,47.61,78.85,75.89
54.65,54.65,49.07,78.78,75.87
59.33,59.33,56.29,78.09,75.63
57.48,57.48,57.42,75.40,74.47
53.95,53.95,56.60,69.37,75.38
49.03,49.03,54.84,77.17,75.08
48.64,48.64,52.59,82.14,74.90
49.52,49.52,47.72,79.22,73.85
51.06,51.06,49.41,81.26,73.91
58.15,58.15,60.77,79.03,71.60
63.23,63.23,74.81,73.82,75.67
67.32,67.32,81.58,76.73,75.92
69.34,69.34,83.26,73.36,78.90
73.21,73.21,80.36,74.74,78.80
82.74,82.74,73.04,81.41,78.44
82.52,82.52,74.26,82.17,78.30
80.42,80.42,71.02,81.51,77.16
76.50,76.50,71.36,82.24,78.45
77.95,77.95,66.04,83.49,75.74
77.31,77.31,68.25,83.67,77.54
76.96,76.96,67.46,81.61,76.27
76.24,76.24,67.53,82.66,76.16
78.03,78.03,69.09,81.88,75.95
79.91,79.91,68.49,82.19,74.64
81.09,81.09,67.08,82.73,75.25
80.14,80.14,67.17,83.12,75.46
82.19,82.19,66.24,82.31,75.58
81.47,81.47,66.22,81.10,76.15
81.00,81.00,66.27,82.65,74.73
77.71,77.71,66.81,81.83,75.05
76.89,76.89,77.41,77.37,75.70
78.94,78.94,80.37,71.55,75.99
81.49,81.49,78.57,73.00,75.78
81.55,81.55,79.82,74.85,75.85
80.24,80.24,76.63,80.79,74.75
80.76,80.76,72.38,81.16,75.75
79.54,79.54,69.25,80.75,75.76
79.66,79.66,69.75,77.85,75.51
81.20,81.20,64.09,79.80,73.79
81.57,81.57,63.20,80.35,75.43
81.84,81.84,60.80,81.91,74.98
82.18,82.18,60.72,79.52,75.71
82.17,82.17,60.75,79.39,75.72
80.58,80.58,61.79,79.86,76.49
80.18,80.18,61.27,80.14,75.32
71.85,71.85,60.98,81.32,75.36
66.96,66.96,59.55,80.13,73.35
61.74,61.74,59.80,80.78,73.99
63.11,63.11,60.08,79.34,73.80
65.58,65.58,61.07,79.99,72.12
68.41,68.41,64.72,80.93,73.41
78.08,78.08,74.16,65.77,75.54
79.83,79.83,82.91,69.74,76.58
81.88,81.88,79.32,71.31,73.34
82.57,82.57,77.31,78.96,74.37
83.44,83.44,71.36,78.93,74.09
81.42,81.42,66.16,78.76,73.87
82.48,82.48,61.32,79.78,74.17
81.60,81.60,56.88,79.85,74.94
80.32,80.32,54.83,80.36,74.77
80.41,80.41,53.88,79.40,75.15
80.97,80.97,54.02,77.83,76.03
81.31,81.31,55.03,80.09,75.33
81.28,81.28,54.90,80.39,74.49
75.14,75.14,54.66,81.43,76.44
67.57,67.57,55.67,79.22,75.79
62.73,62.73,55.27,79.72,76.43
62.26,62.26,54.72,79.76,76.41
63.64,63.64,54.73,79.58,76.30
67.72,67.72,62.67,79.39,76.88
81.10,81.10,71.24,75.62,77.96
81.33,81.33,79.35,76.13,76.82
79.76,79.76,82.45,77.96,77.52
76.72,76.72,80.52,79.98,78.68
76.20,76.20,72.54,81.30,78.81
66.34,66.34,72.83,79.95,76.70
57.76,57.76,67.82,80.13,75.44
57.56,57.56,73.13,80.80,75.44
59.75,59.75,60.63,82.62,77.21
66.36,66.36,60.93,83.68,76.61
75.60,75.60,53.24,79.99,75.41
81.92,81.92,54.09,80.91,74.71
78.92,78.92,57.10,81.75,76.37
78.51,78.51,58.93,74.00,76.48
80.12,80.12,60.37,73.19,77.88
80.06,80.06,56.06,75.59,79.09
81.12,81.12,52.40,82.22,76.97
80.77,80.77,50.65,78.62,75.70
81.63,81.63,48.10,80.56,77.54
81.04,81.04,48.74,76.45,77.81
81.95,81.95,51.03,77.92,76.98
81.69,81.69,58.46,80.61,76.86
81.93,81.93,60.71,77.78,76.34
80.45,80.45,57.37,79.83,76.81
79.84,79.84,55.33,78.66,76.88
80.84,80.84,51.27,78.90,76.70
80.72,80.72,48.23,79.82,77.65
80.91,80.91,46.96,78.00,76.38
82.23,82.23,44.29,78.00,76.58
82.19,82.19,43.94,77.97,77.66
81.30,81.30,48.26,78.68,77.11
80.81,80.81,55.08,77.20,78.32
79.64,79.64,60.95,77.22,78.41
76.74,76.74,74.99,76.56,79.40
73.91,73.91,80.05,67.92,80.29
77.91,77.91,77.21,78.97,79.51
79.56,79.56,74.73,84.30,79.81
79.49,79.49,71.21,81.50,77.40
77.95,77.95,65.27,81.49,78.32
78.88,78.88,63.71,80.39,76.60
76.79,76.79,72.21,77.81,76.29
83.61,83.61,80.45,75.25,76.85
84.69,84.69,84.40,72.86,77.70
83.66,83.66,82.74,79.68,77.97
81.59,81.59,78.39,79.84,77.51
81.36,81.36,74.82,81.02,77.55
80.85,80.85,66.38,81.45,76.42
81.60,81.60,73.70,78.90,77.38
81.55,81.55,64.44,79.68,77.18
81.45,81.45,64.56,81.25,75.95
81.67,81.67,60.40,79.49,77.45
82.69,82.69,54.69,78.97,75.83
83.63,83.63,53.92,79.83,75.73
83.95,83.95,48.65,79.68,75.92
80.77,80.77,50.22,79.52,76.36
71.08,71.08,48.18,80.86,76.46
69.09,69.09,41.84,79.59,76.27
67.03,67.03,41.51,80.69,76.61
69.09,69.09,47.34,79.97,74.90
70.31,70.31,55.26,79.28,74.35
74.29,74.29,65.03,79.34,75.51
79.90,79.90,72.76,70.78,76.59
81.01,81.01,81.32,67.88,78.01
80.43,80.43,81.93,78.75,76.83
78.68,78.68,77.66,82.43,77.61
79.25,79.25,71.90,81.69,77.59
78.83,78.83,66.83,81.24,76.88
79.64,79.64,59.09,79.43,77.56
80.86,80.86,57.77,80.88,77.59
80.55,80.55,58.25,80.98,78.28
80.14,80.14,61.06,79.40,78.28
79.76,79.76,64.08,80.07,76.67
81.14,81.14,63.22,80.62,77.15
81.71,81.71,64.28,79.87,75.87
83.41,83.41,63.30,81.45,77.07
83.77,83.77,60.01,80.34,77.81
80.75,80.75,55.14,80.72,77.37
75.92,75.92,56.14,80.88,79.73
80.15,80.15,55.63,79.28,77.30
81.74,81.74,54.19,79.52,78.16
81.05,81.05,55.90,80.51,80.13
79.80,79.80,58.53,70.34,78.67
79.77,79.77,57.99,73.44,78.95
81.25,81.25,54.82,75.06,77.83
77.40,77.40,52.36,80.24,77.79
79.60,79.60,49.28,82.41,79.46
72.80,72.80,47.14,81.45,80.36
68.41,68.41,44.66,81.68,81.51
69.04,69.04,42.56,82.80,79.90
74.42,74.42,45.66,83.42,78.33
74.45,74.45,47.87,81.22,76.44
81.46,81.46,50.09,81.99,76.07
81.39,81.39,52.86,81.45,75.77
79.96,79.96,55.00,76.18,76.70
78.73,78.73,53.96,72.73,77.77
78.76,78.76,51.21,76.51,76.68
77.82,77.82,49.28,82.88,78.83
78.12,78.12,45.40,79.42,77.76
76.23,76.23,48.69,80.98,76.53
74.64,74.64,58.83,76.62,76.25
72.70,72.70,72.94,70.91,80.68
73.63,73.63,81.93,70.67,78.68
76.90,76.90,80.09,71.85,78.40
77.74,77.74,81.02,73.66,78.90
76.42,76.42,74.67,76.14,77.92
78.13,78.13,70.33,76.56,80.12
78.96,78.96,71.97,78.28,79.16
75.90,75.90,73.29,77.37,79.37
74.57,74.57,60.58,76.61,78.28
75.46,75.46,60.40,77.70,78.55
76.40,76.40,55.44,77.08,78.44
74.90,74.90,55.68,77.09,78.87
75.77,75.77,55.80,76.72,78.96
76.78,76.78,49.34,76.99,79.44
77.73,77.73,49.72,76.26,79.02
77.51,77.51,45.03,76.34,76.76
77.01,77.01,44.00,76.53,79.36
78.32,78.32,44.07,76.66,77.33
78.76,78.76,47.27,75.87,80.03
78.27,78.27,58.34,74.77,76.53
78.28,78.28,71.24,69.34,77.35
78.28,78.28,80.59,70.59,78.32
76.22,76.22,79.72,66.97,77.80
75.93,75.93,79.78,69.87,80.04
75.54,75.54,72.45,73.36,79.18
76.19,76.19,71.21,73.68,79.21
76.29,76.29,71.41,75.84,80.28
76.49,76.49,72.19,75.75,81.87
78.64,78.64,60.55,74.13,79.43
78.45,78.45,61.91,74.43,80.87
76.14,76.14,51.38,74.58,80.65
75.56,75.56,50.75,74.25,80.53
76.89,76.89,49.38,74.15,79.78
77.79,77.79,47.06,74.30,78.84
75.43,75.43,46.58,73.66,79.22
76.00,76.00,44.95,74.06,77.47
78.42,78.42,43.40,74.12,78.66
76.58,76.58,42.51,73.92,78.73
77.50,77.50,45.95,73.64,79.41
75.33,75.33,56.64,72.69,76.15
74.92,74.92,67.30,73.44,76.93
75.50,75.50,74.53,69.53,79.12
66.23,66.23,84.28,62.21,78.73
64.01,64.01,81.66,77.42,77.79
57.49,57.49,75.12,75.12,78.45
56.79,56.79,74.63,74.84,77.29
53.91,53.91,69.63,76.61,77.23
52.74,52.74,62.70,76.46,77.57
53.53,53.53,60.26,75.84,77.41
55.55,55.55,60.01,75.63,76.02
57.51,57.51,56.55,76.03,78.13
56.76,56.76,55.72,74.29,75.84
54.60,54.60,60.09,76.35,79.25
49.96,49.96,58.18,76.56,76.59
50.41,50.41,51.90,67.52,76.97
53.11,53.11,53.39,63.27,76.47
51.51,51.51,48.77,60.48,75.09
51.66,51.66,45.52,59.58,76.87
55.50,55.50,44.60,55.89,74.48
69.44,69.44,54.74,44.61,75.23
69.66,69.66,61.27,50.01,75.83
69.61,69.61,80.30,61.50,74.91
74.69,74.69,83.14,67.43,75.01
75.63,75.63,81.82,76.22,76.07
77.57,77.57,74.41,77.57,75.63
79.67,79.67,72.58,76.89,77.35
78.41,78.41,70.12,79.14,79.50
75.78,75.78,72.27,77.85,78.09
74.81,74.81,63.71,77.33,77.41
76.24,76.24,61.28,78.33,74.68
77.18,77.18,54.93,76.83,75.60
76.83,76.83,57.67,75.90,74.43
77.68,77.68,58.68,77.11,76.06
79.12,79.12,58.08,75.87,78.47
79.30,79.30,54.51,69.40,78.86
78.58,78.58,51.32,77.96,78.89
77.08,77.08,46.89,79.45,79.04
64.33,64.33,40.12,79.97,78.06
61.91,61.91,39.20,81.05,76.47
63.65,63.65,41.11,83.60,77.58
78.48,78.48,43.84,81.62,78.77
82.09,82.09,53.35,80.71,78.17
81.11,81.11,56.46,81.35,76.21
80.82,80.82,55.80,82.60,77.70
76.70,76.70,52.84,82.14,77.86
71.78,71.78,50.04,80.50,76.71
63.74,63.74,44.78,81.54,77.84
60.73,60.73,44.85,82.19,77.32
54.71,54.71,44.30,82.18,78.75
55.55,55.55,43.56,81.12,77.56
58.70,58.70,46.58,79.39,78.07
63.36,63.36,56.85,81.32,76.88
70.40,70.40,61.34,82.08,76.83
80.38,80.38,72.08,72.05,79.01
84.14,84.14,82.42,71.77,78.97
81.81,81.81,77.94,73.38,76.82
83.01,83.01,77.10,75.31,79.18
84.52,84.52,66.80,76.31,77.03
83.63,83.63,59.45,74.42,76.12
83.66,83.66,63.25,78.70,76.83
83.35,83.35,72.55,76.84,76.90
82.73,82.73,78.42,76.49,76.63
83.54,83.54,82.36,72.69,77.15
84.57,84.57,79.39,66.78,77.10
85.02,85.02,74.36,77.43,78.64
83.27,83.27,74.10,76.82,77.70
82.61,82.61,67.20,73.25,78.25
80.70,80.70,72.60,77.05,77.99
80.70,80.70,59.89,80.06,79.88
80.39,80.39,60.96,78.90,77.62
77.23,77.23,57.04,74.96,76.46
78.65,78.65,54.14,76.98,76.54
81.52,81.52,50.56,78.97,78.28
83.57,83.57,47.56,80.15,77.29
83.65,83.65,47.57,78.23,77.91
82.91,82.91,46.31,77.18,76.45
81.72,81.72,45.00,78.29,76.87
82.16,82.16,42.74,80.22,77.13
81.44,81.44,48.44,79.07,76.69
81.74,81.74,55.72,78.05,76.10
82.56,82.56,63.43,77.47,76.51
82.55,82.55,74.33,70.42,78.51
82.41,82.41,83.80,72.89,76.67
80.15,80.15,81.65,78.36,77.84
79.93,79.93,78.68,80.81,78.07
79.56,79.56,73.99,78.45,78.81
78.01,78.01,60.82,73.55,80.07
81.01,81.01,57.83,78.88,78.24
80.94,80.94,56.12,80.93,78.54
80.84,80.84,53.76,79.79,77.84
84.42,84.42,52.85,78.55,78.25
80.29,80.29,55.70,77.62,78.99
77.85,77.85,56.30,80.55,77.06
82.36,82.36,55.97,79.96,78.91
82.52,82.52,58.01,79.57,77.78
81.68,81.68,54.58,77.78,77.21
81.61,81.61,47.23,78.37,76.86
83.30,83.30,47.16,80.31,75.79
84.24,84.24,46.54,78.14,75.90
83.65,83.65,51.02,77.88,76.10
85.89,85.89,54.89,78.21,77.67
85.24,85.24,54.19,72.98,76.37
84.52,84.52,54.20,69.02,78.25
84.53,84.53,50.09,80.80,77.33
84.40,84.40,47.99,80.81,77.94
83.70,83.70,45.68,78.25,76.73
79.08,79.08,43.17,78.91,76.16
76.75,76.75,43.30,80.54,76.66
70.41,70.41,46.44,82.68,76.90
75.90,75.90,44.51,79.54,78.30
79.78,79.78,46.94,79.46,79.96
80.46,80.46,51.93,79.94,81.25
78.37,78.37,60.23,81.88,81.54
81.81,81.81,70.44,81.00,78.50
81.99,81.99,69.10,79.80,76.80
80.19,80.19,59.37,78.10,78.49
80.71,80.71,56.17,81.59,79.59
80.49,80.49,56.00,81.29,78.94
80.48,80.48,54.89,80.23,78.22
80.51,80.51,58.58,78.28,76.48
80.52,80.52,68.44,77.95,77.50
81.55,81.55,76.40,77.32,78.14
82.31,82.31,81.13,70.57,79.61
83.74,83.74,79.61,76.38,77.90
83.90,83.90,79.17,78.77,79.31
83.98,83.98,73.34,79.16,78.48
83.61,83.61,67.97,80.03,76.35
83.11,83.11,72.14,78.07,77.16
83.26,83.26,62.53,79.36,77.76
83.08,83.08,62.57,78.73,76.19
81.85,81.85,54.86,78.55,77.25
81.85,81.85,58.04,79.76,77.25
82.56,82.56,51.57,77.98,75.97
83.02,83.02,50.91,78.77,77.04
82.95,82.95,51.52,79.95,78.18
81.78,81.78,50.70,77.09,77.58
82.60,82.60,48.32,79.08,77.72
82.44,82.44,46.48,78.99,77.21
82.99,82.99,50.93,77.61,78.79
82.97,82.97,59.01,78.47,78.54
83.14,83.14,70.74,74.96,77.41
82.92,82.92,79.57,72.46,78.23
83.95,83.95,79.86,73.66,76.45
83.73,83.73,82.42,73.32,78.55
83.29,83.29,77.68,78.11,76.28
79.67,79.67,64.82,78.09,75.59
80.40,80.40,65.68,79.02,76.08
81.09,81.09,69.69,78.45,77.71
81.56,81.56,60.39,78.60,78.22
81.06,81.06,64.55,76.85,78.08
83.13,83.13,48.77,78.00,76.10
83.64,83.64,55.23,78.44,77.32
82.09,82.09,48.94,76.26,78.51
79.22,79.22,48.47,77.27,78.30
75.75,75.75,46.88,78.72,77.27
76.40,76.40,47.13,77.24,77.42
74.89,74.89,46.24,78.00,76.57
73.54,73.54,43.80,76.97,76.31
76.25,76.25,46.03,78.29,75.93
77.36,77.36,54.33,77.20,76.94
76.88,76.88,63.97,77.30,76.58
69.65,69.65,74.07,63.20,77.27
60.15,60.15,83.01,68.97,77.53
62.21,62.21,80.07,81.04,77.65
58.29,58.29,77.26,77.20,79.38
59.51,59.51,71.69,78.49,79.11
58.41,58.41,65.29,79.61,79.46
59.40,59.40,62.66,80.15,79.23
56.64,56.64,58.36,79.04,79.26
57.04,57.04,56.80,77.06,77.80
58.50,58.50,53.88,79.23,77.41
54.20,54.20,53.66,78.88,78.32
56.90,56.90,52.87,76.08,79.69
57.75,57.75,52.10,78.29,78.90
55.41,55.41,47.97,79.31,77.79
54.12,54.12,44.54,77.61,77.28
57.00,57.00,43.44,78.59,78.29
58.29,58.29,42.40,76.99,76.85
64.18,64.18,49.34,78.15,79.35
64.60,64.60,57.82,77.41,77.71
65.45,65.45,70.43,74.17,78.01
70.73,70.73,83.14,73.16,77.08
79.46,79.46,84.38,64.90,77.92
82.72,82.72,82.94,74.70,77.03
83.14,83.14,79.02,77.49,77.77
81.19,81.19,72.74,79.42,78.21
79.32,79.32,67.88,80.89,77.67
78.76,78.76,71.92,79.44,78.84
80.25,80.25,62.31,79.92,79.17
77.09,77.09,63.23,79.34,76.23
74.16,74.16,52.95,78.13,76.82
77.14,77.14,58.62,79.21,78.62
81.42,81.42,57.07,78.14,77.87
81.62,81.62,57.35,73.83,78.58
80.86,80.86,57.74,67.57,79.17
75.95,75.95,55.23,75.01,79.67
65.02,65.02,49.52,76.40,78.78
62.92,62.92,48.32,77.96,77.76
63.04,63.04,47.42,79.61,76.68
62.99,62.99,49.65,79.53,77.69
64.51,64.51,53.98,77.75,78.20
78.16,78.16,58.29,79.12,77.72
83.51,83.51,60.50,78.48,78.33
81.68,81.68,59.80,75.21,79.08
80.98,80.98,56.58,77.05,78.54
79.76,79.76,52.65,77.90,78.64
79.10,79.10,47.39,77.45,78.83
78.35,78.35,45.54,77.84,78.13
80.03,80.03,45.18,76.70,78.43
80.49,80.49,44.28,78.07,80.35
80.01,80.01,42.94,78.24,78.07
80.99,80.99,50.02,76.07,79.49
80.73,80.73,62.17,76.53,77.70
80.36,80.36,77.08,73.12,79.97
78.79,78.79,80.05,68.50,78.03
78.08,78.08,76.62,75.89,77.23
65.69,65.69,71.90,78.69,76.30
60.60,60.60,67.24,78.84,76.72
58.35,58.35,59.66,80.23,76.77
56.30,56.30,58.99,79.06,77.60
60.21,60.21,66.50,77.08,76.95
64.36,64.36,80.52,78.63,78.17
78.19,78.19,83.97,72.73,80.61
80.35,80.35,78.25,74.20,81.51
81.29,81.29,78.01,76.08,79.05
80.91,80.91,69.01,78.21,79.45
81.43,81.43,67.96,80.36,80.10
82.52,82.52,71.44,79.64,80.18
82.18,82.18,65.08,79.53,80.24
82.89,82.89,62.50,77.14,78.29
82.48,82.48,54.25,77.84,79.35
81.59,81.59,56.57,78.70,80.39
81.47,81.47,52.17,76.72,81.11
80.67,80.67,49.54,78.03,78.57
80.19,80.19,48.51,78.66,78.38
79.55,79.55,47.20,76.78,77.87
78.31,78.31,45.54,78.46,78.55
67.45,67.45,40.38,77.02,79.26
65.70,65.70,44.25,77.92,79.04
60.12,60.12,50.99,78.32,77.70
60.98,60.98,62.28,76.22,77.53
74.68,74.68,70.35,68.24,80.21
78.90,78.90,81.02,67.28,78.96
79.71,79.71,78.66,78.78,79.32
79.03,79.03,74.41,78.30,79.94
78.89,78.89,69.63,79.34,80.50
79.42,79.42,61.39,80.33,80.11
78.89,78.89,57.63,77.85,76.41
79.77,79.77,56.41,78.49,76.89
79.85,79.85,55.90,77.33,77.87
81.46,81.46,55.88,75.91,77.14
81.70,81.70,58.48,78.37,80.09
82.37,82.37,56.94,75.39,79.13
81.77,81.77,51.14,77.23,77.21
81.75,81.75,48.07,77.93,78.43
80.69,80.69,45.26,71.62,78.48
80.54,80.54,46.29,76.49,77.38
78.82,78.82,46.24,74.30,79.06
76.51,76.51,46.64,70.34,79.22
75.60,75.60,49.35,74.41,74.89
72.11,72.11,50.54,74.59,76.43
71.55,71.55,57.41,67.69,75.40
72.52,72.52,53.52,64.59,76.91
73.97,73.97,50.01,75.02,77.10
78.17,78.17,48.00,77.87,77.79
79.12,79.12,44.82,76.10,78.35
80.16,80.16,43.74,75.76,78.48
79.24,79.24,41.86,75.75,76.59
78.73,78.73,42.88,77.14,78.22
78.05,78.05,44.05,76.51,77.01
77.05,77.05,44.22,75.67,75.11
77.07,77.07,50.24,75.12,75.45
78.96,78.96,51.97,75.46,75.59
77.26,77.26,59.80,74.79,77.12
76.12,76.12,59.14,74.71,76.30
77.32,77.32,53.96,73.21,75.55
80.32,80.32,49.16,71.99,76.51
81.44,81.44,46.68,73.34,77.11
79.64,79.64,48.65,73.94,75.99
79.35,79.35,60.05,70.31,76.97
79.91,79.91,68.68,67.81,77.12
79.31,79.31,80.17,72.85,77.22
79.12,79.12,84.93,68.45,77.98
80.64,80.64,81.35,75.24,77.23
81.44,81.44,76.78,76.65,76.31
81.55,81.55,72.86,81.02,76.44
81.17,81.17,67.51,79.20,76.57
80.60,80.60,73.29,80.49,77.23
79.88,79.88,59.21,79.37,76.66
79.76,79.76,63.41,78.97,75.73
79.20,79.20,58.81,78.80,77.29
80.68,80.68,56.93,79.60,75.98
80.06,80.06,52.94,77.83,78.72
80.50,80.50,54.53,78.59,77.86
81.07,81.07,54.40,79.16,78.69
81.25,81.25,52.28,78.89,78.54
82.40,82.40,51.73,79.04,78.09
82.26,82.26,51.60,78.40,77.73
81.69,81.69,54.29,78.37,76.93
81.10,81.10,61.47,77.79,78.15
81.00,81.00,73.13,70.34,78.64
79.72,79.72,81.07,71.09,78.52
79.47,79.47,78.16,71.75,78.20
80.59,80.59,81.76,76.62,79.63
80.12,80.12,79.77,77.58,77.97
81.03,81.03,71.92,78.23,79.28
80.51,80.51,66.06,78.84,78.14
82.18,82.18,68.33,71.30,77.30
81.50,81.50,64.01,76.29,76.33
82.98,82.98,61.21,77.62,76.53
82.04,82.04,55.28,76.09,78.99
82.28,82.28,54.33,74.43,77.19
81.55,81.55,52.19,77.23,78.61
81.94,81.94,50.83,76.09,77.12
81.61,81.61,49.48,76.87,78.61
81.13,81.13,50.97,77.27,76.89
79.91,79.91,51.57,76.85,77.62
79.55,79.55,52.92,76.76,77.91
79.10,79.10,49.96,76.64,77.41
79.54,79.54,58.05,75.67,77.23
78.50,78.50,61.82,77.29,77.47
77.51,77.51,73.73,71.90,79.22
78.68,78.68,84.03,71.57,80.34
77.95,77.95,81.75,80.09,77.81
79.43,79.43,78.76,82.48,76.81
82.38,82.38,73.24,80.11,78.79
80.42,80.42,68.96,80.53,77.32
81.46,81.46,65.05,79.43,77.50
81.80,81.80,63.55,79.83,77.38
80.51,80.51,61.14,80.43,78.71
80.28,80.28,61.05,79.58,78.65
79.96,79.96,60.13,79.49,76.13
81.36,81.36,61.20,80.70,79.71
80.18,80.18,60.46,79.66,76.01
80.70,80.70,59.39,80.88,76.00
80.39,80.39,58.06,80.17,77.13
80.08,80.08,57.06,80.32,75.22
80.93,80.93,56.76,80.44,75.60
79.95,79.95,55.68,78.83,76.12
79.79,79.79,61.65,78.63,74.65
79.91,79.91,68.87,78.15,74.44
78.36,78.36,78.80,76.04,76.68
77.24,77.24,83.76,75.14,76.86
75.88,75.88,78.95,78.48,75.35
76.46,76.46,75.80,79.10,75.20
79.96,79.96,73.61,80.48,76.29
76.31,76.31,66.89,80.54,76.67
72.00,72.00,72.93,78.65,75.51
64.51,64.51,62.84,79.67,76.31
64.45,64.45,62.68,80.42,76.22
61.18,61.18,56.40,79.31,76.21
61.60,61.60,56.46,78.44,76.07
63.51,63.51,58.91,79.02,76.00
55.49,55.49,68.12,76.39,76.42
58.09,58.09,80.21,70.68,76.70
56.29,56.29,80.25,78.68,76.58
59.61,59.61,78.60,83.21,76.43
59.53,59.53,73.60,79.49,77.48
58.53,58.53,70.41,80.58,76.41
58.40,58.40,64.57,78.57,75.51
58.52,58.52,62.15,78.63,74.98
58.17,58.17,66.66,78.64,76.65
51.92,51.92,69.59,79.46,75.13
51.23,51.23,70.48,78.86,76.45
57.18,57.18,68.81,79.16,76.43
60.24,60.24,68.52,80.26,78.02
57.30,57.30,68.54,78.85,78.28
57.02,57.02,67.86,79.99,77.28
57.12,57.12,67.34,78.59,76.72
56.77,56.77,65.73,78.98,76.63
50.61,50.61,66.54,78.85,75.78
51.98,51.98,67.36,79.38,75.86
50.67,50.67,67.13,79.26,79.21
51.05,51.05,73.90,75.61,77.56
56.06,56.06,80.72,68.25,76.75
59.47,59.47,77.44,77.96,77.24
65.09,65.09,74.46,82.28,77.82
69.22,69.22,71.04,79.63,78.48
72.55,72.55,66.14,81.35,76.85
70.84,70.84,64.46,76.56,76.68
72.95,72.95,72.19,65.97,76.50
78.75,78.75,82.32,74.29,78.43
79.22,79.22,81.81,74.06,78.65
79.43,79.43,84.80,73.40,78.98
78.66,78.66,77.53,80.05,79.19
78.20,78.20,65.28,81.99,79.63
79.18,79.18,69.65,81.51,78.83
78.85,78.85,69.41,81.43,78.45
78.86,78.86,64.49,82.24,77.45
78.72,78.72,63.66,82.45,78.18
76.65,76.65,61.62,81.39,77.48
77.36,77.36,60.39,81.98,78.55
69.95,69.95,59.99,82.32,78.95
64.32,64.32,67.14,81.52,78.87
60.44,60.44,78.73,82.37,77.82
57.92,57.92,79.09,80.01,77.94
58.24,58.24,77.59,80.20,79.13
60.73,60.73,75.08,80.22,80.43
59.68,59.68,72.33,80.01,77.63
63.40,63.40,65.56,76.78,76.95
78.11,78.11,66.71,76.95,78.10
82.56,82.56,71.82,79.64,78.90
81.69,81.69,82.35,77.45,76.77
79.42,79.42,80.31,79.68,77.25
82.37,82.37,75.74,77.67,78.14
81.89,81.89,71.48,84.37,79.13
81.17,81.17,69.68,82.07,78.71
79.44,79.44,69.62,82.70,77.54
80.25,80.25,65.43,84.02,75.72
79.81,79.81,64.58,81.84,77.85
80.11,80.11,61.29,82.22,77.11
79.53,79.53,58.77,82.13,76.89
78.54,78.54,63.51,83.33,77.86
77.37,77.37,79.35,79.59,78.35
77.46,77.46,82.97,82.40,78.59
78.43,78.43,80.41,80.41,78.64
79.49,79.49,75.27,81.93,78.46
71.62,71.62,72.37,77.76,78.12
70.62,70.62,69.98,79.34,76.52
78.05,78.05,72.55,80.42,77.76
79.60,79.60,71.66,79.21,77.39
80.01,80.01,73.13,78.32,76.02
81.87,81.87,72.40,78.62,79.18
82.72,82.72,75.39,78.26,79.94
81.85,81.85,67.97,76.23,82.67
79.99,79.99,70.99,74.62,80.74
76.99,76.99,68.59,73.71,79.98
74.21,74.21,64.20,72.52,75.48
72.36,72.36,67.86,71.31,78.25
74.59,74.59,72.99,69.59,79.77
74.71,74.71,74.07,69.67,80.01
75.35,75.35,73.90,69.26,79.57
79.91,79.91,68.23,67.51,80.74
80.64,80.64,74.52,71.09,79.74
80.75,80.75,79.21,72.95,79.62
80.41,80.41,76.43,67.37,79.26
79.99,79.99,74.08,68.82,78.74
80.18,80.18,71.94,63.80,80.33
80.71,80.71,73.60,69.71,78.28
80.11,80.11,73.12,69.81,77.60
81.43,81.43,72.04,63.79,77.26
81.76,81.76,85.07,72.17,79.06
82.21,82.21,82.64,74.01,79.15
80.01,80.01,83.67,76.66,80.37
80.03,80.03,76.82,80.06,79.71
79.92,79.92,71.71,80.85,79.54
81.41,81.41,70.34,79.56,79.42
81.75,81.75,69.88,79.32,78.66
81.13,81.13,71.94,80.42,79.03
81.17,81.17,71.92,80.49,78.98
82.11,82.11,68.50,80.01,78.59
81.94,81.94,68.94,79.31,77.22
81.58,81.58,69.72,79.35,77.12
81.61,81.61,69.89,80.00,77.51
80.80,80.80,68.90,80.37,78.57
78.61,78.61,68.45,80.01,77.12
79.08,79.08,68.16,79.99,77.70
79.94,79.94,67.21,79.96,78.28
80.53,80.53,67.61,79.95,79.54
80.96,80.96,68.96,79.23,80.25
80.55,80.55,68.68,76.78,80.67
79.81,79.81,66.46,72.31,80.16
79.95,79.95,66.78,69.55,79.92
80.96,80.96,66.20,68.13,79.08
81.98,81.98,65.27,78.69,79.54
81.32,81.32,65.61,75.52,79.18
80.47,80.47,66.34,78.92,81.13
80.81,80.81,65.43,76.30,79.46
80.36,80.36,64.98,76.14,78.89
80.73,80.73,65.44,78.91,79.46
79.80,79.80,67.04,78.10,78.50
79.45,79.45,69.79,76.85,78.63
79.04,79.04,71.87,74.23,79.26
78.52,78.52,85.10,78.80,78.80
79.31,79.31,81.43,77.84,79.15
78.30,78.30,79.72,75.81,78.32
78.85,78.85,74.40,74.54,79.69
81.23,81.23,71.18,75.22,80.30
81.91,81.91,67.10,75.55,79.85
80.87,80.87,69.28,77.69,78.03
79.56,79.56,70.64,80.23,77.71
79.06,79.06,74.86,74.55,79.98
79.90,79.90,83.58,73.31,80.85
80.72,80.72,78.75,72.56,79.70
81.25,81.25,76.15,74.13,78.80
80.61,80.61,71.54,72.92,78.72
80.88,80.88,69.41,72.85,76.25
80.88,80.88,65.38,72.41,76.82
80.99,80.99,65.97,73.03,79.02
81.09,81.09,66.01,73.44,76.47
81.48,81.48,66.73,72.11,76.76
83.07,83.07,66.25,72.56,77.70
83.39,83.39,68.94,72.11,78.89
83.64,83.64,68.05,71.79,78.61
83.33,83.33,64.90,72.19,79.61
82.83,82.83,65.30,71.01,77.61
81.94,81.94,63.13,70.22,77.26
82.13,82.13,64.39,70.02,76.22
82.80,82.80,62.39,74.98,74.76
83.10,83.10,65.86,76.20,76.82
81.59,81.59,66.88,69.35,76.50
78.98,78.98,81.78,78.40,77.58
77.86,77.86,84.36,78.23,79.78
79.70,79.70,82.68,77.55,80.83
79.39,79.39,77.51,78.48,81.31
79.12,79.12,76.09,77.96,80.94
78.50,78.50,73.68,78.52,80.90
78.97,78.97,75.28,77.39,81.65
79.04,79.04,73.95,76.53,81.59
78.33,78.33,73.29,77.35,80.66
80.21,80.21,73.36,78.59,80.76
79.91,79.91,73.32,78.08,78.84
79.18,79.18,73.71,78.45,79.70
78.30,78.30,72.64,78.56,78.23
78.44,78.44,72.82,78.83,80.15
79.00,79.00,72.80,79.77,80.63
80.78,80.78,72.28,78.78,78.82
80.68,80.68,72.72,78.73,81.58
80.05,80.05,71.26,80.13,80.23
79.44,79.44,70.03,80.53,79.17
80.68,80.68,69.51,78.83,78.75
80.51,80.51,70.06,80.29,80.18
81.44,81.44,69.69,79.21,81.77
80.90,80.90,70.14,79.55,80.17
79.37,79.37,71.20,79.48,81.30
81.05,81.05,69.53,79.55,80.49
82.04,82.04,68.73,78.00,79.30
82.29,82.29,67.63,79.63,79.51
79.41,79.41,69.34,79.09,79.54
79.86,79.86,68.35,79.13,79.19
79.18,79.18,69.43,79.00,77.93
79.94,79.94,69.02,79.17,79.00
80.96,80.96,71.72,77.72,79.72
81.50,81.50,76.24,76.61,80.82
81.25,81.25,81.67,77.55,80.50
81.17,81.17,79.82,77.08,78.21
80.91,80.91,75.20,74.72,78.78
80.92,80.92,69.72,65.23,80.17
79.32,79.32,66.46,62.89,81.50
80.07,80.07,67.90,66.32,78.98
81.71,81.71,70.72,75.27,78.21
78.49,78.49,80.95,77.51,79.33
80.26,80.26,85.08,74.87,79.29
82.20,82.20,82.95,74.04,80.59
82.78,82.78,77.56,76.01,82.20
81.73,81.73,70.76,75.95,80.21
82.37,82.37,64.75,74.59,81.76
82.94,82.94,72.08,77.65,78.45
80.65,80.65,65.27,72.72,77.53
79.53,79.53,62.79,75.35,79.01
81.37,81.37,61.97,75.18,77.60
82.69,82.69,61.38,69.87,79.86
83.17,83.17,59.49,73.57,81.59
81.36,81.36,59.36,71.04,79.03
79.63,79.63,58.84,69.12,77.92
81.70,81.70,58.87,74.58,78.81
82.53,82.53,58.30,69.37,80.42
81.85,81.85,59.90,72.80,77.90
80.81,80.81,58.68,73.79,78.10
79.69,79.69,61.75,70.14,76.93
78.46,78.46,68.21,75.51,75.44
78.24,78.24,74.51,74.60,80.08
78.30,78.30,83.31,77.66,78.99
80.80,80.80,80.70,74.39,78.48
81.06,81.06,77.31,71.82,77.65
79.45,79.45,71.85,71.44,78.48
79.16,79.16,68.56,69.11,78.84
80.22,80.22,67.80,68.33,79.23
80.99,80.99,67.35,65.65,78.47
80.65,80.65,66.98,54.57,78.17
80.20,80.20,67.02,61.09,78.20
79.46,79.46,66.42,60.76,77.45
80.79,80.79,69.79,65.19,78.92
80.80,80.80,78.45,80.43,79.39
80.93,80.93,82.41,80.33,77.55
82.14,82.14,79.50,81.17,78.57
81.74,81.74,74.69,81.13,77.02
80.41,80.41,71.52,81.95,76.20
79.56,79.56,67.53,80.90,75.66
78.41,78.41,68.06,80.12,77.53
78.17,78.17,68.46,80.07,76.84
80.20,80.20,72.78,81.01,77.67
81.56,81.56,74.34,80.30,78.59
81.31,81.31,69.04,79.97,77.98
80.10,80.10,66.07,79.98,76.97
79.30,79.30,68.98,81.33,77.80
79.67,79.67,71.59,80.71,77.57
78.84,78.84,68.17,81.32,78.77
78.75,78.75,67.96,81.05,79.52
78.94,78.94,68.74,80.49,78.62
79.77,79.77,67.36,81.10,80.30
78.73,78.73,66.88,79.50,78.79
78.60,78.60,68.82,80.78,78.45
78.57,78.57,82.18,80.77,78.73
78.42,78.42,84.74,78.06,77.58
75.83,75.83,82.20,78.36,77.55
71.65,71.65,83.25,80.73,77.24
73.73,73.73,79.45,78.35,76.57
69.55,69.55,81.08,74.68,75.47
65.53,65.53,80.98,68.35,77.56
65.06,65.06,81.36,68.20,79.27
67.21,67.21,86.89,68.29,79.16
67.08,67.08,84.02,65.89,78.79
66.59,66.59,85.88,79.06,76.43
71.59,71.59,79.24,81.16,79.03
73.12,73.12,76.11,81.50,77.52
77.24,77.24,79.66,83.50,79.23
74.41,74.41,75.98,82.76,79.58
74.33,74.33,77.98,84.12,79.66
72.33,72.33,76.58,82.34,78.07
73.16,73.16,75.98,81.85,78.07
73.84,73.84,75.40,81.92,78.06
72.55,72.55,76.10,82.87,78.68
71.76,71.76,75.27,82.08,78.35
71.80,71.80,74.72,83.21,79.41
70.27,70.27,74.04,81.71,77.85
71.89,71.89,74.37,83.09,77.47
72.14,72.14,75.85,81.24,76.75
71.66,71.66,73.00,80.58,77.24
71.70,71.70,74.06,78.22,76.73
70.05,70.05,73.05,73.48,77.77
70.86,70.86,70.35,75.25,78.39
73.54,73.54,70.61,79.76,78.38
73.09,73.09,70.98,72.98,76.87
74.34,74.34,71.43,79.23,77.20
72.68,72.68,72.12,78.87,75.56
73.36,73.36,71.08,74.51,77.85
71.67,71.67,69.52,79.02,77.68
75.05,75.05,70.89,76.68,77.60
74.92,74.92,70.55,79.00,74.92
74.28,74.28,71.10,79.12,75.31
74.90,74.90,68.03,74.12,75.32
71.87,71.87,73.27,72.30,76.77
70.53,70.53,85.02,69.73,76.96
73.74,73.74,85.97,72.45,78.69
74.87,74.87,80.69,76.18,78.50
72.04,72.04,74.42,76.08,78.21
68.18,68.18,68.69,74.35,77.43
67.03,67.03,70.93,63.11,78.83
63.09,63.09,69.51,68.56,77.16
65.06,65.06,68.71,70.83,78.01
63.32,63.32,74.60,76.04,79.94
61.84,61.84,81.13,78.99,77.86
63.10,63.10,79.66,78.17,76.98
59.33,59.33,79.82,76.64,77.86
56.75,56.75,76.05,78.02,75.54
55.78,55.78,71.07,77.80,75.59
53.12,53.12,69.75,79.29,74.55
52.78,52.78,67.89,76.90,76.43
56.27,56.27,67.20,77.18,74.73
53.30,53.30,67.93,79.15,75.54
53.51,53.51,67.45,79.07,75.76
54.02,54.02,66.81,76.64,77.30
53.53,53.53,67.30,75.80,78.63
50.57,50.57,67.53,78.09,74.38
52.13,52.13,66.80,78.02,74.10
51.18,51.18,65.50,76.47,75.61
49.30,49.30,65.02,75.40,75.00
53.08,53.08,64.53,76.51,75.06
53.39,53.39,64.13,70.89,74.86
53.96,53.96,66.95,62.01,74.16
60.59,60.59,83.98,70.34,78.51
65.52,65.52,89.64,71.77,77.49
68.71,68.71,83.51,73.95,78.85
72.33,72.33,78.55,80.29,79.98
75.50,75.50,75.98,79.77,81.49
73.73,73.73,75.08,79.60,78.47
75.04,75.04,73.91,79.33,78.16
76.28,76.28,73.02,79.40,76.95
78.45,78.45,74.13,80.46,77.56
75.95,75.95,74.62,79.49,77.99
72.39,72.39,74.34,79.31,76.45
75.40,75.40,74.12,80.39,77.01
72.51,72.51,74.12,80.72,77.56
71.87,71.87,73.71,79.23,77.97
75.46,75.46,73.63,79.31,76.07
75.62,75.62,73.73,79.15,76.55
75.45,75.45,72.61,79.62,75.51
76.36,76.36,71.71,79.97,76.90
77.65,77.65,71.73,77.92,76.91
80.25,80.25,71.23,78.95,74.84
79.55,79.55,70.73,78.46,75.88
73.91,73.91,71.17,78.02,77.14
77.33,77.33,70.77,79.15,76.34
74.67,74.67,70.36,79.16,75.56
72.36,72.36,68.92,78.39,77.28
73.62,73.62,69.98,79.06,77.51
77.02,77.02,68.38,78.50,80.66
72.71,72.71,68.53,77.36,79.29
76.78,76.78,67.67,77.73,78.74
76.68,76.68,67.26,78.03,77.27
72.39,72.39,68.50,75.89,77.79
67.70,67.70,72.15,76.84,75.62
71.27,71.27,79.44,75.12,78.69
74.74,74.74,82.50,76.01,79.66
72.25,72.25,78.21,77.57,78.43
76.19,76.19,73.01,77.14,78.08
74.96,74.96,67.43,76.14,77.56
73.60,73.60,65.24,78.32,78.50
73.29,73.29,65.08,72.23,77.91
73.41,73.41,68.79,76.52,76.60
72.99,72.99,82.01,77.90,76.78
74.09,74.09,88.65,74.58,76.18
75.03,75.03,83.19,77.15,77.42
75.05,75.05,79.18,78.65,78.10
73.83,73.83,72.41,78.37,78.08
74.82,74.82,68.21,78.73,78.10
75.45,75.45,69.68,76.64,77.57
74.74,74.74,66.88,78.26,77.86
72.02,72.02,63.72,78.55,76.46
72.07,72.07,62.60,77.03,75.47
72.65,72.65,59.98,74.45,75.84
72.83,72.83,58.36,77.96,75.63
69.99,69.99,58.70,79.03,76.07
68.25,68.25,57.87,75.65,75.49
69.94,69.94,56.59,75.57,74.44
70.64,70.64,54.53,74.27,76.49
66.84,66.84,54.38,69.24,75.56
68.08,68.08,54.82,75.42,76.67
69.13,69.13,58.29,67.87,77.55
69.99,69.99,63.95,50.12,77.91
70.83,70.83,77.71,51.91,77.94
67.05,67.05,83.00,60.67,77.94
68.43,68.43,79.26,61.26,78.78
66.32,66.32,79.03,55.09,78.63
64.32,64.32,73.45,48.57,77.20
64.51,64.51,67.92,56.77,75.46
64.66,64.66,66.11,53.28,77.66
66.30,66.30,63.37,62.52,77.86
67.15,67.15,63.78,76.19,77.98
67.52,67.52,62.93,82.31,77.57
66.39,66.39,63.82,81.51,78.85
68.10,68.10,67.57,80.00,75.88
66.42,66.42,76.80,81.75,77.42
63.38,63.38,80.38,82.70,76.23
65.95,65.95,77.24,81.56,78.49
67.90,67.90,70.89,80.50,78.23
67.04,67.04,65.34,81.11,79.36
65.36,65.36,63.85,81.03,78.18
64.43,64.43,63.06,80.05,80.11
61.50,61.50,60.90,80.20,77.01
60.23,60.23,62.70,81.37,77.41
58.87,58.87,60.60,80.70,75.98
56.45,56.45,59.26,78.96,76.06
54.62,54.62,58.26,80.62,77.28
54.63,54.63,56.95,80.38,76.78
55.61,55.61,56.74,80.13,80.14
54.46,54.46,57.81,81.35,77.91
51.75,51.75,57.56,80.76,79.92
50.29,50.29,57.39,81.59,77.96
51.92,51.92,57.16,81.44,77.47
57.74,57.74,58.92,81.00,76.01
62.08,62.08,65.28,79.64,78.47
62.04,62.04,78.99,81.92,79.62
58.93,58.93,81.23,82.47,79.31
62.53,62.53,78.97,78.88,76.43
65.29,65.29,75.81,78.59,76.94
62.43,62.43,70.57,78.18,76.41
61.95,61.95,64.40,70.67,76.96
68.07,68.07,67.33,74.97,76.57
70.74,70.74,67.57,73.58,77.09
68.12,68.12,79.58,75.72,78.92
68.01,68.01,84.37,75.65,79.42
70.85,70.85,85.27,80.84,81.57
71.47,71.47,76.49,83.03,80.52
75.75,75.75,72.07,82.55,81.06
77.72,77.72,69.39,83.18,80.63
77.45,77.45,70.28,83.01,79.95
75.80,75.80,67.51,83.31,79.35
75.42,75.42,67.23,83.74,79.15
73.88,73.88,66.23,83.72,79.98
75.05,75.05,65.70,83.40,79.84
76.14,76.14,67.05,83.21,79.93
77.43,77.43,66.93,83.40,82.20
69.90,69.90,65.13,83.22,80.52
71.80,71.80,65.01,84.25,79.26
70.22,70.22,64.80,76.85,79.67
69.04,69.04,63.37,80.25,79.48
72.64,72.64,63.60,75.81,81.23
74.41,74.41,64.54,76.66,81.77
74.54,74.54,63.62,75.99,78.68
74.76,74.76,64.44,74.95,79.90
75.60,75.60,65.54,78.47,81.36
73.96,73.96,63.57,78.49,80.47
69.00,69.00,63.19,74.70,78.50
72.33,72.33,62.90,73.15,80.25
68.87,68.87,63.34,76.34,80.48
68.77,68.77,62.15,78.59,79.16
71.60,71.60,61.68,75.32,77.70
72.42,72.42,60.34,73.85,79.14
68.72,68.72,63.38,77.79,76.96
66.00,66.00,64.62,76.98,78.35
66.41,66.41,68.07,76.38,76.26
68.28,68.28,89.08,77.38,78.73
72.01,72.01,80.44,77.57,79.68
74.05,74.05,80.62,76.98,79.09
74.49,74.49,75.47,69.99,79.20
70.81,70.81,72.30,76.40,79.90
63.85,63.85,61.24,80.20,78.97
66.62,66.62,69.43,80.50,79.48
67.46,67.46,67.08,80.56,79.26
68.04,68.04,74.77,81.27,79.64
66.45,66.45,85.20,79.89,77.87
61.80,61.80,79.62,79.21,74.54
60.26,60.26,77.21,78.89,75.35
62.40,62.40,75.62,77.87,78.20
60.99,60.99,74.25,78.07,78.73
63.48,63.48,68.57,78.08,77.87
66.50,66.50,63.82,79.51,76.24
66.38,66.38,63.68,79.58,75.82
63.63,63.63,64.24,79.62,76.01
59.64,59.64,63.21,78.97,75.48
64.69,64.69,63.32,78.48,78.64
64.13,64.13,63.79,75.02,78.74
62.52,62.52,63.69,67.11,76.70
61.18,61.18,62.97,69.48,76.41
61.10,61.10,61.83,74.00,76.76
61.66,61.66,62.22,67.62,76.06
61.35,61.35,63.10,79.89,76.85
64.88,64.88,63.41,74.09,76.81
67.09,67.09,64.04,76.34,80.12
70.13,70.13,80.81,75.02,81.60
70.15,70.15,85.84,74.00,81.90
69.98,69.98,82.81,75.51,79.33
69.62,69.62,77.65,76.56,79.36
68.71,68.71,75.23,74.43,78.10
70.14,70.14,74.15,75.17,79.94
71.90,71.90,74.69,75.72,80.00
69.10,69.10,72.16,75.03,79.13
69.04,69.04,73.37,75.15,80.10
68.99,68.99,72.95,76.16,80.85
71.75,71.75,71.72,75.42,82.14
70.60,70.60,72.37,75.14,81.50
72.21,72.21,70.98,75.07,81.72
68.34,68.34,70.42,75.61,78.91
74.56,74.56,70.90,75.29,78.28
75.21,75.21,70.56,76.60,79.07
76.18,76.18,70.31,75.99,81.08
75.23,75.23,69.62,75.44,81.21
72.45,72.45,68.92,75.99,76.93
71.07,71.07,69.21,76.20,77.17
73.81,73.81,68.56,76.21,78.01
76.83,76.83,68.53,77.59,76.97
76.25,76.25,67.93,77.28,77.88
74.13,74.13,69.52,76.93,78.56
72.35,72.35,68.00,76.99,77.32
74.81,74.81,67.19,76.48,78.21
75.75,75.75,67.83,76.99,78.66
73.22,73.22,67.85,77.34,77.05
73.07,73.07,66.95,77.80,79.22
71.35,71.35,66.82,77.28,77.25
73.80,73.80,69.39,76.19,76.66
77.62,77.62,73.23,74.56,79.55
79.80,79.80,79.35,75.85,79.48
75.64,75.64,81.27,75.13,79.66
72.38,72.38,80.62,76.44,78.73
72.07,72.07,75.46,75.34,77.32
72.87,72.87,68.48,75.46,78.51
72.60,72.60,65.53,73.49,79.69
73.48,73.48,67.41,73.17,76.85
72.33,72.33,73.84,74.18,79.31
73.41,73.41,81.72,75.59,78.55
72.91,72.91,85.83,76.56,78.67
71.96,71.96,82.82,77.47,80.49
72.16,72.16,77.14,80.30,80.19
71.01,71.01,73.06,79.88,79.73
74.67,74.67,64.61,78.18,79.74
72.78,72.78,71.54,80.45,79.58
71.35,71.35,64.32,79.83,80.14
69.04,69.04,61.32,78.71,78.92
69.78,69.78,60.47,80.18,78.11
67.61,67.61,58.29,78.55,78.04
67.10,67.10,56.63,79.71,77.42
68.87,68.87,55.31,80.20,76.68
70.57,70.57,55.76,78.00,79.41
71.06,71.06,53.41,79.78,78.50
68.96,68.96,53.34,78.44,77.51
64.73,64.73,53.89,78.94,76.87
60.61,60.61,54.91,80.01,76.03
63.22,63.22,61.48,75.59,74.34
63.73,63.73,68.56,75.27,77.07
65.76,65.76,76.10,76.04,79.14
63.21,63.21,82.70,74.37,80.21
62.59,62.59,80.76,80.97,79.14
63.47,63.47,77.27,76.87,79.45
63.84,63.84,68.82,73.59,79.78
63.94,63.94,66.50,69.63,79.08
65.05,65.05,66.87,69.16,78.67
66.78,66.78,78.57,67.48,80.66
65.38,65.38,83.15,70.15,78.77
65.17,65.17,77.97,68.54,79.64
65.95,65.95,77.67,67.52,79.11
65.79,65.79,74.23,65.19,78.92
67.38,67.38,70.91,70.56,77.48
67.07,67.07,74.57,77.88,77.74
64.39,64.39,81.57,81.02,78.99
62.53,62.53,82.01,81.07,80.21
62.70,62.70,79.14,81.12,79.71
63.60,63.60,75.52,79.91,77.91
61.48,61.48,72.53,80.50,76.37
64.57,64.57,73.92,81.33,78.24
63.40,63.40,72.87,81.02,77.54
60.51,60.51,75.66,80.35,76.80
53.44,53.44,71.49,80.96,77.11
52.47,52.47,71.83,81.63,78.46
52.68,52.68,66.78,80.40,78.44
54.98,54.98,71.25,81.16,78.42
53.03,53.03,72.16,77.31,77.63
57.96,57.96,81.66,71.85,78.05
47.11,47.11,78.78,74.44,75.92
50.25,50.25,80.80,79.12,75.81
50.50,50.50,80.96,79.29,78.18
47.53,47.53,79.55,80.13,76.56
44.65,44.65,79.91,80.75,75.59
46.54,46.54,80.96,80.97,78.10
43.69,43.69,84.70,79.04,77.33
43.72,43.72,88.28,78.09,75.49
43.93,43.93,82.38,75.82,75.88
46.64,46.64,83.90,76.14,74.42
44.77,44.77,75.47,70.56,74.12
54.87,54.87,79.20,70.59,76.20
56.48,56.48,83.77,70.23,78.83
63.67,63.67,81.54,71.60,78.54
66.23,66.23,83.82,77.77,78.21
69.92,69.92,82.57,79.64,78.32
73.32,73.32,79.33,80.34,77.69
74.90,74.90,83.14,81.57,79.16
75.45,75.45,80.53,78.18,77.94
75.28,75.28,79.38,78.56,79.19
73.96,73.96,75.21,81.00,78.64
73.06,73.06,72.39,79.23,79.91
75.00,75.00,71.10,80.66,79.35
75.22,75.22,73.45,79.57,79.10
73.48,73.48,77.00,79.81,76.84
75.65,75.65,78.65,79.78,77.56
74.82,74.82,78.58,76.79,76.71
74.82,74.82,78.01,79.12,76.88
75.65,75.65,76.57,79.78,76.54
72.68,72.68,72.99,77.85,77.31
74.55,74.55,73.74,77.89,77.07
75.83,75.83,73.87,71.39,77.42
73.84,73.84,69.17,72.86,75.94
73.22,73.22,70.89,77.30,76.36
76.14,76.14,77.49,78.08,76.96
77.81,77.81,75.51,75.92,77.40
76.34,76.34,77.28,77.32,76.76
74.05,74.05,70.72,76.02,74.55
76.04,76.04,71.12,76.18,76.55
76.63,76.63,67.00,72.75,76.16
76.29,76.29,73.75,74.44,77.18
78.13,78.13,67.93,73.86,76.72
78.24,78.24,74.10,73.16,77.01
77.65,77.65,77.13,71.90,77.34
75.63,75.63,85.73,70.49,76.01
77.32,77.32,86.83,72.77,75.44
75.97,75.97,80.60,75.80,76.88
74.46,74.46,73.65,74.57,76.44
73.53,73.53,71.88,73.46,77.16
72.22,72.22,70.16,68.80,76.81
67.55,67.55,66.96,69.92,75.74
67.73,67.73,70.07,69.79,74.19
65.98,65.98,75.15,64.68,77.12
68.15,68.15,79.81,79.05,76.35
66.15,66.15,79.05,80.86,74.78
62.94,62.94,77.94,77.09,74.59
60.02,60.02,74.46,76.17,73.60
63.25,63.25,69.70,79.21,73.39
62.69,62.69,68.58,79.97,72.85
61.39,61.39,68.15,77.14,73.89
60.54,60.54,69.89,77.71,74.48
61.66,61.66,69.91,77.77,75.25
61.92,61.92,69.16,77.83,74.51
64.43,64.43,69.25,76.16,75.70
61.74,61.74,67.84,75.87,76.36
60.79,60.79,67.68,78.53,74.61
61.49,61.49,68.13,75.40,76.03
62.50,62.50,66.67,76.88,75.91
62.54,62.54,67.04,78.22,75.97
62.04,62.04,64.78,78.11,73.74
59.22,59.22,64.64,73.02,73.96
60.02,60.02,66.69,66.60,72.85
63.47,63.47,83.22,70.71,75.08
70.73,70.73,86.93,71.04,78.00
69.85,69.85,82.58,73.59,78.71
71.98,71.98,78.47,75.19,78.11
72.28,72.28,74.83,74.01,78.86
71.06,71.06,74.97,75.63,78.35
70.35,70.35,76.27,77.82,78.23
69.31,69.31,74.88,73.76,77.78
69.56,69.56,73.20,72.59,76.48
69.86,69.86,74.43,77.07,77.24
68.98,68.98,73.13,77.43,75.34
71.12,71.12,74.20,77.06,77.63
71.96,71.96,72.82,75.86,77.10
71.43,71.43,71.18,73.51,75.46
73.34,73.34,71.89,76.78,76.47
73.82,73.82,72.10,77.20,76.34
71.27,71.27,72.95,76.27,76.14
76.25,76.25,71.15,77.46,75.68
76.24,76.24,69.91,76.74,75.34
74.73,74.73,69.84,77.12,74.69
77.67,77.67,69.45,77.25,75.96
76.70,76.70,69.67,76.52,74.46
76.52,76.52,69.10,77.40,75.29
75.64,75.64,70.44,77.58,74.33
75.66,75.66,69.47,76.62,75.79
75.23,75.23,67.53,77.05,73.85
74.32,74.32,68.25,77.63,74.06
77.34,77.34,68.08,76.41,73.54
76.54,76.54,67.61,77.28,74.73
74.41,74.41,68.48,76.69,75.37
75.43,75.43,69.86,73.79,75.26
73.14,73.14,72.97,76.75,75.12
74.71,74.71,80.96,75.76,78.74
72.21,72.21,82.69,74.59,74.86
76.29,76.29,79.92,75.58,76.70
72.55,72.55,76.15,73.12,74.40
69.95,69.95,69.04,75.57,74.17
72.04,72.04,64.55,78.51,76.28
70.98,70.98,64.13,78.17,74.22
73.12,73.12,70.57,79.15,75.91
70.99,70.99,81.90,78.29,77.58
72.21,72.21,86.22,75.21,76.17
70.27,70.27,82.75,77.27,76.56
72.89,72.89,79.15,77.49,77.38
70.15,70.15,70.95,79.17,75.54
73.40,73.40,66.51,76.59,77.31
70.51,70.51,71.70,77.41,76.62
71.14,71.14,64.41,78.12,77.08
70.16,70.16,62.20,76.40,76.82
72.95,72.95,61.09,74.45,77.53
70.47,70.47,59.44,77.84,76.95
67.74,67.74,58.10,78.39,76.53
65.06,65.06,57.15,75.70,75.41
64.80,64.80,55.58,75.06,76.22
64.83,64.83,55.00,76.98,75.55
61.64,61.64,55.41,79.89,76.13
61.73,61.73,54.37,76.85,75.11
59.71,59.71,53.46,75.84,77.17
60.12,60.12,59.68,75.28,75.09
55.34,55.34,67.33,73.34,76.26
55.60,55.60,73.10,65.26,79.40
55.40,55.40,82.41,66.36,78.79
56.20,56.20,79.03,57.72,79.38
54.11,54.11,76.94,53.82,79.61
56.49,56.49,73.23,52.37,79.17
50.81,50.81,71.89,58.76,79.70
53.84,53.84,68.96,55.20,77.60
55.07,55.07,68.21,47.15,78.98
54.73,54.73,68.09,46.48,78.58
53.17,53.17,68.85,59.55,76.83
52.43,52.43,67.36,65.63,77.03
53.87,53.87,68.98,75.70,76.76
48.53,48.53,67.52,80.13,75.12
50.76,50.76,65.31,80.50,75.62
53.31,53.31,66.01,80.51,76.16
54.23,54.23,63.63,80.89,75.14
52.92,52.92,63.58,79.08,74.88
50.24,50.24,61.94,80.67,77.21
49.53,49.53,64.42,78.57,77.03
53.40,53.40,71.04,75.48,78.32
60.48,60.48,82.52,79.86,77.95
63.77,63.77,88.68,75.31,74.89
74.70,74.70,82.77,78.59,75.16
78.49,78.49,77.32,78.78,76.80
79.78,79.78,68.41,78.82,77.20
77.51,77.51,67.19,78.88,76.60
77.76,77.76,69.63,76.59,75.73
76.63,76.63,64.88,76.51,75.07
78.20,78.20,64.16,79.04,76.43
77.73,77.73,60.09,76.83,74.54
78.14,78.14,60.14,76.28,73.96
78.74,78.74,61.03,77.95,76.13
77.65,77.65,60.69,76.07,73.74
78.20,78.20,60.23,77.79,76.38
77.72,77.72,54.02,78.67,73.83
77.98,77.98,52.44,73.75,75.07
78.42,78.42,51.92,77.47,74.83
77.42,77.42,55.17,78.56,74.99
75.79,75.79,65.72,78.46,74.37
76.90,76.90,74.62,75.01,76.33
78.05,78.05,81.74,70.16,77.18
77.08,77.08,85.45,67.01,77.64
75.94,75.94,84.04,71.91,79.70
76.03,76.03,78.52,77.98,80.36
77.48,77.48,68.51,77.27,79.38
75.23,75.23,70.20,78.42,78.66
73.41,73.41,70.97,79.05,78.93
75.70,75.70,67.61,79.38,78.89
74.09,74.09,68.79,79.20,78.43
76.03,76.03,68.36,80.24,78.25
76.31,76.31,68.67,79.59,78.44
76.74,76.74,69.50,78.78,77.48
77.88,77.88,67.09,79.62,76.41
76.68,76.68,68.66,79.01,77.18
76.79,76.79,67.07,79.74,77.66
77.74,77.74,65.09,80.75,76.34
76.27,76.27,65.58,80.25,77.15
75.84,75.84,64.27,79.81,77.95
77.37,77.37,64.54,77.76,75.86
80.12,80.12,64.86,81.49,75.95
80.42,80.42,64.86,81.05,77.01
80.40,80.40,63.75,83.04,77.58
79.16,79.16,63.20,80.35,76.52
78.63,78.63,63.84,83.54,77.09
79.60,79.60,63.48,80.85,76.60
80.03,80.03,63.26,81.72,78.53
80.00,80.00,63.73,81.00,78.94
80.44,80.44,62.84,82.30,78.33
80.23,80.23,61.34,81.90,76.94
80.22,80.22,62.36,81.77,77.58
79.83,79.83,63.40,81.46,77.34
80.52,80.52,71.45,81.05,79.96
78.54,78.54,84.63,82.04,78.32
77.92,77.92,81.59,81.49,78.33
77.59,77.59,79.72,80.90,78.53
77.95,77.95,73.45,80.76,79.74
78.75,78.75,71.74,80.65,78.55
77.16,77.16,64.13,80.28,78.84
75.05,75.05,68.38,73.25,79.61
76.86,76.86,66.86,67.18,79.47
81.15,81.15,72.94,75.66,79.52
80.18,80.18,82.49,81.18,76.79
77.84,77.84,77.98,80.41,75.75
80.34,80.34,74.90,80.19,76.68
80.21,80.21,72.60,80.82,75.40
79.72,79.72,69.53,81.25,75.33
80.21,80.21,66.07,80.68,75.83
80.88,80.88,65.34,80.80,74.86
80.99,80.99,65.30,81.14,76.27
80.00,80.00,65.58,81.25,74.42
78.27,78.27,65.52,80.83,76.42
78.08,78.08,67.89,80.69,75.28
78.84,78.84,68.00,81.24,76.71
68.86,68.86,65.57,79.21,77.51
55.61,55.61,65.81,78.47,74.51
54.93,54.93,64.46,78.49,73.79
54.65,54.65,65.54,77.99,73.33
55.07,55.07,63.56,75.69,72.42
54.90,54.90,66.99,79.31,73.33
57.37,57.37,66.65,66.80,74.17
65.85,65.85,80.96,74.37,76.35
74.01,74.01,85.79,73.91,78.57
81.94,81.94,82.21,72.95,77.34
82.22,82.22,77.28,74.96,78.63
81.26,81.26,76.07,76.06,76.39
82.01,82.01,75.93,77.45,76.94
80.20,80.20,75.40,75.70,77.30
81.57,81.57,74.05,75.36,76.51
78.87,78.87,74.15,76.28,76.20
78.79,78.79,73.52,73.80,76.80
77.19,77.19,72.64,74.40,76.31
78.05,78.05,72.99,78.08,77.24
78.06,78.06,72.37,78.49,76.59
80.07,80.07,72.61,75.89,76.01
81.36,81.36,71.99,76.34,76.49
79.63,79.63,71.80,76.45,75.93
78.81,78.81,72.03,75.81,75.80
80.69,80.69,70.98,75.52,76.51
80.90,80.90,70.11,76.06,75.01
81.41,81.41,70.51,77.34,76.10
79.64,79.64,69.19,77.35,75.76
79.13,79.13,69.32,76.18,75.06
80.62,80.62,69.24,73.22,76.68
78.79,78.79,69.56,74.95,76.48
82.93,82.93,68.97,75.11,76.79
82.01,82.01,68.18,76.21,75.00
80.05,80.05,69.30,76.32,76.01
82.33,82.33,68.87,74.36,74.96
83.30,83.30,69.31,73.99,75.69
78.27,78.27,70.11,76.33,76.39
74.07,74.07,69.32,74.88,77.20
69.01,69.01,71.42,76.43,76.68
71.01,71.01,79.48,76.75,76.85
71.67,71.67,82.27,77.06,77.06
71.37,71.37,78.89,76.24,77.37
72.17,72.17,76.35,78.48,78.72
70.90,70.90,71.54,78.04,77.88
73.42,73.42,67.55,78.92,76.88
71.63,71.63,68.07,75.21,76.91
76.74,76.74,73.05,70.35,79.04
80.71,80.71,83.08,71.79,79.22
79.63,79.63,88.57,72.00,79.21
80.00,80.00,82.03,75.97,78.76
80.15,80.15,77.67,80.42,79.72
78.97,78.97,70.30,79.55,78.07
79.70,79.70,67.00,80.40,78.58
81.43,81.43,69.01,80.80,79.65
82.16,82.16,64.21,80.41,79.06
81.59,81.59,63.42,81.19,78.33
77.00,77.00,60.83,80.69,76.77
74.48,74.48,60.60,80.06,77.36
77.64,77.64,59.40,81.39,79.83
76.29,76.29,58.07,79.74,80.16
74.02,74.02,57.98,79.98,78.46
73.65,73.65,55.13,80.06,78.37
70.51,70.51,54.74,79.31,76.66
68.22,68.22,54.45,69.48,76.55
66.79,66.79,56.64,65.87,76.71
67.93,67.93,63.52,68.28,78.20
74.10,74.10,69.78,67.98,78.35
81.97,81.97,73.63,64.22,80.77
79.51,79.51,83.93,71.68,79.77
78.31,78.31,81.02,79.29,79.54
78.18,78.18,77.04,80.56,78.19
78.31,78.31,72.47,82.23,78.39
76.63,76.63,68.30,80.93,77.95
77.40,77.40,66.15,81.93,77.78
78.16,78.16,65.44,82.13,77.06
76.70,76.70,66.90,81.32,78.58
72.94,72.94,66.38,80.74,78.36
71.08,71.08,66.40,81.18,76.81
74.02,74.02,68.21,81.87,75.35
77.68,77.68,77.14,80.16,77.66
79.18,79.18,81.04,81.08,77.07
80.41,80.41,80.40,81.49,76.97
79.22,79.22,74.90,82.25,76.10
79.17,79.17,70.09,81.53,76.86
80.85,80.85,67.73,82.52,75.86
79.18,79.18,67.78,81.15,74.95
80.94,80.94,67.90,81.16,75.40
80.08,80.08,71.97,81.34,75.11
80.61,80.61,72.74,80.01,75.86
80.34,80.34,71.90,79.35,74.48
81.75,81.75,69.99,79.41,75.42
77.08,77.08,67.26,80.92,77.38
73.80,73.80,71.10,79.60,78.55
70.16,70.16,69.10,79.26,76.59
63.47,63.47,62.57,80.17,77.50
61.42,61.42,68.24,79.38,78.70
62.79,62.79,69.84,76.07,76.38
65.01,65.01,69.78,70.38,77.02
74.99,74.99,73.08,73.20,76.87
74.69,74.69,83.41,74.83,74.98
75.01,75.01,83.90,72.75,80.73
74.13,74.13,80.83,74.73,80.52
67.70,67.70,81.95,70.93,78.57
63.62,63.62,81.92,74.55,79.52
64.39,64.39,78.42,73.87,76.27
62.64,62.64,76.17,73.10,77.65
65.69,65.69,80.26,68.11,80.10
69.46,69.46,83.88,68.21,78.48
69.12,69.12,82.97,66.99,79.40
72.03,72.03,85.86,72.27,79.81
79.83,79.83,79.90,76.70,79.63
79.12,79.12,76.56,78.16,79.72
78.29,78.29,78.91,79.33,80.97
78.21,78.21,75.95,78.42,79.60
77.85,77.85,76.83,79.77,77.16
77.25,77.25,76.56,78.45,76.08
77.46,77.46,76.91,78.65,77.10
77.23,77.23,75.79,78.02,76.89
79.46,79.46,75.13,78.96,80.78
79.88,79.88,74.82,80.18,78.56
79.71,79.71,75.18,80.09,79.77
78.75,78.75,74.64,79.77,79.27
79.26,79.26,75.55,80.62,76.92
78.78,78.78,74.79,79.06,77.34
79.44,79.44,72.00,79.03,77.41
78.39,78.39,73.08,78.66,78.45
76.36,76.36,70.88,80.00,78.26
77.48,77.48,71.64,75.95,79.39
79.52,79.52,72.14,69.88,82.33
77.05,77.05,70.85,74.91,78.41
76.85,76.85,71.36,75.10,77.71
76.73,76.73,72.02,75.83,79.11
75.07,75.07,74.94,75.39,79.63
75.05,75.05,71.60,72.32,77.20
73.65,73.65,70.76,75.71,76.54
74.70,74.70,70.58,73.73,75.87
75.62,75.62,69.96,74.35,77.24
80.27,80.27,71.42,76.21,78.92
80.06,80.06,71.55,75.89,77.09
80.16,80.16,85.10,79.66,76.92
80.02,80.02,82.68,78.07,79.26
82.49,82.49,79.73,75.83,78.97
82.43,82.43,74.47,74.22,77.69
79.71,79.71,69.12,69.02,77.33
79.95,79.95,69.63,72.66,77.03
80.65,80.65,69.61,73.18,77.78
81.02,81.02,67.77,71.66,78.24
80.59,80.59,76.22,68.30,79.24
80.23,80.23,83.53,68.59,77.56
81.53,81.53,79.61,70.23,77.32
83.40,83.40,76.08,81.43,75.84
83.22,83.22,70.92,81.05,74.39
83.78,83.78,69.09,81.20,76.01
82.45,82.45,67.26,79.05,76.64
82.49,82.49,66.27,78.06,75.71
79.13,79.13,67.01,78.07,76.03
64.14,64.14,68.93,79.39,77.69
62.70,62.70,67.81,76.35,77.69
60.51,60.51,66.40,75.95,77.66
57.48,57.48,66.33,81.10,78.27
58.59,58.59,65.44,80.26,77.99
56.22,56.22,66.27,79.42,77.36
56.43,56.43,66.73,78.63,78.68
58.69,58.69,66.79,79.93,77.24
59.65,59.65,65.70,74.66,74.84
67.23,67.23,67.32,65.86,76.01
73.82,73.82,66.53,57.44,75.81
77.94,77.94,81.62,65.84,77.66
79.11,79.11,88.74,66.06,77.69
79.45,79.45,82.30,71.27,78.56
78.35,78.35,77.07,76.23,79.34
78.42,78.42,75.45,72.94,80.14
77.27,77.27,74.17,76.15,79.70
79.91,79.91,74.48,74.39,79.77
80.80,80.80,74.77,75.71,79.19
82.37,82.37,73.48,77.33,77.36
80.94,80.94,73.33,75.07,77.75
80.06,80.06,73.90,74.95,77.75
79.02,79.02,74.79,76.54,77.83
78.81,78.81,73.75,76.42,77.49
79.48,79.48,73.76,75.60,78.78
80.70,80.70,73.55,78.38,76.29
79.92,79.92,73.02,73.90,77.51
78.44,78.44,71.43,77.98,76.45
79.77,79.77,71.98,76.76,76.69
80.32,80.32,70.79,74.93,77.34
81.86,81.86,70.19,77.44,79.46
81.58,81.58,71.19,74.82,79.40
80.57,80.57,70.24,76.54,79.38
80.34,80.34,70.50,77.49,81.72
80.16,80.16,68.18,77.04,77.54
79.23,79.23,69.57,75.11,78.29
80.49,80.49,69.29,77.10,77.60
80.43,80.43,68.89,76.02,80.28
79.72,79.72,69.75,77.61,78.15
78.63,78.63,68.62,77.80,75.86
78.55,78.55,68.00,77.01,82.67
77.71,77.71,68.31,77.89,78.05
74.57,74.57,72.96,76.20,81.19
73.75,73.75,77.97,76.68,80.28
72.99,72.99,81.59,75.69,79.18
74.07,74.07,79.57,73.42,81.39
72.07,72.07,77.38,69.07,78.69
72.03,72.03,72.96,67.03,78.03
74.25,74.25,66.97,70.09,77.74
76.05,76.05,65.50,64.58,76.83
77.18,77.18,67.71,64.54,77.44
76.61,76.61,81.53,75.35,78.91
79.10,79.10,88.78,75.65,76.94
77.83,77.83,84.04,76.80,77.04
78.08,78.08,79.86,77.63,78.33
77.12,77.12,71.12,77.96,78.60
78.25,78.25,66.81,77.20,77.72
78.30,78.30,70.77,75.95,77.59
77.61,77.61,65.31,78.01,77.08
78.18,78.18,62.77,79.14,77.00
77.56,77.56,61.23,75.62,77.28
76.95,76.95,60.22,77.23,77.26
76.31,76.31,59.55,78.10,76.47
76.44,76.44,57.72,78.58,77.05
76.15,76.15,57.68,76.10,76.71
75.81,75.81,57.48,76.06,75.46
75.20,75.20,56.88,73.67,75.40
74.71,74.71,55.00,76.99,75.21
74.79,74.79,54.78,77.90,74.79
75.94,75.94,59.16,75.05,74.58
77.85,77.85,64.12,76.44,74.16
77.79,77.79,74.04,76.99,78.65
78.11,78.11,79.57,77.91,77.61
78.11,78.11,80.56,71.64,79.02
74.74,74.74,76.88,69.20,78.62
74.36,74.36,75.80,68.11,77.86
72.95,72.95,70.73,60.29,78.29
70.78,70.78,66.23,66.58,77.58
65.25,65.25,64.57,70.19,77.89
64.82,64.82,63.22,67.72,77.82
68.19,68.19,61.39,62.55,78.17
70.25,70.25,63.71,61.74,77.14
78.14,78.14,66.14,61.94,76.64
77.44,77.44,76.94,64.13,77.70
78.27,78.27,80.98,78.28,78.13
79.52,79.52,76.19,84.33,78.04
79.06,79.06,72.67,81.95,76.74
79.51,79.51,64.73,82.05,75.10
78.08,78.08,64.29,82.21,75.40
76.89,76.89,64.60,82.59,74.77
76.31,76.31,61.51,81.92,77.25
76.12,76.12,61.34,82.74,76.65
78.16,78.16,60.86,82.43,79.56
74.85,74.85,59.60,80.25,79.10
70.38,70.38,58.20,81.47,79.04
67.90,67.90,57.47,82.96,79.62
68.57,68.57,56.28,83.40,78.46
68.69,68.69,57.80,81.54,76.58
66.08,66.08,60.59,82.50,77.65
64.61,64.61,61.11,82.05,77.85
67.56,67.56,60.63,81.68,79.38
68.06,68.06,64.59,81.42,80.89
66.09,66.09,68.76,82.51,80.03
63.04,63.04,78.38,78.74,78.85
60.09,60.09,83.64,81.66,79.06
59.23,59.23,81.67,80.35,78.43
62.34,62.34,77.75,78.89,77.30
63.73,63.73,74.80,78.99,78.80
72.77,72.77,67.68,77.58,76.57
78.20,78.20,65.95,78.16,75.49
76.93,76.93,69.22,68.74,77.92
76.98,76.98,82.06,72.45,80.03
77.12,77.12,81.95,77.58,80.66
77.97,77.97,83.05,78.28,79.20
78.67,78.67,76.43,79.27,77.97
76.83,76.83,68.73,80.29,79.46
82.87,82.87,69.25,80.45,79.37
80.54,80.54,69.58,80.04,77.32
79.21,79.21,66.00,80.11,78.36
79.96,79.96,67.07,80.12,79.99
80.55,80.55,67.01,80.22,82.10
81.92,81.92,66.88,80.12,81.24
81.85,81.85,67.23,80.06,79.13
81.68,81.68,66.97,79.83,81.39
78.63,78.63,67.97,80.48,78.77
77.07,77.07,68.77,81.06,76.38
78.55,78.55,67.34,81.14,76.41
77.40,77.40,66.20,80.83,78.32
74.54,74.54,64.45,80.60,77.74
73.07,73.07,63.75,81.28,80.92
75.51,75.51,63.66,80.94,82.37
81.72,81.72,64.43,80.46,80.10
80.63,80.63,64.39,79.82,80.03
80.96,80.96,63.35,78.99,82.01
79.70,79.70,63.73,79.12,79.69
82.49,82.49,63.36,78.99,77.34
83.05,83.05,62.78,79.20,77.71
82.59,82.59,62.11,80.23,78.34
80.70,80.70,61.57,80.12,78.20
80.31,80.31,60.89,80.13,77.13
81.16,81.16,60.88,80.14,77.51
82.77,82.77,64.44,78.98,76.69
83.66,83.66,72.96,76.60,77.13
82.96,82.96,85.53,76.02,77.34
81.88,81.88,82.21,76.25,77.26
80.02,80.02,81.29,76.77,79.21
77.96,77.96,75.40,78.27,79.86
70.60,70.60,72.73,78.56,78.92
74.43,74.43,65.95,78.82,77.60
77.42,77.42,66.43,78.27,77.27
80.32,80.32,64.93,69.37,77.57
82.04,82.04,72.79,66.35,80.30
80.18,80.18,79.23,76.05,76.97
82.04,82.04,77.71,79.56,75.02
82.24,82.24,77.83,80.92,78.19
81.69,81.69,74.70,81.43,77.67
80.70,80.70,69.22,81.28,75.89
81.39,81.39,65.57,80.68,75.68
80.72,80.72,63.77,81.19,76.11
80.12,80.12,63.88,81.85,75.44
79.64,79.64,64.96,81.99,76.80
80.32,80.32,63.34,82.21,75.54
80.30,80.30,64.37,82.21,77.82
80.42,80.42,64.52,82.34,78.77
82.46,82.46,63.97,83.15,78.33
76.53,76.53,64.01,82.45,76.37
71.75,71.75,61.60,82.23,76.17
73.80,73.80,60.39,81.40,76.84
75.78,75.78,60.63,79.11,76.74
74.16,74.16,64.33,70.61,76.49
74.60,74.60,70.69,74.13,74.73
76.96,76.96,84.74,74.25,76.12
77.06,77.06,86.11,67.43,77.97
75.87,75.87,82.90,66.14,77.37
73.90,73.90,78.13,74.29,76.55
76.41,76.41,76.39,80.93,75.10
76.79,76.79,75.68,82.15,77.82
77.58,77.58,75.39,81.06,77.17
77.08,77.08,74.18,81.47,78.95
78.12,78.12,74.95,81.84,78.65
76.89,76.89,74.01,80.92,79.24
77.75,77.75,73.76,81.40,78.78
78.91,78.91,72.52,80.46,76.61
78.03,78.03,72.25,80.54,76.37
79.21,79.21,71.52,80.93,75.00
78.99,78.99,71.54,79.55,76.78
75.98,75.98,71.96,80.03,76.02
77.75,77.75,72.31,80.10,77.30
80.53,80.53,70.70,80.06,76.95
78.60,78.60,71.01,80.60,77.05
77.77,77.77,70.40,78.89,77.01
77.32,77.32,68.80,79.37,76.74
77.75,77.75,69.95,79.95,75.05
79.56,79.56,69.25,80.52,72.87
80.30,80.30,69.97,80.92,75.46
79.13,79.13,69.48,80.54,74.15
80.66,80.66,67.28,78.95,75.26
78.89,78.89,67.81,80.15,77.65
78.01,78.01,68.87,79.18,76.20
76.20,76.20,68.27,79.47,75.75
74.98,74.98,68.11,79.18,75.37
74.98,74.98,69.62,80.47,74.83
74.93,74.93,72.14,78.62,73.67
76.56,76.56,80.48,77.51,74.90
71.69,71.69,84.19,78.62,73.63
71.33,71.33,80.05,79.94,74.69
70.00,70.00,75.76,79.04,74.67
72.78,72.78,69.11,79.54,75.20
70.32,70.32,66.45,78.71,75.22
70.66,70.66,67.99,78.21,76.03
71.00,71.00,72.74,78.56,73.61
74.87,74.87,81.39,77.94,75.50
80.38,80.38,85.18,74.24,74.97
78.93,78.93,82.47,71.69,74.14
78.21,78.21,75.31,78.36,75.17
78.53,78.53,73.60,81.23,76.09
77.83,77.83,66.08,80.96,76.53
78.43,78.43,69.53,82.08,75.08
78.04,78.04,63.61,81.05,73.91
77.53,77.53,63.01,81.79,74.30
79.06,79.06,59.79,81.72,74.94
78.44,78.44,58.39,81.05,73.10
78.23,78.23,56.30,80.86,73.78
79.71,79.71,55.47,80.46,73.26
78.92,78.92,55.95,81.53,73.01
78.35,78.35,54.45,80.27,74.08
76.54,76.54,55.35,80.82,73.28
76.62,76.62,54.27,82.04,74.50
75.55,75.55,54.72,81.51,75.18
74.90,74.90,60.60,81.44,73.69
76.89,76.89,71.67,80.37,76.87
76.82,76.82,76.56,81.50,79.25
79.13,79.13,83.11,79.87,78.93
76.23,76.23,81.10,77.89,76.10
77.69,77.69,77.62,78.21,77.22
79.84,79.84,70.79,79.09,77.06
77.96,77.96,68.25,77.86,76.15
79.54,79.54,66.95,80.12,78.15
79.18,79.18,77.18,78.89,78.34
81.06,81.06,81.28,79.24,76.38
82.19,82.19,78.87,80.26,75.91
80.93,80.93,76.14,75.51,76.72
77.61,77.61,72.88,66.30,77.91
75.25,75.25,69.34,66.32,76.45
69.61,69.61,75.34,80.29,76.51
65.84,65.84,82.39,80.31,77.19
67.07,67.07,81.95,81.95,77.52
64.49,64.49,78.82,82.03,78.16
64.77,64.77,75.82,81.05,77.53
64.97,64.97,70.83,81.47,77.04
63.93,63.93,73.44,81.52,75.25
69.63,69.63,71.93,81.55,75.94
74.17,74.17,75.60,79.79,74.47
74.12,74.12,73.46,79.10,76.39
75.39,75.39,68.33,80.24,75.41
74.93,74.93,66.33,81.10,75.66
74.42,74.42,72.63,80.23,74.87
76.82,76.82,75.31,78.26,73.36
77.01,77.01,78.59,76.20,74.86
73.07,73.07,79.66,77.55,73.98
72.60,72.60,81.81,77.43,75.62
74.78,74.78,80.67,74.95,76.38
76.18,76.18,76.16,75.74,75.94
72.91,72.91,78.71,73.45,73.67
70.52,70.52,82.59,77.46,75.57
72.58,72.58,86.77,75.24,74.06
75.32,75.32,86.70,72.89,73.55
76.00,76.00,82.78,73.03,73.26
78.21,78.21,84.92,67.22,73.33
75.13,75.13,82.31,78.62,72.51
77.88,77.88,72.50,76.63,74.40
81.28,81.28,82.46,77.39,76.35
80.84,80.84,83.82,72.50,75.81
78.49,78.49,80.02,74.44,76.60
77.62,77.62,77.88,75.89,76.00
78.38,78.38,81.57,79.97,75.10
78.78,78.78,81.72,81.86,77.31
77.18,77.18,80.96,81.94,76.65
79.44,79.44,78.88,83.24,77.24
79.52,79.52,75.70,80.90,77.48
79.18,79.18,71.97,81.20,76.73
78.62,78.62,72.91,81.51,75.41
78.02,78.02,75.18,81.55,76.58
77.26,77.26,80.51,81.53,76.56
80.46,80.46,82.50,81.80,75.23
81.91,81.91,81.05,79.91,77.66
79.36,79.36,77.36,80.78,76.85
79.33,79.33,75.89,79.87,77.39
77.24,77.24,70.08,80.60,76.47
77.76,77.76,69.70,80.37,76.32
78.01,78.01,71.47,81.49,75.24
79.23,79.23,74.26,81.15,75.29
79.72,79.72,84.17,80.78,75.03
81.19,81.19,79.95,76.55,74.77
81.18,81.18,74.64,77.86,77.18
81.69,81.69,73.92,80.71,76.16
80.48,80.48,73.87,78.98,76.41
81.16,81.16,68.91,78.72,74.35
80.27,80.27,67.24,78.69,76.08
80.30,80.30,69.11,76.95,75.71
79.63,79.63,68.95,79.04,74.85
78.48,78.48,70.38,77.48,75.75
77.87,77.87,74.27,74.07,77.19
76.12,76.12,85.12,78.19,77.42
74.79,74.79,84.65,76.22,76.21
75.48,75.48,80.23,78.04,76.64
73.05,73.05,74.71,76.53,76.18
71.26,71.26,69.46,73.82,76.52
70.05,70.05,66.98,68.65,75.94
67.71,67.71,70.42,63.65,75.34
71.07,71.07,70.86,67.11,76.18
75.33,75.33,74.20,71.92,76.34
77.20,77.20,77.68,82.09,77.25
76.90,76.90,73.38,81.35,76.35
77.16,77.16,75.19,82.25,75.62
77.11,77.11,73.86,83.40,76.56
77.07,77.07,70.71,82.38,75.85
76.34,76.34,67.74,83.43,75.21
77.35,77.35,68.81,81.35,73.71
77.71,77.71,69.75,83.46,75.13
77.93,77.93,69.04,81.39,73.66
76.81,76.81,69.79,82.20,73.82
78.27,78.27,71.75,79.24,73.93
79.31,79.31,79.86,76.79,74.99
78.46,78.46,74.68,79.80,73.93
74.39,74.39,81.46,80.42,71.18
68.25,68.25,82.62,81.52,72.14
68.52,68.52,78.71,78.10,71.68
67.30,67.30,76.13,73.87,70.54
76.07,76.07,78.32,72.12,73.30
78.91,78.91,80.74,76.76,76.21
76.83,76.83,84.06,78.08,79.11
76.29,76.29,88.40,76.19,78.47
77.10,77.10,83.35,75.30,77.40
76.69,76.69,78.73,75.97,77.26
76.95,76.95,77.59,82.12,77.80
76.70,76.70,75.06,79.68,78.32
75.20,75.20,75.85,80.33,79.09
74.08,74.08,76.07,79.69,77.66
73.22,73.22,75.88,80.45,76.79
73.27,73.27,75.57,79.35,77.77
73.00,73.00,74.37,82.43,76.59
74.11,74.11,74.56,79.32,76.95
75.90,75.90,74.67,81.14,76.95
75.86,75.86,74.88,80.86,77.74
77.62,77.62,75.14,81.17,78.15
79.39,79.39,74.96,80.08,77.04
78.69,78.69,74.64,81.48,75.88
77.71,77.71,73.22,80.51,75.35
77.26,77.26,72.09,80.52,77.63
76.77,76.77,70.58,82.06,77.02
76.71,76.71,72.43,81.55,75.94
77.11,77.11,72.89,81.86,77.58
79.01,79.01,72.63,80.54,77.60
80.16,80.16,71.30,81.72,78.22
80.21,80.21,70.67,80.13,76.65
79.63,79.63,69.63,82.27,78.08
77.42,77.42,68.95,80.38,77.08
77.36,77.36,68.60,81.87,75.74
79.17,79.17,69.12,80.25,76.78
79.24,79.24,70.04,80.37,75.77
79.31,79.31,69.65,81.65,76.02
78.99,78.99,68.75,81.40,74.15
79.22,79.22,67.83,80.78,74.48
80.03,80.03,67.26,79.89,75.07
79.54,79.54,67.06,80.53,75.21
79.41,79.41,67.22,78.56,75.94
78.95,78.95,66.89,81.48,76.03
79.39,79.39,65.58,79.29,73.93
77.98,77.98,66.03,80.29,72.04
77.59,77.59,64.54,78.18,74.20
78.03,78.03,63.63,79.84,74.99
78.93,78.93,62.16,79.90,74.16
79.31,79.31,63.32,79.78,73.87
79.00,79.00,62.05,78.30,71.59
79.17,79.17,62.74,78.88,72.15
79.06,79.06,63.13,78.34,72.17
78.54,78.54,63.01,77.33,72.60
78.12,78.12,62.67,80.01,73.72
78.58,78.58,59.79,77.95,72.88
78.73,78.73,59.40,78.51,74.26
78.54,78.54,59.99,76.43,74.07
77.96,77.96,59.81,78.04,72.95
78.09,78.09,60.30,77.52,71.93
78.05,78.05,60.89,78.78,73.49
78.75,78.75,62.09,75.88,73.25
79.19,79.19,60.52,78.28,72.35
79.51,79.51,59.92,76.52,71.21
79.40,79.40,60.48,76.79,71.80
78.77,78.77,61.28,78.36,73.51
79.53,79.53,61.38,77.86,74.91
78.43,78.43,58.70,78.05,73.46
78.42,78.42,58.60,75.71,72.59
78.63,78.63,57.95,76.57,72.02
77.83,77.83,57.63,76.39,72.01
79.06,79.06,53.91,79.18,72.38
79.07,79.07,48.75,77.63,72.40
79.12,79.12,49.25,78.26,75.01
79.41,79.41,50.49,75.60,74.98
79.00,79.00,50.36,77.59,73.71
78.56,78.56,52.70,79.17,72.15
78.69,78.69,53.85,78.53,72.25
77.32,77.32,51.82,78.49,72.12
77.22,77.22,49.37,76.98,72.65
77.10,77.10,47.79,77.92,71.02
77.49,77.49,47.71,77.35,71.25
78.15,78.15,46.29,79.62,70.47
79.14,79.14,46.12,78.88,73.10
79.55,79.55,47.95,79.27,73.29
78.95,78.95,50.17,76.55,73.19
78.23,78.23,49.87,78.02,73.72
78.02,78.02,50.53,79.23,73.51
78.54,78.54,46.62,79.72,69.97
78.97,78.97,45.01,79.06,69.77
78.65,78.65,43.63,77.04,71.39
77.71,77.71,43.62,78.12,71.46
76.57,76.57,44.01,77.53,70.04
77.03,77.03,44.23,80.07,69.61
77.72,77.72,44.02,81.09,70.40
78.03,78.03,42.22,78.66,69.66
78.31,78.31,43.60,78.98,70.67
79.87,79.87,47.12,77.77,71.27
79.74,79.74,43.45,75.02,72.12
79.29,79.29,42.68,77.97,72.82
78.43,78.43,41.09,77.62,71.95
77.76,77.76,37.99,77.25,70.33
77.54,77.54,37.20,78.15,68.39
77.54,77.54,37.48,79.80,68.69
77.82,77.82,37.30,79.56,66.83
77.37,77.37,37.64,80.41,68.09
77.12,77.12,42.78,77.24,68.84
78.10,78.10,36.99,73.19,68.19
78.21,78.21,35.28,74.84,68.13
77.72,77.72,37.69,74.59,69.29
76.83,76.83,38.68,74.83,69.39
76.48,76.48,40.47,77.15,69.15
77.09,77.09,40.59,72.84,70.63
77.08,77.08,41.02,74.40,69.93
77.32,77.32,40.48,75.32,69.38
77.44,77.44,37.94,71.08,70.69
77.63,77.63,37.16,72.01,70.92
78.35,78.35,36.46,75.74,71.26
78.23,78.23,34.65,72.07,70.62
78.12,78.12,33.61,72.76,69.09
78.43,78.43,32.88,76.75,68.10
79.52,79.52,31.26,74.65,69.51
78.96,78.96,31.15,73.55,69.86
78.53,78.53,29.93,76.14,68.70
78.22,78.22,30.66,75.60,71.41
77.62,77.62,34.95,76.52,69.94
77.81,77.81,41.98,75.91,69.34
77.54,77.54,46.07,72.91,69.52
77.85,77.85,40.55,77.25,69.30
77.94,77.94,36.52,75.28,68.64
78.02,78.02,34.63,75.28,70.37
77.43,77.43,32.57,78.28,68.91
77.26,77.26,31.29,75.32,67.03
76.86,76.86,28.97,75.39,68.68
77.35,77.35,31.03,78.24,68.46
77.75,77.75,35.39,76.07,68.45
76.66,76.66,41.29,75.50,69.34
75.77,75.77,48.40,77.97,68.42
76.11,76.11,39.13,75.24,68.07
76.84,76.84,32.66,77.85,68.86
76.93,76.93,30.37,76.65,67.37
75.88,75.88,30.55,75.85,68.10
75.58,75.58,29.53,78.01,66.89
77.52,77.52,31.78,74.92,67.76
77.28,77.28,32.87,75.37,67.61
77.39,77.39,35.25,78.53,67.35
77.04,77.04,41.19,75.66,68.33
76.41,76.41,51.86,75.12,70.33
76.92,76.92,46.38,78.14,66.95
76.45,76.45,40.72,75.65,68.38
76.40,76.40,35.24,76.47,68.01
76.00,76.00,32.74,76.12,68.80
76.45,76.45,30.43,74.97,69.40
76.08,76.08,28.23,77.04,69.22
76.46,76.46,30.40,75.83,69.09
75.85,75.85,29.47,75.25,68.30
76.12,76.12,29.40,78.02,66.88
76.34,76.34,29.70,74.93,67.33
75.68,75.68,29.04,75.55,67.44
75.40,75.40,28.06,78.44,66.87
74.80,74.80,27.66,75.78,67.46
74.58,74.58,27.75,75.43,69.18
74.91,74.91,28.66,77.73,68.61
74.89,74.89,32.05,76.22,70.02
72.58,72.58,30.40,77.41,69.14
72.84,72.84,29.03,76.39,69.24
73.92,73.92,27.66,76.17,68.70
74.80,74.80,28.31,78.05,68.51
75.22,75.22,27.96,76.32,67.78
74.62,74.62,28.44,76.57,67.05
73.32,73.32,29.22,78.24,66.70
71.84,71.84,24.60,76.35,67.74
70.31,70.31,27.02,76.07,68.69
68.24,68.24,27.90,77.84,69.58
69.57,69.57,31.43,76.43,69.32
67.66,67.66,29.31,76.66,68.82
66.13,66.13,29.33,76.35,68.32
66.08,66.08,31.32,76.41,67.28
64.26,64.26,30.64,77.19,65.07
61.93,61.93,33.06,75.80,64.59
60.55,60.55,32.03,75.63,66.95
57.43,57.43,31.17,77.42,66.65
56.24,56.24,27.55,75.67,65.32
53.25,53.25,26.55,75.39,67.05
53.10,53.10,25.85,77.10,65.22
53.36,53.36,26.37,75.61,65.16
53.30,53.30,28.05,75.83,64.94
53.06,53.06,31.45,76.44,65.04
51.39,51.39,27.75,75.52,64.38
51.65,51.65,25.80,76.64,65.27
53.14,53.14,23.23,75.41,65.68
54.03,54.03,26.47,75.56,66.40
54.11,54.11,26.73,77.35,65.97
53.78,53.78,27.52,75.26,64.97
53.89,53.89,27.92,75.36,64.65
52.65,52.65,27.62,77.41,64.24
53.12,53.12,28.55,76.12,65.26
52.84,52.84,28.60,75.81,64.37
52.60,52.60,28.01,76.67,65.68
53.09,53.09,28.63,76.06,65.08
52.30,52.30,30.12,76.73,64.66
50.92,50.92,29.96,76.10,63.46
50.05,50.05,27.99,75.64,63.23
49.42,49.42,28.93,76.56,63.19
49.41,49.41,30.15,75.31,64.21
46.82,46.82,35.84,75.40,65.54
40.60,40.60,43.88,76.68,66.22
24.25,24.25,52.73,75.82,68.65
25.79,25.79,41.08,74.77,65.58
40.01,40.01,32.90,75.78,64.74
44.63,44.63,27.92,75.55,64.37
44.89,44.89,25.70,75.00,63.86
45.43,45.43,25.23,74.84,62.74
46.87,46.87,24.22,74.79,62.36
47.25,47.25,27.92,75.49,63.19
44.57,44.57,34.86,74.50,63.40
35.00,35.00,43.35,74.47,63.30
19.58,19.58,51.56,75.95,65.86
28.33,28.33,42.13,74.46,64.43
38.12,38.12,36.67,74.73,63.54
41.04,41.04,30.67,76.10,63.99
41.38,41.38,28.17,74.90,64.84
41.40,41.40,27.46,74.65,64.31
40.40,40.40,26.52,74.95,65.11
39.64,39.64,26.88,74.62,65.01
37.80,37.80,29.47,75.21,63.49
36.68,36.68,33.92,74.53,64.03
37.07,37.07,33.99,74.59,65.90
32.08,32.08,25.40,75.57,63.84
34.67,34.67,22.71,74.53,64.94
35.44,35.44,23.18,74.05,64.73
34.99,34.99,23.05,75.52,65.14
35.76,35.76,22.56,74.59,65.33
33.56,33.56,20.31,74.09,64.98
33.25,33.25,22.79,74.65,63.89
33.25,33.25,25.29,74.10,64.26
32.23,32.23,22.91,74.05,63.33
32.60,32.60,21.86,74.01,64.11
32.76,32.76,20.33,73.63,64.42
31.92,31.92,18.29,74.37,62.99
31.35,31.35,19.66,73.18,63.58
29.77,29.77,22.35,73.23,62.39
28.19,28.19,21.29,74.71,60.99
28.56,28.56,21.46,73.02,61.53
27.83,27.83,21.32,73.10,61.21
28.32,28.32,18.37,74.68,60.23
28.52,28.52,18.42,72.20,61.84
28.16,28.16,18.10,73.05,60.04
27.45,27.45,17.77,72.66,61.56
27.59,27.59,17.72,72.59,61.48
28.47,28.47,18.67,71.27,59.71
28.56,28.56,22.46,71.74,61.81
30.57,30.57,26.01,71.07,59.05
29.98,29.98,25.85,69.03,60.08
30.38,30.38,24.44,63.87,59.57
31.54,31.54,26.87,68.57,58.54
34.42,34.42,29.09,70.55,60.05
34.54,34.54,29.99,68.25,60.58
35.29,35.29,28.23,63.87,57.07
38.45,38.45,28.56,62.84,59.10
39.34,39.34,29.32,64.60,56.67
37.20,37.20,27.40,63.45,55.06
31.69,31.69,24.88,65.87,52.70
16.66,16.66,21.95,64.13,56.53
11.29,11.29,23.15,62.96,73.01
3.39,3.39,21.43,62.25,74.99
3.51,3.51,18.28,59.94,74.90
4.16,4.16,12.32,56.46,75.44
4.19,4.19,7.83,42.83,76.82
1.82,1.82,4.21,39.12,74.10
2.65,2.65,4.69,44.77,72.99
6.18,6.18,9.19,39.39,73.66
11.17,11.17,9.02,37.94,71.23
14.83,14.83,10.40,41.89,70.75
15.74,15.74,13.54,42.35,70.65
21.12,21.12,16.83,39.62,68.35
20.28,20.28,15.64,33.57,66.83
23.73,23.73,17.83,38.18,66.62
24.97,24.97,19.40,34.37,65.98
27.05,27.05,20.52,33.44,60.73
29.49,29.49,21.10,39.74,60.19
30.68,30.68,23.53,38.84,62.52
31.39,31.39,23.96,39.75,60.96
31.12,31.12,24.85,34.71,60.68
28.16,28.16,25.95,37.45,59.07
28.89,28.89,37.02,38.23,61.58
38.12,38.12,49.49,35.96,65.32
33.55,33.55,43.88,35.41,64.39
31.47,31.47,40.54,39.24,64.53
33.24,33.24,39.14,36.90,64.23
31.38,31.38,39.79,37.81,64.01
34.30,34.30,40.71,36.96,63.90
32.81,32.81,42.10,39.60,64.33
31.57,31.57,44.31,41.67,63.57
33.42,33.42,43.72,39.36,63.93
34.22,34.22,44.29,39.78,64.53
35.66,35.66,43.75,39.88,63.76
37.09,37.09,46.10,41.46,62.87
35.81,35.81,45.09,39.28,62.56
35.22,35.22,46.28,40.45,63.18
35.48,35.48,44.75,37.88,63.30
36.01,36.01,43.87,37.39,62.70
38.16,38.16,41.37,34.39,62.19
35.36,35.36,40.30,34.24,61.98
35.85,35.85,37.50,30.64,61.26
42.01,42.01,38.90,31.49,60.49
43.24,43.24,43.59,31.84,65.71
35.78,35.78,39.86,32.63,65.68
35.95,35.95,41.27,32.57,64.07
35.16,35.16,42.46,32.69,63.65
35.34,35.34,42.00,33.67,62.37
35.08,35.08,44.52,34.98,62.03
34.34,34.34,42.55,32.18,62.46
36.37,36.37,44.06,33.82,62.43
38.09,38.09,43.59,32.43,63.25
38.13,38.13,41.78,31.31,62.88
35.39,35.39,43.23,32.14,62.15
36.09,36.09,38.21,23.88,61.74
35.04,35.04,40.98,28.01,60.33
36.48,36.48,37.74,23.21,61.08
36.68,36.68,39.29,27.31,61.55
38.98,38.98,37.71,25.88,62.00
41.29,41.29,39.79,26.75,62.27
42.96,42.96,38.43,25.42,61.83
41.17,41.17,36.26,27.28,62.69
34.59,34.59,35.60,29.63,62.95
27.13,27.13,29.46,28.71,62.68
19.66,19.66,26.01,36.95,65.81
13.25,13.25,24.38,33.62,74.62
12.71,12.71,19.41,27.80,75.85
14.45,14.45,26.47,31.48,78.31
17.52,17.52,21.42,31.17,76.83
20.85,20.85,22.30,30.68,77.38
22.97,22.97,26.85,29.53,74.20
25.19,25.19,23.63,32.14,73.13
25.90,25.90,24.25,31.14,73.40
27.33,27.33,23.25,27.58,71.47
29.38,29.38,26.10,35.28,73.35
28.56,28.56,23.72,27.33,70.01
28.61,28.61,20.39,31.23,68.87
30.86,30.86,21.96,27.81,68.27
33.55,33.55,23.23,32.66,67.88
33.57,33.57,22.12,31.36,61.96
33.76,33.76,23.85,32.44,62.39
34.64,34.64,25.85,35.09,62.90
31.29,31.29,24.27,28.03,61.31
45.54,45.54,39.04,33.98,64.85
41.41,41.41,39.52,31.93,65.94
34.53,34.53,35.18,37.71,64.88
31.21,31.21,34.07,38.45,65.06
30.37,30.37,39.86,33.51,65.15
31.92,31.92,42.75,38.68,65.33
32.23,32.23,42.87,34.72,65.17
31.67,31.67,41.11,36.24,64.69
33.89,33.89,42.91,34.83,63.54
32.64,32.64,40.48,37.85,63.16
34.01,34.01,41.22,39.31,63.80
35.14,35.14,42.94,36.34,63.17
35.01,35.01,39.38,35.26,63.54
36.60,36.60,39.74,31.03,63.98
34.97,34.97,45.24,38.03,63.06
36.57,36.57,45.43,31.79,63.00
37.75,37.75,37.62,29.57,63.03
38.49,38.49,38.52,32.72,62.92
39.54,39.54,39.42,33.91,62.72
32.46,32.46,41.15,38.19,63.46
17.59,17.59,42.75,40.46,63.07
19.19,19.19,49.47,44.95,63.45
30.78,30.78,51.80,47.50,63.14
31.35,31.35,42.34,47.98,63.86
34.08,34.08,34.87,45.80,62.79
34.91,34.91,30.85,40.30,62.72
37.08,37.08,32.19,38.28,62.90
37.65,37.65,32.91,36.39,63.08
34.70,34.70,30.56,39.69,62.55
28.79,28.79,31.93,37.66,62.95
28.56,28.56,39.19,36.52,62.28
26.05,26.05,47.17,43.11,62.82
24.53,24.53,46.44,54.47,61.97
31.17,31.17,42.97,52.61,61.16
33.57,33.57,42.82,47.09,61.68
34.18,34.18,45.71,38.25,63.15
31.71,31.71,50.08,44.42,62.21
34.25,34.25,56.48,43.41,64.35
33.46,33.46,57.28,44.92,63.64
31.67,31.67,58.31,44.29,60.60
24.36,24.36,54.54,44.07,61.69
26.76,26.76,62.10,45.43,59.72
25.24,25.24,55.48,43.35,60.20
24.82,24.82,45.70,41.42,61.33
29.28,29.28,44.75,42.15,60.89
34.10,34.10,47.05,43.34,61.45
33.58,33.58,40.32,40.24,60.65
39.08,39.08,45.72,38.85,61.23
41.02,41.02,44.05,41.05,60.98
41.40,41.40,41.71,36.36,59.27
39.95,39.95,42.60,39.92,59.01
33.04,33.04,48.03,39.83,58.22
27.48,27.48,52.58,41.57,57.30
27.55,27.55,49.98,44.33,56.91
29.85,29.85,46.05,40.80,56.26
34.68,34.68,42.74,39.97,56.08
39.32,39.32,44.94,42.49,56.18
41.94,41.94,42.69,39.31,55.23
42.34,42.34,41.72,41.86,53.98
41.84,41.84,42.30,41.15,53.71
37.22,37.22,40.62,40.34,52.17
33.13,33.13,47.25,43.14,54.08
26.52,26.52,51.47,41.72,61.24
25.97,25.97,50.88,42.70,61.25
31.00,31.00,43.78,41.83,60.73
33.95,33.95,43.51,41.06,59.10
37.16,37.16,44.35,41.17,56.47
32.76,32.76,41.30,39.60,51.56
33.10,33.10,47.24,40.75,57.38
32.61,32.61,48.00,40.61,61.88
31.69,31.69,47.55,41.59,61.52
29.40,29.40,49.17,39.32,58.28
29.37,29.37,52.55,36.47,59.69
29.90,29.90,47.22,43.10,51.47
31.77,31.77,45.65,40.29,48.51
35.23,35.23,51.83,44.32,58.83
34.67,34.67,48.79,40.24,61.85
35.27,35.27,44.62,36.80,60.61
34.34,34.34,45.16,37.95,58.53
31.01,31.01,46.14,42.48,58.02
28.00,28.00,39.75,37.91,53.82
25.48,25.48,38.24,37.87,69.71
27.28,27.28,40.41,35.03,74.78
26.86,26.86,37.00,34.71,75.19
27.76,27.76,40.19,38.17,75.04
28.13,28.13,39.65,32.96,75.20
29.69,29.69,40.65,33.34,75.38
28.52,28.52,43.29,36.77,74.51
30.43,30.43,45.88,36.51,74.17
31.36,31.36,43.42,33.94,75.23
32.28,32.28,39.96,32.42,75.06
31.91,31.91,44.23,35.84,74.12
30.81,30.81,43.35,34.77,74.21
29.53,29.53,44.01,35.22,59.36
29.22,29.22,44.75,34.71,56.28
32.34,32.34,46.31,38.82,57.15
33.52,33.52,45.82,35.77,57.61
34.90,34.90,48.80,37.31,52.87
31.72,31.72,40.23,37.16,54.05
24.37,24.37,35.95,34.69,54.33
23.40,23.40,31.72,35.23,56.83
30.09,30.09,41.66,45.47,67.52
23.76,23.76,40.47,49.81,64.82
21.02,21.02,38.83,49.66,58.48
20.98,20.98,33.67,42.84,52.24
24.88,24.88,34.58,40.57,50.92
30.50,30.50,31.25,32.67,49.66
31.19,31.19,32.82,37.16,47.77
33.35,33.35,31.46,39.93,49.32
30.12,30.12,35.23,42.28,47.66
22.32,22.32,43.89,39.82,52.57
22.87,22.87,54.00,42.54,59.23
25.12,25.12,53.08,54.03,57.20
28.11,28.11,50.46,55.24,52.20
31.59,31.59,43.97,53.23,45.99
35.70,35.70,41.08,45.81,48.89
37.93,37.93,37.84,42.38,51.47
38.80,38.80,35.62,40.31,50.38
38.14,38.14,33.58,37.21,47.33
33.05,33.05,36.19,41.57,50.87
22.68,22.68,41.19,43.56,52.42
24.51,24.51,57.15,42.60,63.97
23.29,23.29,46.91,42.32,68.42
23.46,23.46,40.07,47.66,73.80
23.81,23.81,41.71,48.75,73.81
24.26,24.26,38.32,45.83,71.95
26.66,26.66,43.22,44.34,70.71
29.90,29.90,42.16,47.86,70.85
30.28,30.28,39.07,50.88,69.15
31.73,31.73,44.00,48.47,68.62
33.85,33.85,40.02,48.80,67.02
33.22,33.22,40.82,42.04,68.38
34.35,34.35,45.29,50.16,65.75
35.79,35.79,44.27,47.40,72.57
33.31,33.31,38.30,45.56,65.45
35.50,35.50,42.81,48.41,72.37
36.27,36.27,41.41,44.70,65.19
37.08,37.08,40.88,36.63,63.19
36.93,36.93,45.10,38.47,68.45
33.06,33.06,41.14,38.46,62.70
26.23,26.23,41.77,43.63,67.79
22.84,22.84,35.06,42.76,72.68
22.73,22.73,36.28,46.20,73.42
23.09,23.09,31.80,42.57,72.77
21.51,21.51,29.69,43.81,71.13
25.12,25.12,36.16,41.14,71.49
25.99,25.99,34.76,43.02,73.60
27.66,27.66,40.63,41.28,73.00
24.62,24.62,44.41,43.07,72.70
28.21,28.21,42.16,44.56,74.61
26.48,26.48,45.40,43.95,75.20
23.25,23.25,42.12,41.92,72.03
27.66,27.66,49.28,41.26,70.12
26.81,26.81,46.27,52.49,65.60
27.77,27.77,45.41,44.47,63.61
31.17,31.17,42.87,41.33,65.29
32.09,32.09,44.24,44.58,65.18
29.20,29.20,45.80,40.87,69.38
30.57,30.57,41.52,40.60,68.32
28.48,28.48,46.52,44.72,65.67
26.53,26.53,30.76,37.92,64.86
27.99,27.99,37.36,41.91,64.16
27.02,27.02,42.62,34.02,73.01
29.44,29.44,46.21,21.96,78.23
35.35,35.35,50.31,23.57,78.15
39.98,39.98,49.08,32.78,77.88
39.23,39.23,46.56,29.65,70.48
39.31,39.31,42.55,39.14,70.47
39.73,39.73,42.45,50.89,69.07
37.10,37.10,39.07,52.09,69.62
35.74,35.74,41.93,52.24,66.42
30.87,30.87,38.04,42.69,63.99
32.75,32.75,53.64,40.06,66.91
37.10,37.10,58.38,31.27,74.73
34.81,34.81,48.88,29.54,75.44
35.29,35.29,41.04,33.81,70.63
37.21,37.21,37.43,36.76,72.94
37.35,37.35,43.93,41.34,66.87
39.20,39.20,44.74,45.27,64.11
36.13,36.13,40.75,47.37,68.56
32.12,32.12,45.01,39.39,64.30
36.94,36.94,53.00,50.63,67.87
43.14,43.14,54.64,49.61,63.09
47.19,47.19,64.78,53.06,69.16
47.60,47.60,56.72,49.74,66.44
49.58,49.58,49.81,49.26,61.50
48.46,48.46,45.86,47.01,63.43
48.90,48.90,44.70,52.52,63.38
49.09,49.09,45.58,49.26,59.57
38.92,38.92,43.05,44.89,57.99
30.44,30.44,44.76,45.61,59.28
30.86,30.86,52.07,49.84,65.39
34.57,34.57,48.13,54.88,60.97
40.75,40.75,46.83,49.90,62.32
41.27,41.27,44.49,44.07,56.22
44.72,44.72,44.89,34.11,61.88
47.97,47.97,46.86,42.24,56.77
47.64,47.64,45.45,41.82,55.41
42.07,42.07,40.95,36.69,55.83
41.10,41.10,39.87,34.23,61.90
32.10,32.10,44.30,34.35,60.77
34.82,34.82,54.94,33.35,71.66
24.22,24.22,46.34,27.41,75.40
23.76,23.76,41.30,28.17,70.37
26.92,26.92,45.08,29.09,71.44
30.91,30.91,44.00,31.86,71.09
35.05,35.05,47.70,31.38,69.85
28.36,28.36,47.19,30.33,69.28
29.67,29.67,50.20,34.85,71.64
30.30,30.30,49.28,30.48,69.79
31.88,31.88,50.98,39.69,69.81
30.34,30.34,52.49,39.36,70.19
34.44,34.44,51.59,46.89,66.14
30.30,30.30,52.31,41.19,68.34
32.92,32.92,52.65,40.02,67.73
30.14,30.14,48.67,34.03,65.25
34.15,34.15,52.18,41.71,68.58
34.71,34.71,50.38,42.66,67.47
36.89,36.89,54.44,37.09,67.42
34.14,34.14,52.27,46.45,65.12
30.90,30.90,49.97,41.93,63.49
31.45,31.45,50.15,35.90,63.59
32.28,32.28,52.24,37.71,64.66
31.44,31.44,52.74,40.97,65.78
33.48,33.48,51.81,38.32,65.69
30.72,30.72,50.71,34.29,65.31
30.90,30.90,49.37,32.83,64.50
30.76,30.76,52.13,27.75,63.80
31.74,31.74,54.63,31.08,65.92
33.70,33.70,52.85,32.23,65.30
32.19,32.19,50.56,35.25,62.19
31.84,31.84,51.02,30.45,62.86
31.47,31.47,52.58,35.76,66.24
32.24,32.24,51.07,33.47,63.07
33.69,33.69,50.87,35.24,63.96
41.26,41.26,50.77,32.91,64.63
40.62,40.62,46.44,30.72,63.81
36.25,36.25,43.90,25.46,63.52
25.62,25.62,38.84,32.59,62.90
24.50,24.50,33.73,31.07,68.51
20.69,20.69,30.36,35.89,76.92
21.17,21.17,29.43,39.47,78.51
25.31,25.31,26.36,38.67,76.72
25.26,25.26,24.88,34.22,77.41
26.41,26.41,28.07,29.01,77.39
28.85,28.85,28.10,40.76,73.56
25.92,25.92,28.12,37.79,75.10
26.36,26.36,27.36,46.27,70.88
28.27,28.27,29.41,41.23,71.99
29.65,29.65,30.45,42.30,72.36
28.30,28.30,29.41,43.72,72.45
30.02,30.02,28.65,46.64,69.89
30.74,30.74,28.12,43.63,70.95
32.16,32.16,28.00,39.35,69.47
31.96,31.96,30.54,43.84,69.22
31.05,31.05,28.55,39.15,70.63
31.39,31.39,28.62,48.60,65.29
31.05,31.05,30.49,45.70,62.01
29.96,29.96,32.83,47.33,68.90
32.68,32.68,34.50,41.67,70.23
36.24,36.24,42.63,42.22,69.90
31.38,31.38,39.75,41.56,63.66
32.61,32.61,38.35,38.02,67.26
34.50,34.50,39.54,41.61,70.79
33.22,33.22,36.83,39.96,64.36
33.58,33.58,37.08,38.90,70.25
32.60,32.60,40.52,39.92,64.73
34.06,34.06,44.24,42.08,64.08
34.76,34.76,42.57,41.94,68.89
35.07,35.07,46.44,37.12,64.97
32.46,32.46,46.64,45.33,67.34
32.36,32.36,44.89,51.48,66.01
33.89,33.89,47.40,46.51,66.24
32.28,32.28,49.58,50.80,65.29
32.75,32.75,45.94,44.07,65.02
33.31,33.31,46.28,43.44,70.27
36.09,36.09,49.59,43.21,62.70
34.08,34.08,45.60,37.44,57.22
35.48,35.48,46.32,47.40,63.20
34.36,34.36,49.73,48.94,60.40
39.57,39.57,49.45,43.87,66.02
36.09,36.09,45.43,33.92,62.93
35.94,35.94,44.43,33.08,63.28
35.89,35.89,47.84,40.04,62.43
36.85,36.85,48.65,41.12,64.22
37.86,37.86,48.13,33.41,63.70
36.54,36.54,51.39,38.03,62.53
37.15,37.15,47.54,30.09,62.50
38.51,38.51,50.92,36.96,62.48
38.02,38.02,48.37,33.53,62.84
41.19,41.19,50.83,36.93,59.76
39.42,39.42,47.29,32.21,60.99
38.87,38.87,47.59,34.05,61.03
41.11,41.11,50.22,35.87,62.46
37.33,37.33,44.70,34.36,62.55
37.96,37.96,48.14,33.56,63.98
37.58,37.58,46.77,37.00,62.59
40.52,40.52,49.60,37.15,63.16
38.52,38.52,46.66,37.82,62.75
36.08,36.08,39.57,35.35,62.53
26.76,26.76,33.23,34.48,63.73
22.89,22.89,29.97,38.58,66.75
20.25,20.25,26.45,41.11,76.74
23.35,23.35,21.91,40.87,77.62
24.12,24.12,25.06,34.59,77.81
22.86,22.86,24.48,32.57,77.71
21.84,21.84,23.66,39.39,75.45
24.37,24.37,23.17,32.51,74.80
28.09,28.09,26.09,32.78,73.57
29.43,29.43,26.56,35.42,73.80
29.15,29.15,31.33,42.01,72.34
30.23,30.23,32.73,35.20,69.91
31.53,31.53,33.17,37.26,70.85
33.59,33.59,32.65,38.89,68.64
34.16,34.16,31.86,34.77,69.65
36.04,36.04,33.66,33.88,67.67
37.12,37.12,37.17,38.16,66.59
38.95,38.95,37.41,33.96,64.09
39.26,39.26,40.15,37.87,63.94
37.88,37.88,40.54,38.65,63.05
34.18,34.18,37.94,33.17,61.10
32.87,32.87,37.85,35.24,60.35
38.34,38.34,41.91,40.03,63.88
36.86,36.86,40.22,36.27,66.93
35.72,35.72,42.42,36.04,65.65
35.06,35.06,41.72,35.51,65.70
36.04,36.04,44.99,39.05,65.91
38.01,38.01,44.79,35.57,64.90
36.52,36.52,47.76,40.58,66.18
34.25,34.25,44.97,38.92,62.49
34.56,34.56,45.61,35.49,63.24
34.48,34.48,46.29,36.77,61.22
33.91,33.91,43.86,32.75,59.30
35.64,35.64,49.08,38.91,61.64
32.96,32.96,47.52,39.80,59.11
37.09,37.09,43.98,34.04,60.40
41.81,41.81,51.74,41.06,60.68
42.53,42.53,46.79,37.26,59.82
42.57,42.57,48.43,36.76,60.38
35.46,35.46,48.07,41.01,60.14
25.35,25.35,49.64,40.10,59.69
23.29,23.29,54.35,45.52,62.03
27.85,27.85,51.20,47.15,61.09
34.78,34.78,49.90,48.43,63.37
39.83,39.83,49.59,42.82,64.02
42.68,42.68,49.20,41.77,61.38
42.80,42.80,46.83,38.84,61.04
43.70,43.70,44.76,40.62,60.71
41.11,41.11,45.57,39.33,59.85
37.08,37.08,48.45,40.54,59.77
23.63,23.63,48.58,36.32,60.48
26.51,26.51,57.37,40.49,60.17
22.48,22.48,48.46,44.96,61.41
29.89,29.89,45.20,46.78,58.41
37.68,37.68,44.50,44.57,59.90
42.13,42.13,45.41,45.45,59.58
42.85,42.85,44.27,41.38,60.69
44.30,44.30,45.29,37.37,58.86
42.02,42.02,40.93,40.88,59.33
36.44,36.44,41.55,36.89,61.17
24.31,24.31,41.86,29.76,60.24
23.58,23.58,50.47,30.03,67.69
20.01,20.01,40.88,28.40,64.96
24.11,24.11,34.40,30.15,61.87
26.32,26.32,31.64,25.61,63.21
28.67,28.67,30.29,24.42,62.80
29.60,29.60,32.72,24.14,62.77
28.92,28.92,33.25,25.17,61.24
29.27,29.27,33.04,28.78,62.31
30.40,30.40,34.61,28.52,63.20
28.92,28.92,35.81,28.26,62.30
29.57,29.57,37.73,23.04,63.01
26.86,26.86,35.69,27.90,62.07
26.31,26.31,35.87,27.51,60.45
26.56,26.56,36.22,27.24,63.92
28.96,28.96,36.66,26.05,60.82
29.43,29.43,36.57,28.25,62.98
30.10,30.10,36.75,25.57,60.91
28.04,28.04,36.56,28.75,61.48
28.15,28.15,39.47,34.49,62.34
26.52,26.52,41.79,32.35,62.19
29.12,29.12,45.24,38.06,65.36
29.59,29.59,43.84,34.57,63.47
30.04,30.04,43.27,37.92,62.49
33.63,33.63,43.84,36.55,61.59
32.28,32.28,45.62,36.95,62.15
32.11,32.11,46.87,34.62,60.31
29.85,29.85,46.18,36.48,57.99
30.82,30.82,47.70,38.19,65.25
29.51,29.51,47.29,37.39,63.35
29.14,29.14,48.36,38.78,61.23
29.85,29.85,54.77,39.95,65.47
32.10,32.10,48.47,37.87,62.38
31.14,31.14,44.02,35.64,58.43
33.35,33.35,49.81,39.08,62.27
31.98,31.98,47.71,38.74,64.28
32.93,32.93,44.87,35.34,62.81
33.45,33.45,45.50,31.05,61.77
33.26,33.26,45.57,37.17,62.29
31.67,31.67,46.61,40.57,60.96
30.06,30.06,41.51,39.74,57.94
30.58,30.58,41.82,41.28,71.97
30.78,30.78,39.88,41.14,74.49
29.37,29.37,41.05,38.92,74.89
31.50,31.50,41.75,35.74,75.41
33.10,33.10,46.20,36.56,74.69
33.37,33.37,42.82,38.66,75.41
33.96,33.96,42.96,35.56,76.03
33.87,33.87,46.27,35.79,75.32
34.14,34.14,48.46,38.87,75.79
34.82,34.82,47.86,38.22,76.63
33.89,33.89,48.50,40.72,75.22
33.78,33.78,46.10,40.31,73.98
31.06,31.06,49.78,39.04,59.71
30.62,30.62,49.64,41.87,57.63
34.54,34.54,48.44,34.74,55.99
37.59,37.59,46.12,36.66,55.03
39.09,39.09,47.08,37.98,58.58
36.83,36.83,48.52,41.19,56.83
29.81,29.81,41.93,34.58,59.90
23.69,23.69,40.83,32.90,57.81
27.48,27.48,46.86,35.40,68.53
23.71,23.71,43.51,40.39,62.44
25.30,25.30,42.82,44.96,60.88
28.17,28.17,37.83,37.92,57.98
30.60,30.60,36.38,38.90,58.01
36.45,36.45,38.77,42.71,56.26
36.62,36.62,39.34,41.87,55.11
35.95,35.95,37.70,36.01,55.73
31.86,31.86,40.06,34.69,54.25
26.43,26.43,43.51,33.76,55.20
28.70,28.70,56.15,37.67,63.87
27.15,27.15,51.25,42.89,61.97
29.84,29.84,50.57,48.08,56.57
37.28,37.28,46.19,51.00,54.22
41.51,41.51,44.42,45.33,50.57
45.79,45.79,42.10,44.21,54.46
44.53,44.53,41.48,51.16,53.45
40.15,40.15,42.02,47.42,52.42
30.54,30.54,40.98,39.88,50.96
21.85,21.85,46.18,37.76,53.80
26.76,26.76,63.91,39.66,66.97
25.72,25.72,51.70,42.16,66.18
30.80,30.80,47.44,39.44,67.71
33.06,33.06,42.90,44.22,66.66
30.68,30.68,39.65,41.86,65.12
33.09,33.09,38.70,43.98,66.14
33.09,33.09,38.94,43.70,65.65
31.87,31.87,38.91,39.66,63.41
29.44,29.44,42.12,45.98,63.74
29.43,29.43,41.89,37.72,63.89
31.64,31.64,46.10,44.21,64.51
26.22,26.22,39.75,40.29,62.35
28.66,28.66,38.30,39.86,62.57
32.60,32.60,37.03,44.61,62.84
35.40,35.40,36.56,40.72,60.50
38.80,38.80,36.95,46.12,60.21
35.76,35.76,34.04,46.48,61.69
33.48,33.48,34.84,41.95,59.44
34.24,34.24,42.90,44.56,62.67
36.56,36.56,46.77,39.21,66.86
30.45,30.45,37.64,45.59,72.09
26.33,26.33,31.98,36.73,73.25
28.00,28.00,34.53,45.13,71.83
27.77,27.77,31.94,42.95,72.93
31.21,31.21,32.40,38.00,72.51
28.76,28.76,38.16,48.79,72.57
31.28,31.28,32.77,39.64,72.27
29.69,29.69,39.14,48.99,72.58
29.77,29.77,35.22,42.30,72.56
29.74,29.74,37.84,46.20,72.47
27.53,27.53,37.44,46.52,72.86
27.86,27.86,37.48,40.82,68.30
28.13,28.13,37.15,47.72,62.62
33.41,33.41,37.69,48.11,63.21
35.19,35.19,37.77,41.84,60.91
39.34,39.34,43.65,50.87,60.28
38.89,38.89,42.69,39.38,59.80
41.03,41.03,46.49,46.40,59.69
31.04,31.04,43.99,46.57,58.67
21.04,21.04,33.43,41.82,56.85
26.79,26.79,32.72,42.83,62.45
16.84,16.84,26.87,46.43,63.08
19.58,19.58,26.65,41.13,61.27
22.68,22.68,27.55,37.90,61.43
22.75,22.75,26.38,36.34,60.82
25.20,25.20,29.59,36.88,58.93
28.56,28.56,27.89,42.03,58.75
30.77,30.77,34.19,41.55,59.29
34.74,34.74,38.59,41.77,58.04
35.87,35.87,49.64,41.65,57.60
43.41,43.41,55.45,45.30,61.36
46.56,46.56,55.48,45.68,66.84
55.21,55.21,56.21,45.01,70.31
59.52,59.52,49.83,46.25,70.43
54.35,54.35,42.06,43.33,67.24
56.93,56.93,42.67,38.86,68.50
55.11,55.11,50.89,40.45,65.70
51.80,51.80,52.76,40.33,63.79
51.10,51.10,51.85,39.35,62.75
35.16,35.16,53.96,37.98,61.35
29.52,29.52,56.03,41.54,63.28
42.04,42.04,51.21,48.00,61.61
49.12,49.12,54.70,45.67,61.70
48.96,48.96,48.64,43.42,59.26
50.95,50.95,48.04,43.34,56.49
50.87,50.87,44.02,42.91,54.08
49.63,49.63,44.58,46.39,48.82
46.95,46.95,43.02,44.88,46.02
42.61,42.61,42.61,44.64,49.20
30.27,30.27,44.66,33.23,50.33
33.16,33.16,52.83,41.63,60.42
33.34,33.34,44.60,45.54,59.15
44.30,44.30,44.66,52.39,53.06
46.52,46.52,41.81,48.98,45.76
48.10,48.10,41.89,41.25,43.18
48.50,48.50,44.37,48.05,39.39
47.37,47.37,41.23,45.59,38.24
49.34,49.34,42.31,42.37,42.35
44.95,44.95,46.38,43.43,49.22
39.89,39.89,59.63,47.64,61.89
41.59,41.59,64.35,46.33,69.03
43.02,43.02,61.13,37.04,66.50
46.59,46.59,57.95,36.65,62.54
47.00,47.00,65.55,43.88,60.29
45.55,45.55,62.05,40.36,57.96
45.34,45.34,66.79,32.02,57.20
47.50,47.50,61.38,37.17,56.37
48.94,48.94,56.98,44.57,56.26
47.80,47.80,65.41,44.27,56.98
47.51,47.51,64.81,43.08,55.48
53.65,53.65,62.08,45.65,51.28
52.95,52.95,61.06,41.17,41.50
54.30,54.30,53.07,34.58,42.69
58.32,58.32,48.12,31.80,42.68
60.79,60.79,44.14,30.58,34.25
61.15,61.15,36.88,27.25,27.98
62.79,62.79,37.68,22.78,24.07
62.54,62.54,40.62,21.24,24.24
64.65,64.65,44.22,19.62,26.12
65.03,65.03,53.07,18.28,30.13
45.73,45.73,40.81,16.63,32.59
37.73,37.73,30.60,17.77,33.15
36.31,36.31,26.56,16.91,31.99
36.18,36.18,26.72,16.86,31.25
34.81,34.81,25.50,15.30,30.32
33.40,33.40,23.01,13.06,27.60
33.31,33.31,22.40,12.37,23.71
32.88,32.88,22.45,11.94,21.64
31.33,31.33,23.07,16.05,20.77
29.41,29.41,23.60,16.03,21.85
24.58,24.58,23.36,12.97,20.53
24.18,24.18,25.83,14.61,20.75
24.92,24.92,25.39,13.01,23.03
25.60,25.60,26.58,12.75,23.96
25.92,25.92,26.34,11.57,23.70
30.99,30.99,25.29,13.48,21.73
40.89,40.89,27.25,14.30,17.88
47.71,47.71,28.76,17.07,24.98
56.64,56.64,30.83,26.79,38.48
62.33,62.33,28.03,23.91,50.88
66.86,66.86,25.76,32.86,64.06
68.06,68.06,22.73,36.55,75.66
69.63,69.63,21.03,32.04,75.89
71.30,71.30,19.79,28.76,76.96
68.71,68.71,21.25,28.14,75.38
70.06,70.06,28.88,35.27,75.11
69.75,69.75,27.02,27.42,75.23
66.65,66.65,29.75,35.12,76.03
67.56,67.56,30.11,26.99,74.94
65.96,65.96,28.38,32.80,74.72
65.21,65.21,35.33,41.09,73.32
65.56,65.56,34.73,41.25,72.71
62.60,62.60,31.90,37.99,69.99
62.10,62.10,29.41,30.32,67.62
60.75,60.75,31.83,33.50,66.18
60.23,60.23,36.38,37.89,64.22
57.26,57.26,36.88,35.69,63.15
56.72,56.72,32.68,32.25,62.30
58.71,58.71,31.21,41.26,62.13
57.82,57.82,35.09,38.86,61.31
60.75,60.75,33.12,38.05,60.41
65.59,65.59,31.47,28.28,59.25
69.03,69.03,32.13,28.94,57.69
68.39,68.39,30.57,38.40,53.85
71.18,71.18,29.43,41.30,55.12
72.45,72.45,29.36,33.24,57.40
72.91,72.91,27.99,31.16,58.46
71.96,71.96,36.83,39.88,57.26
71.41,71.41,39.29,34.89,56.23
70.09,70.09,37.25,28.57,54.40
69.68,69.68,39.91,24.27,54.22
69.21,69.21,41.75,27.63,53.94
70.22,70.22,38.42,25.15,54.59
70.76,70.76,42.74,25.65,56.35
71.94,71.94,42.53,27.00,55.51
73.26,73.26,43.05,25.88,52.22
73.09,73.09,39.87,26.32,44.07
65.83,65.83,40.04,17.42,42.57
56.56,56.56,40.65,26.65,41.58
57.81,57.81,41.21,26.98,40.19
57.97,57.97,40.16,27.81,37.18
66.40,66.40,34.09,21.02,38.13
73.99,73.99,37.38,24.86,45.25
75.89,75.89,38.25,23.96,48.42
75.11,75.11,37.98,28.52,48.91
74.91,74.91,31.54,24.11,48.49
74.66,74.66,40.61,26.56,50.89
74.76,74.76,40.18,24.22,46.54
75.19,75.19,34.51,24.72,41.77
74.45,74.45,38.19,24.12,39.04
74.48,74.48,41.66,25.95,43.88
74.08,74.08,43.02,22.99,42.87
74.12,74.12,41.66,23.50,43.41
73.61,73.61,45.16,22.87,42.20
73.29,73.29,44.19,25.54,44.18
72.48,72.48,42.68,17.68,43.66
68.93,68.93,42.89,18.20,45.36
69.76,69.76,37.08,18.94,46.58
70.58,70.58,23.79,10.61,52.15
71.96,71.96,28.69,11.23,66.46
71.63,71.63,29.10,5.09,77.11
73.33,73.33,27.24,6.56,78.20
75.59,75.59,23.55,19.81,77.78
74.65,74.65,18.69,23.56,78.65
77.17,77.17,16.04,17.96,77.81
76.40,76.40,20.76,22.03,76.35
78.36,78.36,25.63,26.61,75.84
77.78,77.78,27.65,26.80,74.97
78.09,78.09,27.55,16.61,75.05
72.47,72.47,24.90,23.28,75.59
70.35,70.35,24.58,19.47,73.36
74.85,74.85,26.95,24.42,69.61
76.92,76.92,26.67,30.12,70.85
74.99,74.99,20.74,24.74,69.09
73.28,73.28,15.74,19.99,66.27
71.26,71.26,11.61,19.75,67.60
72.73,72.73,18.65,22.06,67.20
72.80,72.80,23.02,29.00,62.91
72.78,72.78,22.69,31.27,60.07
72.47,72.47,18.90,25.03,60.94
72.65,72.65,19.60,26.22,61.24
73.42,73.42,29.04,29.95,59.72
73.63,73.63,27.58,28.52,57.62
72.54,72.54,26.94,30.29,59.31
71.52,71.52,24.52,27.33,60.26
68.92,68.92,22.59,22.76,59.98
68.95,68.95,26.31,23.58,59.32
69.61,69.61,29.50,25.19,57.89
74.06,74.06,31.31,24.70,57.71
70.64,70.64,31.39,26.84,57.47
65.62,65.62,33.51,24.73,57.22
63.80,63.80,33.07,23.18,57.23
68.40,68.40,27.01,29.38,56.78
70.23,70.23,28.61,30.45,55.21
70.46,70.46,33.85,28.57,54.23
69.88,69.88,34.41,25.09,53.87
70.26,70.26,39.75,26.01,53.54
69.76,69.76,42.71,23.53,52.14
68.64,68.64,44.59,25.20,50.93
68.97,68.97,44.95,23.65,51.41
70.53,70.53,41.37,19.92,49.91
70.30,70.30,38.03,25.93,49.36
68.95,68.95,43.95,24.65,48.22
69.79,69.79,42.14,21.97,47.38
69.77,69.77,36.23,23.99,44.98
69.46,69.46,40.09,21.48,43.70
69.91,69.91,39.07,25.52,41.56
69.66,69.66,40.89,33.03,43.48
69.63,69.63,43.20,33.03,42.11
65.74,65.74,37.64,25.43,39.70
62.89,62.89,30.03,22.37,41.92
61.72,61.72,35.17,27.89,42.45
71.78,71.78,32.50,24.04,40.39
68.64,68.64,34.69,24.24,40.53
68.80,68.80,43.59,28.24,38.89
68.90,68.90,48.38,24.50,37.95
68.33,68.33,42.84,25.20,37.94
69.84,69.84,38.57,28.53,41.65
70.58,70.58,43.52,27.73,39.33
69.34,69.34,45.56,23.45,38.45
69.45,69.45,38.09,21.70,39.92
69.40,69.40,39.99,25.88,35.90
68.48,68.48,44.87,20.96,37.10
68.96,68.96,39.51,21.43,40.26
69.89,69.89,38.65,19.17,39.03
69.18,69.18,37.61,23.14,38.99
69.31,69.31,38.81,26.76,37.51
70.71,70.71,40.28,20.11,39.71
69.11,69.11,42.53,21.92,39.72
68.85,68.85,43.60,24.34,40.64
70.44,70.44,46.29,23.98,40.62
70.34,70.34,37.43,19.25,38.84
69.24,69.24,36.82,21.44,38.78
70.33,70.33,48.90,23.79,37.13
68.51,68.51,44.26,24.25,37.08
69.07,69.07,43.76,22.89,37.81
71.69,71.69,40.35,17.03,37.35
73.60,73.60,44.58,22.00,37.05
73.26,73.26,37.22,19.05,38.61
72.81,72.81,39.86,21.11,43.04
73.04,73.04,37.34,29.02,43.61
72.07,72.07,40.32,30.91,44.30
71.61,71.61,42.91,37.92,44.93
71.88,71.88,39.46,33.45,41.77
71.92,71.92,36.65,27.13,39.79
72.78,72.78,43.20,30.93,36.79
72.00,72.00,46.77,32.65,36.53
71.35,71.35,43.35,27.62,35.59
72.51,72.51,40.72,25.68,36.05
72.48,72.48,39.50,28.04,35.97
72.15,72.15,48.50,26.49,35.97
70.89,70.89,44.54,21.93,34.67
70.89,70.89,44.37,24.84,36.66
72.03,72.03,47.63,28.32,35.52
71.84,71.84,48.60,30.50,37.26
70.22,70.22,40.51,28.85,40.61
68.68,68.68,32.47,26.14,46.22
71.45,71.45,28.74,19.67,55.42
73.57,73.57,28.91,6.75,70.66
72.60,72.60,29.66,5.78,72.39
72.63,72.63,28.21,9.18,75.99
71.98,71.98,27.98,20.30,75.03
73.71,73.71,30.69,25.92,75.36
74.72,74.72,31.10,27.44,75.64
72.93,72.93,30.23,26.97,73.41
74.07,74.07,33.69,32.28,72.41
74.32,74.32,34.43,31.95,73.02
73.74,73.74,34.55,29.31,72.24
74.70,74.70,35.97,34.67,71.48
73.85,73.85,33.46,31.33,70.88
73.29,73.29,25.68,26.81,65.13
73.21,73.21,30.41,29.97,61.48
72.60,72.60,35.02,32.23,61.25
72.81,72.81,31.21,24.27,59.49
72.14,72.14,28.37,27.57,59.94
71.73,71.73,29.20,26.31,59.34
67.69,67.69,31.15,34.90,59.82
65.55,65.55,26.24,24.95,58.88
71.69,71.69,25.90,31.43,59.57
74.29,74.29,28.14,36.46,57.96
70.85,70.85,30.55,38.74,60.23
70.36,70.36,27.25,38.93,59.63
70.61,70.61,28.70,41.84,59.80
71.64,71.64,31.10,42.38,60.47
70.83,70.83,24.88,36.87,58.20
72.04,72.04,38.62,30.67,57.10
71.71,71.71,41.32,38.06,57.22
71.11,71.11,36.84,35.91,56.35
72.35,72.35,27.17,32.97,57.09
71.66,71.66,24.05,37.94,54.87
72.03,72.03,36.69,37.21,55.98
71.46,71.46,36.19,37.49,54.66
70.46,70.46,37.54,34.93,54.14
72.22,72.22,38.48,34.52,55.40
70.04,70.04,42.77,38.22,54.58
70.85,70.85,39.48,31.62,53.70
71.65,71.65,41.35,34.76,51.98
71.28,71.28,39.88,29.09,49.38
71.63,71.63,39.56,30.45,48.52
71.00,71.00,41.66,31.82,48.72
70.98,70.98,42.21,32.93,49.12
68.57,68.57,49.05,36.22,47.41
65.26,65.26,46.26,35.86,46.44
52.74,52.74,42.59,34.37,43.53
50.70,50.70,49.53,41.41,42.05
53.66,53.66,47.30,35.44,45.11
52.08,52.08,46.79,38.00,45.72
53.89,53.89,48.53,37.28,44.25
65.83,65.83,47.77,36.93,41.83
65.36,65.36,44.51,33.32,44.02
62.07,62.07,44.25,30.30,43.99
74.99,74.99,44.86,27.09,42.39
75.37,75.37,41.16,27.90,45.61
73.33,73.33,40.37,33.39,44.58
72.84,72.84,37.90,30.94,41.55
72.48,72.48,42.25,31.59,42.43
71.76,71.76,41.88,28.16,43.90
71.89,71.89,37.53,24.73,49.40
71.32,71.32,30.48,20.48,52.06
71.67,71.67,30.06,16.31,63.98
72.98,72.98,31.87,16.04,72.87
76.33,76.33,32.10,17.65,74.99
71.59,71.59,31.69,21.42,76.02
70.06,70.06,31.46,19.67,75.36
69.79,69.79,32.58,24.47,74.48
71.53,71.53,33.77,27.13,74.84
70.67,70.67,34.68,27.56,75.58
69.99,69.99,32.49,29.22,74.30
70.55,70.55,28.78,26.36,74.63
70.09,70.09,31.42,27.11,71.23
77.97,77.97,33.01,30.58,69.25
80.48,80.48,30.39,28.55,69.57
78.04,78.04,32.43,31.81,66.36
78.42,78.42,33.44,31.90,66.61
77.71,77.71,33.94,38.17,64.41
78.67,78.67,37.32,39.29,62.00
76.82,76.82,38.26,39.84,61.99
78.44,78.44,32.90,33.89,61.07
78.28,78.28,38.37,36.72,62.36
77.85,77.85,40.79,35.18,62.64
77.88,77.88,45.38,34.90,62.73
79.11,79.11,43.33,37.45,58.81
76.93,76.93,43.11,38.55,53.91
69.51,69.51,45.83,36.12,49.76
65.02,65.02,46.93,32.63,48.42
65.16,65.16,46.12,35.90,48.63
62.36,62.36,48.12,37.48,44.98
63.62,63.62,46.00,36.30,44.15
65.17,65.17,49.56,41.65,45.50
75.00,75.00,48.50,40.88,47.56
75.51,75.51,45.28,38.36,48.21
75.45,75.45,45.20,34.57,47.21
76.76,76.76,44.89,35.71,46.46
76.33,76.33,46.55,31.04,50.78
75.72,75.72,46.50,32.41,49.04
75.29,75.29,46.00,32.89,46.47
75.85,75.85,41.54,36.66,44.20
77.81,77.81,43.00,33.53,39.64
78.12,78.12,48.34,37.61,41.84
75.31,75.31,50.11,37.40,41.97
66.68,66.68,42.42,35.65,41.37
64.02,64.02,45.67,34.34,38.76
63.40,63.40,44.04,34.86,41.08
62.85,62.85,49.53,40.66,44.77
62.15,62.15,47.20,35.44,44.44
61.16,61.16,47.32,38.87,41.45
60.20,60.20,50.72,35.88,37.20
61.09,61.09,44.49,34.31,37.16
64.47,64.47,39.91,35.91,39.65
62.76,62.76,47.74,32.38,39.53
70.98,70.98,48.17,32.53,41.13
73.83,73.83,42.02,29.83,39.86
73.18,73.18,39.16,27.17,40.80
74.20,74.20,44.29,30.72,44.09
73.73,73.73,43.99,29.37,42.98
74.16,74.16,43.42,27.20,46.16
74.16,74.16,43.70,26.32,49.70
73.84,73.84,45.25,30.89,47.52
73.51,73.51,36.42,24.24,49.91
72.90,72.90,33.85,23.95,57.62
74.02,74.02,41.74,27.92,70.70
74.36,74.36,34.10,18.94,75.27
74.80,74.80,30.69,18.17,74.06
74.92,74.92,30.55,19.73,72.76
75.04,75.04,34.31,25.88,71.96
74.93,74.93,33.82,27.96,67.59
74.32,74.32,29.79,30.47,69.46
75.03,75.03,35.26,31.62,69.31
74.69,74.69,39.54,32.18,69.93
74.26,74.26,35.85,31.43,68.17
74.73,74.73,33.87,23.93,66.97
72.82,72.82,35.45,20.13,67.81
74.54,74.54,33.09,25.70,68.00
74.79,74.79,28.82,27.09,67.06
73.99,73.99,33.16,26.39,63.88
73.11,73.11,33.12,22.24,62.96
72.59,72.59,28.92,30.77,67.59
73.80,73.80,30.82,28.25,66.01
73.10,73.10,34.62,28.58,66.85
73.43,73.43,33.22,29.68,66.81
71.86,71.86,36.13,32.95,66.09
71.97,71.97,42.43,35.32,66.77
71.49,71.49,36.84,26.68,64.41
72.91,72.91,41.68,27.54,64.50
72.10,72.10,42.50,33.25,64.11
71.89,71.89,41.01,31.30,63.69
72.53,72.53,40.98,33.81,63.91
72.83,72.83,44.93,33.60,65.87
72.19,72.19,41.41,28.70,63.73
70.96,70.96,44.41,32.57,63.49
70.55,70.55,41.73,35.75,63.67
70.38,70.38,43.14,34.31,62.02
72.00,72.00,37.22,34.05,61.92
71.51,71.51,47.99,38.87,63.22
72.83,72.83,43.42,32.28,63.06
72.32,72.32,44.62,31.74,62.89
70.42,70.42,40.05,29.16,62.39
69.65,69.65,42.75,30.36,60.82
68.19,68.19,39.07,30.16,61.20
68.50,68.50,30.53,23.25,65.22
72.04,72.04,32.91,23.39,69.66
72.48,72.48,31.46,24.03,74.53
71.20,71.20,25.98,25.11,75.45
67.62,67.62,32.85,22.98,74.89
69.02,69.02,31.93,27.49,73.52
69.25,69.25,35.48,27.56,73.02
67.11,67.11,27.83,24.67,71.17
67.98,67.98,33.42,31.07,70.99
68.33,68.33,23.62,25.43,71.45
67.01,67.01,27.13,27.79,68.48
64.34,64.34,29.95,27.49,67.19
62.54,62.54,28.20,29.03,65.79
62.64,62.64,26.79,26.50,64.46
61.30,61.30,28.60,31.10,60.63
62.13,62.13,29.38,29.15,61.73
59.99,59.99,29.97,29.37,58.21
58.69,58.69,31.92,29.19,58.11
57.42,57.42,29.30,26.33,55.28
58.20,58.20,36.40,31.07,55.20
65.59,65.59,35.81,32.05,55.90
75.06,75.06,35.26,30.60,54.56
74.91,74.91,28.71,29.01,53.19
75.17,75.17,34.42,26.88,50.54
73.77,73.77,37.16,27.44,48.86
72.19,72.19,40.24,25.79,50.70
63.20,63.20,41.26,27.35,49.81
56.75,56.75,43.20,32.92,49.72
56.10,56.10,40.85,33.17,49.62
57.33,57.33,34.48,35.71,49.37
63.47,63.47,34.47,21.15,49.23
65.80,65.80,30.75,27.90,51.45
76.51,76.51,32.71,27.00,47.44
76.22,76.22,35.16,30.10,45.78
75.25,75.25,36.36,29.52,45.37
75.43,75.43,35.74,26.57,43.97
75.73,75.73,40.90,25.66,44.23
75.02,75.02,46.40,30.40,44.30
75.14,75.14,45.85,26.63,45.26
75.31,75.31,41.56,33.19,45.82
75.25,75.25,38.27,27.38,46.23
74.45,74.45,40.98,26.04,44.53
73.69,73.69,41.23,30.07,43.31
57.22,57.22,36.61,28.03,45.68
55.62,55.62,41.76,33.94,42.91
54.64,54.64,43.85,32.54,44.89
58.73,58.73,43.85,39.14,44.16
56.79,56.79,43.97,35.06,42.31
54.80,54.80,44.49,37.81,40.83
52.44,52.44,34.67,33.54,34.35
53.09,53.09,40.77,32.61,31.62
55.53,55.53,36.39,30.77,37.97
75.86,75.86,44.37,29.21,41.70
77.72,77.72,38.65,27.37,41.22
78.15,78.15,41.85,23.15,40.00
79.74,79.74,40.93,29.65,38.71
79.48,79.48,43.49,23.23,41.50
79.26,79.26,42.68,27.60,46.41
78.17,78.17,42.29,18.19,47.11
75.65,75.65,32.47,17.52,51.37
67.81,67.81,25.38,12.70,66.28
70.16,70.16,34.92,12.93,74.75
71.06,71.06,36.13,13.75,77.56
68.62,68.62,27.89,20.01,75.38
68.26,68.26,25.62,21.30,76.45
68.32,68.32,31.52,20.45,74.20
67.04,67.04,32.87,21.52,75.51
66.60,66.60,26.07,29.02,74.28
66.33,66.33,29.32,24.78,72.99
69.73,69.73,27.60,28.14,72.92
70.21,70.21,19.96,27.82,72.13
69.05,69.05,23.10,26.96,68.75
73.16,73.16,29.63,30.48,65.54
77.30,77.30,27.92,36.16,63.63
78.90,78.90,27.23,31.38,60.79
80.48,80.48,25.49,26.03,58.43
80.49,80.49,27.40,27.63,58.42
78.24,78.24,28.93,31.40,57.55
77.91,77.91,28.05,33.23,55.54
78.03,78.03,29.20,32.06,56.17
78.83,78.83,29.05,31.81,54.81
78.92,78.92,29.66,33.36,54.49
78.58,78.58,28.72,33.97,53.82
69.15,69.15,38.20,36.18,55.43
58.80,58.80,36.88,39.16,57.24
57.47,57.47,41.60,39.12,58.75
57.98,57.98,42.64,34.06,60.22
57.57,57.57,42.81,37.38,60.82
57.57,57.57,42.32,32.41,60.22
57.39,57.39,40.13,36.16,58.95
58.74,58.74,42.56,39.05,57.48
61.86,61.86,36.32,34.04,56.40
72.68,72.68,34.14,30.55,57.13
73.37,73.37,38.68,30.28,55.32
71.93,71.93,36.44,32.86,55.38
70.55,70.55,37.61,28.35,56.55
70.59,70.59,37.80,28.68,55.39
69.95,69.95,43.08,33.79,54.80
70.14,70.14,38.13,30.05,52.67
71.01,71.01,44.35,30.36,54.20
70.26,70.26,46.36,30.21,53.87
70.92,70.92,45.79,25.29,54.66
70.95,70.95,43.39,24.11,53.83
71.68,71.68,41.04,24.16,54.39
71.98,71.98,41.80,28.11,53.38
72.03,72.03,40.91,26.11,51.25
69.66,69.66,44.29,23.07,49.68
56.99,56.99,47.90,25.68,47.30
51.21,51.21,46.69,30.64,45.82
51.29,51.29,42.67,40.75,45.30
52.68,52.68,40.17,30.47,46.38
51.59,51.59,46.46,28.49,45.89
71.19,71.19,39.69,25.06,45.55
75.16,75.16,41.03,27.05,43.56
72.65,72.65,39.92,28.91,44.01
69.74,69.74,43.75,27.80,43.09
68.47,68.47,46.85,34.81,44.49
68.35,68.35,46.52,32.13,42.16
67.75,67.75,44.29,27.37,39.66
69.46,69.46,47.16,26.05,44.03
70.58,70.58,48.67,32.19,46.80
70.37,70.37,43.27,34.14,45.47
70.75,70.75,45.61,29.14,44.79
70.31,70.31,40.76,26.40,43.91
71.16,71.16,34.64,24.94,45.05
69.95,69.95,43.07,25.12,44.04
70.31,70.31,40.13,25.36,43.76
70.20,70.20,42.02,26.61,43.26
68.48,68.48,43.76,27.70,43.27
68.88,68.88,43.16,29.34,41.62
68.99,68.99,35.26,28.39,40.56
68.48,68.48,45.16,33.43,44.39
68.45,68.45,44.75,28.92,40.25
69.17,69.17,43.75,26.02,40.91
66.87,66.87,34.84,19.93,40.29
59.24,59.24,42.04,28.30,37.54
48.76,48.76,41.92,28.63,37.27
46.09,46.09,42.05,29.87,35.91
46.19,46.19,47.26,27.97,29.15
46.86,46.86,45.61,32.92,31.79
49.19,49.19,46.58,33.40,33.92
50.41,50.41,44.81,30.20,33.11
50.68,50.68,45.51,34.94,30.16
49.37,49.37,40.71,30.37,31.99
54.42,54.42,38.15,29.37,35.71
68.88,68.88,31.66,29.01,36.32
70.59,70.59,36.37,27.55,41.40
68.14,68.14,33.44,25.37,33.70
67.56,67.56,36.88,31.21,34.90
68.35,68.35,37.15,29.50,31.01
68.56,68.56,40.52,34.62,29.30
68.71,68.71,44.79,33.27,28.59
68.34,68.34,43.50,30.80,30.85
68.35,68.35,45.39,30.30,30.07
67.38,67.38,39.86,23.35,31.08
66.41,66.41,41.24,22.74,31.81
67.76,67.76,43.23,24.52,31.84
66.86,66.86,41.83,20.31,30.71
68.43,68.43,37.83,17.95,30.89
69.22,69.22,35.40,17.99,27.56
70.51,70.51,33.24,14.46,29.06
71.65,71.65,34.83,12.26,31.14
71.27,71.27,35.59,11.18,31.54
71.86,71.86,34.92,12.28,33.57
71.63,71.63,34.69,11.37,32.77
70.45,70.45,34.20,12.42,29.14
69.68,69.68,34.81,10.53,30.93
70.03,70.03,35.17,10.22,28.93
70.83,70.83,34.00,11.17,27.01
71.74,71.74,34.96,9.71,25.53
71.90,71.90,36.02,10.84,24.81
69.23,69.23,36.55,17.85,24.78
54.98,54.98,40.85,22.64,17.41
41.88,41.88,34.15,17.24,15.95
31.55,31.55,30.97,14.46,16.04
27.88,27.88,30.96,12.37,17.56
32.10,32.10,27.70,14.72,16.99
31.03,31.03,27.29,13.23,16.10
32.47,32.47,25.01,14.65,14.32
32.69,32.69,25.07,15.11,11.89
33.32,33.32,23.01,15.36,15.34
50.73,50.73,29.31,28.46,27.42
74.04,74.04,27.44,27.25,33.99
74.45,74.45,24.76,20.04,29.81
73.57,73.57,30.71,21.99,27.09
74.49,74.49,29.29,17.49,25.89
72.82,72.82,26.97,15.24,25.93
72.72,72.72,28.10,16.94,23.47
72.40,72.40,31.21,16.30,21.82
73.14,73.14,27.34,12.35,21.79
73.55,73.55,21.90,10.69,22.26
73.18,73.18,27.46,16.72,22.11
72.54,72.54,29.05,13.21,23.68
71.91,71.91,28.30,13.46,23.43
71.04,71.04,34.46,16.64,23.18
68.61,68.61,28.26,14.91,20.17
68.40,68.40,32.17,16.42,20.61
65.98,65.98,31.80,15.39,18.02
66.77,66.77,25.60,14.62,17.37
67.32,67.32,23.99,15.19,14.66
68.12,68.12,22.99,11.95,14.32
69.74,69.74,29.78,12.35,16.36
70.78,70.78,31.25,12.29,18.74
70.48,70.48,24.78,11.37,20.95
69.84,69.84,24.22,13.17,21.10
69.88,69.88,36.57,16.71,25.09
70.22,70.22,35.37,14.21,24.06
69.03,69.03,32.37,12.85,22.15
68.82,68.82,38.90,18.86,20.73
65.61,65.61,32.25,18.29,21.18
52.48,52.48,41.80,23.61,20.91
41.41,41.41,37.34,19.36,22.28
31.62,31.62,30.22,19.15,20.24
28.20,28.20,31.16,17.44,17.99
30.24,30.24,29.51,15.50,15.87
31.58,31.58,27.59,14.50,12.83
31.81,31.81,30.44,17.07,6.74
33.86,33.86,28.28,11.44,9.94
43.01,43.01,36.56,18.23,18.14
53.80,53.80,33.22,17.65,22.92
66.40,66.40,34.53,24.89,27.66
71.53,71.53,33.47,18.96,28.62
71.36,71.36,32.03,19.55,30.33
70.35,70.35,30.19,19.75,29.68
70.96,70.96,33.32,18.59,31.99
70.72,70.72,32.35,20.06,30.86
70.47,70.47,28.27,17.17,28.10
70.36,70.36,27.52,14.56,26.52
70.82,70.82,27.35,12.18,25.77
70.86,70.86,26.88,14.12,25.53
70.89,70.89,32.04,15.77,26.13
70.58,70.58,27.81,12.89,24.11
70.12,70.12,25.98,10.42,23.39
69.74,69.74,31.79,14.11,24.46
69.78,69.78,30.89,16.18,24.17
69.37,69.37,29.18,13.12,23.94
69.08,69.08,30.91,15.11,23.64
69.01,69.01,27.53,12.76,23.26
69.66,69.66,29.23,12.63,24.82
68.85,68.85,28.95,16.45,23.72
69.22,69.22,34.41,17.09,25.28
68.65,68.65,33.86,15.23,26.15
68.88,68.88,33.16,15.07,24.98
68.39,68.39,32.37,12.77,24.62
68.53,68.53,33.31,16.11,24.53
67.93,67.93,32.97,14.35,24.76
68.04,68.04,32.40,14.03,24.32
67.87,67.87,35.29,14.41,24.03
67.40,67.40,35.89,13.47,24.94
67.27,67.27,36.84,14.29,25.77
66.23,66.23,35.46,12.03,23.95
66.38,66.38,35.39,10.76,23.52
66.11,66.11,34.59,10.77,23.28
66.25,66.25,36.04,13.82,24.29
65.83,65.83,36.45,11.48,25.41
65.77,65.77,37.38,12.16,25.11
65.59,65.59,37.22,11.05,24.68
65.78,65.78,36.38,11.24,23.42
65.75,65.75,37.61,11.33,22.60
64.36,64.36,38.14,12.21,23.59
63.82,63.82,38.98,9.60,23.56
63.69,63.69,39.42,11.92,23.96
64.06,64.06,38.45,15.86,25.68
63.88,63.88,39.33,14.13,26.29
64.23,64.23,38.27,15.17,24.75
61.32,61.32,40.22,22.01,22.18
56.65,56.65,40.98,20.21,21.22
48.40,48.40,41.06,20.51,18.70
42.18,42.18,38.80,18.56,19.14
36.68,36.68,35.83,15.85,19.22
34.24,34.24,30.83,8.31,15.41
29.93,29.93,15.95,5.14,7.67
28.98,28.98,9.49,2.65,4.36
28.13,28.13,9.75,2.71,3.21
26.56,26.56,11.78,3.82,4.21
25.18,25.18,13.92,5.09,5.98
23.65,23.65,16.08,5.77,7.17
22.98,22.98,16.66,6.45,8.01
22.36,22.36,16.91,6.59,8.50
20.61,20.61,22.26,9.36,8.37
20.60,20.60,24.41,10.18,10.41
29.68,29.68,33.71,19.00,18.54
44.45,44.45,48.50,33.17,28.30
49.06,49.06,56.88,37.27,32.28
50.97,50.97,54.44,30.34,31.55
52.26,52.26,63.69,36.97,33.59
57.01,57.01,58.79,36.84,36.67
58.42,58.42,57.86,32.21,37.27
59.71,59.71,65.43,34.24,41.17
59.85,59.85,61.75,31.57,43.21
60.97,60.97,58.91,26.67,46.60
59.88,59.88,69.06,16.74,51.04
60.13,60.13,58.05,14.44,52.50
60.22,60.22,58.65,16.08,55.62
58.83,58.83,61.74,13.29,59.40
57.70,57.70,53.81,17.66,62.22
55.09,55.09,55.31,19.75,67.23
47.47,47.47,56.58,18.82,66.81
43.97,43.97,50.26,28.18,66.77
41.52,41.52,40.24,21.55,67.52
49.13,49.13,37.49,19.85,65.46
55.67,55.67,46.43,20.64,70.30
71.85,71.85,45.31,13.22,69.32
73.27,73.27,41.58,18.61,68.77
74.44,74.44,48.92,18.07,69.45
73.33,73.33,47.73,14.63,66.73
73.41,73.41,52.87,12.39,67.85
73.88,73.88,48.43,10.43,68.43
73.97,73.97,42.63,8.91,66.45
74.63,74.63,39.65,6.97,67.82
73.61,73.61,43.20,2.01,69.39
71.97,71.97,43.88,0.71,70.18
72.87,72.87,39.34,3.61,68.59
73.53,73.53,42.34,8.14,68.25
75.22,75.22,47.08,9.46,72.30
71.72,71.72,44.35,12.68,73.20
67.53,67.53,38.88,17.46,73.34
65.80,65.80,36.81,18.85,71.98
61.33,61.33,49.23,22.03,73.46
57.45,57.45,52.82,33.55,72.15
67.38,67.38,60.59,50.39,71.54
78.53,78.53,81.14,68.14,75.92
82.63,82.63,88.24,67.95,78.02
81.05,81.05,80.65,75.81,77.16
77.64,77.64,76.67,80.99,78.08
78.41,78.41,76.50,82.24,78.22
77.29,77.29,74.27,82.45,75.65
73.40,73.40,75.10,80.83,75.07
73.91,73.91,73.09,81.92,75.61
77.36,77.36,73.30,82.24,75.25
79.35,79.35,73.88,82.77,75.47
77.71,77.71,71.95,80.33,76.87
79.20,79.20,72.61,81.37,75.23
78.25,78.25,72.65,81.64,72.96
78.31,78.31,71.63,82.03,75.11
79.53,79.53,71.50,82.51,74.29
80.10,80.10,70.49,82.19,73.28
71.84,71.84,70.51,82.48,71.78
69.54,69.54,70.87,80.23,73.10
68.97,68.97,69.32,81.37,75.64
68.31,68.31,73.46,78.66,78.41
71.30,71.30,80.61,75.95,79.33
78.69,78.69,81.54,76.53,76.34
81.29,81.29,80.68,79.38,75.64
81.47,81.47,71.82,81.73,75.74
79.03,79.03,71.31,82.17,75.83
77.80,77.80,70.35,80.48,75.82
77.88,77.88,70.58,80.86,74.89
77.38,77.38,68.02,82.36,76.20
77.82,77.82,66.90,81.99,76.38
77.59,77.59,66.62,80.30,76.94
77.82,77.82,66.27,80.44,77.48
79.38,79.38,66.12,80.28,77.65
78.51,78.51,67.01,81.79,76.26
75.10,75.10,64.15,82.21,77.01
69.40,69.40,64.26,80.32,75.39
67.61,67.61,64.03,81.90,73.69
65.01,65.01,62.96,80.24,73.75
64.21,64.21,64.07,80.40,73.53
66.08,66.08,64.93,81.47,74.71
68.62,68.62,69.00,81.18,74.63
80.20,80.20,74.82,75.21,78.30
79.95,79.95,83.16,73.41,77.44
78.08,78.08,79.33,79.48,74.96
77.43,77.43,76.15,82.28,76.93
75.89,75.89,68.66,80.96,75.82
74.44,74.44,62.20,79.90,75.93
75.28,75.28,59.74,81.55,76.15
76.31,76.31,57.41,81.90,76.97
78.75,78.75,57.31,83.12,76.58
79.51,79.51,56.99,79.68,76.84
79.15,79.15,57.88,81.26,76.11
79.01,79.01,54.20,80.66,75.25
79.55,79.55,54.95,80.95,75.77
79.33,79.33,55.29,82.01,75.06
79.91,79.91,54.02,81.60,75.95
80.00,80.00,53.18,80.96,75.79
78.35,78.35,53.12,79.73,75.83
74.10,74.10,53.51,80.99,75.38
69.22,69.22,65.73,81.21,75.29
77.07,77.07,75.29,75.40,74.47
80.68,80.68,80.60,73.36,78.00
80.74,80.74,87.82,71.73,75.72
81.92,81.92,79.47,77.17,76.58
80.78,80.78,75.78,81.12,75.23
80.28,80.28,74.00,82.04,74.35
80.06,80.06,68.54,81.15,73.48
76.82,76.82,73.50,82.38,73.17
76.74,76.74,64.34,83.61,73.57
73.03,73.03,57.04,83.78,74.40
71.95,71.95,58.46,81.90,74.60
78.16,78.16,53.09,83.07,75.57
78.13,78.13,53.05,82.20,76.15
80.77,80.77,53.49,77.22,78.50
79.22,79.22,48.20,73.98,78.57
79.09,79.09,45.80,75.89,78.67
78.08,78.08,45.39,81.98,78.27
75.87,75.87,43.55,81.41,77.31
76.75,76.75,40.72,81.51,77.34
76.64,76.64,42.65,79.42,75.86
76.72,76.72,42.83,81.26,76.52
77.36,77.36,44.87,80.32,76.48
77.91,77.91,47.40,81.11,76.67
79.22,79.22,46.29,79.81,75.82
80.37,80.37,45.27,80.08,75.71
79.09,79.09,41.38,80.74,76.39
77.29,77.29,38.98,79.26,75.91
78.41,78.41,37.67,79.61,74.92
78.00,78.00,37.36,80.03,74.14
78.75,78.75,37.93,79.47,73.15
78.19,78.19,43.33,78.49,76.69
78.65,78.65,51.34,78.52,75.86
78.37,78.37,60.70,79.60,77.82
79.53,79.53,74.91,76.46,77.94
79.34,79.34,79.86,71.01,76.57
79.57,79.57,75.65,76.78,77.41
79.51,79.51,74.17,81.75,78.02
76.98,76.98,68.86,75.71,77.13
72.23,72.23,63.43,81.77,76.51
77.60,77.60,63.64,75.71,76.40
85.01,85.01,74.08,70.32,76.71
82.14,82.14,82.63,75.92,77.79
78.30,78.30,84.46,75.95,78.38
77.88,77.88,80.60,77.85,78.70
78.97,78.97,77.08,79.76,79.49
78.34,78.34,73.35,82.18,78.20
77.63,77.63,67.16,79.94,80.25
79.38,79.38,73.14,80.48,79.13
79.80,79.80,62.94,79.44,78.23
79.19,79.19,65.42,78.99,78.62
80.34,80.34,58.56,79.37,79.11
80.58,80.58,56.29,80.40,77.40
80.45,80.45,52.63,78.95,78.09
78.42,78.42,47.77,79.47,78.17
77.91,77.91,46.18,80.37,78.16
79.14,79.14,44.15,79.51,78.45
76.64,76.64,41.51,80.28,78.39
77.18,77.18,37.85,79.58,77.51
80.60,80.60,42.53,79.35,75.33
80.56,80.56,53.46,80.47,74.54
80.85,80.85,64.68,78.77,75.11
79.87,79.87,71.77,67.26,77.83
80.81,80.81,82.77,70.51,77.13
82.35,82.35,80.53,81.37,78.01
83.54,83.54,76.07,80.69,78.51
81.50,81.50,72.25,78.39,77.85
80.40,80.40,67.76,80.88,77.12
80.57,80.57,63.17,78.02,77.06
81.50,81.50,58.86,77.69,76.52
81.99,81.99,54.82,79.85,77.62
81.32,81.32,55.02,78.51,77.34
80.51,80.51,55.97,77.80,77.62
79.43,79.43,57.66,78.16,77.28
79.01,79.01,62.71,79.57,76.50
79.24,79.24,60.95,78.57,77.00
80.55,80.55,55.06,80.32,75.84
80.96,80.96,51.67,78.88,77.11
81.37,81.37,42.11,80.01,75.03
80.10,80.10,42.69,78.91,75.15
70.16,70.16,52.56,78.79,73.73
78.86,78.86,51.31,77.66,77.02
84.14,84.14,47.35,73.77,76.97
84.30,84.30,48.69,70.72,77.38
81.75,81.75,44.68,77.07,77.88
76.55,76.55,43.94,81.88,77.98
67.89,67.89,43.12,81.30,74.79
66.00,66.00,42.25,82.07,76.22
66.93,66.93,42.76,79.13,75.29
65.60,65.60,43.38,80.57,74.64
67.45,67.45,39.94,82.97,75.28
68.17,68.17,41.50,82.31,73.96
80.67,80.67,40.97,79.74,75.43
82.97,82.97,43.81,80.67,74.31
82.90,82.90,45.52,78.29,76.56
82.05,82.05,46.09,65.57,75.41
81.86,81.86,44.29,78.87,75.32
81.30,81.30,42.15,82.04,74.32
80.64,80.64,40.51,79.94,74.17
80.48,80.48,44.18,80.60,74.17
79.97,79.97,59.57,76.73,74.99
80.48,80.48,75.53,74.70,73.91
79.13,79.13,83.34,75.26,76.10
79.82,79.82,83.36,73.40,78.85
81.45,81.45,82.25,71.40,77.77
82.73,82.73,76.74,72.33,76.27
83.15,83.15,72.25,75.08,77.27
83.14,83.14,70.06,73.64,77.59
83.02,83.02,71.61,75.56,74.50
82.78,82.78,57.42,74.60,76.13
80.37,80.37,60.00,74.41,76.07
80.36,80.36,60.07,75.03,75.80
81.01,81.01,53.64,75.46,75.01
82.17,82.17,53.88,76.12,76.34
81.60,81.60,44.82,75.97,76.22
82.29,82.29,46.11,76.16,77.32
81.90,81.90,40.24,75.90,75.97
79.81,79.81,36.16,75.64,76.30
79.95,79.95,35.82,75.64,75.95
80.59,80.59,46.12,75.74,76.69
80.23,80.23,57.78,74.67,76.39
78.69,78.69,69.03,70.28,76.89
80.29,80.29,78.31,66.86,77.09
80.84,80.84,78.70,63.63,76.90
80.36,80.36,77.44,76.10,78.51
81.47,81.47,77.38,78.66,77.26
80.72,80.72,70.27,77.60,77.46
80.42,80.42,69.48,78.85,78.40
80.90,80.90,72.18,78.85,77.28
79.85,79.85,59.84,78.61,77.10
78.15,78.15,59.62,78.37,75.97
80.03,80.03,52.20,78.64,77.29
79.16,79.16,48.90,77.86,76.91
77.98,77.98,50.41,77.67,78.97
78.58,78.58,41.40,78.17,77.44
79.45,79.45,45.07,77.74,77.21
78.80,78.80,40.55,77.68,77.25
77.37,77.37,34.00,77.58,76.48
73.04,73.04,36.00,76.91,78.23
72.74,72.74,38.68,76.85,76.78
70.61,70.61,56.58,76.51,76.42
71.13,71.13,64.56,75.02,75.31
70.97,70.97,74.76,68.09,78.74
70.32,70.32,83.38,73.73,77.52
71.07,71.07,81.44,81.20,77.79
72.51,72.51,74.01,76.27,78.83
71.27,71.27,71.35,77.28,78.47
70.58,70.58,69.26,78.54,76.87
70.06,70.06,62.81,79.16,78.38
67.51,67.51,60.36,78.00,77.38
69.67,69.67,54.67,77.62,77.98
68.00,68.00,57.55,77.37,78.92
68.08,68.08,55.61,77.85,76.84
67.03,67.03,54.80,78.48,77.74
66.65,66.65,55.81,78.01,78.58
66.83,66.83,54.03,77.67,76.65
65.87,65.87,53.35,78.48,76.62
66.19,66.19,53.86,78.73,75.94
68.00,68.00,49.65,77.84,77.35
68.17,68.17,49.83,78.06,76.38
69.82,69.82,62.25,76.77,76.95
72.63,72.63,72.32,71.64,75.93
79.92,79.92,82.11,68.23,77.04
80.05,80.05,78.57,67.01,75.63
81.95,81.95,78.40,75.77,75.17
81.57,81.57,74.96,75.05,75.94
79.89,79.89,73.68,76.61,76.30
79.97,79.97,68.85,77.16,75.29
80.01,80.01,73.07,76.07,75.13
73.38,73.38,61.41,75.14,76.08
76.51,76.51,61.00,75.56,76.47
74.78,74.78,59.74,75.13,74.97
79.23,79.23,53.06,75.75,75.46
79.68,79.68,57.40,72.33,75.54
79.97,79.97,55.56,73.45,77.47
80.21,80.21,51.78,60.22,77.87
80.71,80.71,44.99,74.91,76.54
80.56,80.56,40.83,76.41,76.65
79.23,79.23,39.67,76.63,78.00
77.79,77.79,39.73,75.77,78.74
76.77,76.77,41.53,80.59,77.43
76.86,76.86,43.68,79.36,77.22
76.09,76.09,50.32,78.70,75.81
77.01,77.01,50.75,77.06,75.86
77.00,77.00,49.56,80.56,75.78
77.22,77.22,46.63,80.76,75.92
77.20,77.20,41.33,78.87,76.14
77.59,77.59,39.52,78.50,76.95
78.75,78.75,39.07,80.15,76.57
79.75,79.75,37.21,80.91,77.80
78.09,78.09,35.12,80.00,75.38
78.07,78.07,42.07,79.98,77.18
78.67,78.67,52.40,79.06,76.06
80.02,80.02,61.78,80.77,76.80
81.03,81.03,73.81,75.95,77.39
79.93,79.93,80.58,71.96,77.42
76.49,76.49,78.80,72.28,77.21
74.26,74.26,75.51,75.92,75.82
67.35,67.35,69.67,76.69,77.23
66.11,66.11,60.96,76.04,76.49
70.29,70.29,62.27,79.29,75.69
71.48,71.48,72.86,77.70,76.13
79.45,79.45,78.52,76.97,76.62
79.76,79.76,83.79,74.08,77.01
81.53,81.53,78.43,73.85,78.20
80.89,80.89,74.80,78.19,77.70
81.65,81.65,74.55,76.88,75.80
81.77,81.77,65.11,74.11,77.31
81.51,81.51,71.25,76.43,76.02
81.26,81.26,60.20,80.16,75.30
80.82,80.82,64.11,78.73,75.22
79.94,79.94,56.74,77.02,75.74
80.31,80.31,52.12,77.29,75.35
80.29,80.29,49.92,79.20,76.48
76.89,76.89,44.35,78.62,75.69
68.21,68.21,45.26,77.93,75.74
63.56,63.56,41.82,77.13,76.07
64.04,64.04,37.23,77.60,76.44
65.30,65.30,38.40,79.64,74.68
63.39,63.39,39.99,77.45,76.17
60.05,60.05,53.47,76.92,75.69
60.07,60.07,60.97,77.34,75.44
68.38,68.38,73.03,67.48,78.39
72.27,72.27,82.75,70.03,78.32
71.34,71.34,80.60,78.55,76.92
73.68,73.68,74.51,81.23,76.54
73.52,73.52,69.11,78.14,75.44
76.39,76.39,66.97,76.75,76.80
75.69,75.69,63.49,80.62,76.23
73.35,73.35,61.26,82.36,76.19
74.86,74.86,57.35,79.49,76.67
75.56,75.56,53.13,78.53,75.68
75.40,75.40,53.78,80.08,76.39
74.31,74.31,55.47,81.97,77.54
72.48,72.48,58.11,79.70,77.08
72.00,72.00,55.29,79.89,76.32
73.01,73.01,52.04,79.43,75.02
72.35,72.35,50.96,81.74,75.93
65.53,65.53,51.77,80.27,76.29
61.72,61.72,47.24,80.46,78.25
66.07,66.07,45.77,78.55,78.08
76.11,76.11,49.47,80.25,76.42
78.62,78.62,50.98,69.03,76.92
79.66,79.66,50.17,68.73,75.41
78.33,78.33,46.51,74.70,76.96
77.36,77.36,43.54,80.07,75.76
77.93,77.93,44.83,77.63,77.57
79.73,79.73,44.78,76.82,75.99
80.63,80.63,44.96,78.28,75.85
79.78,79.78,44.28,82.16,76.76
79.09,79.09,41.85,80.70,76.30
79.08,79.08,38.07,79.39,75.33
77.97,77.97,43.50,78.68,76.13
76.93,76.93,57.40,80.58,75.66
77.08,77.08,59.08,81.70,76.77
77.75,77.75,59.76,80.31,76.53
79.60,79.60,58.38,79.27,76.48
80.61,80.61,56.00,79.77,76.89
80.95,80.95,46.39,81.22,76.22
80.58,80.58,46.21,79.65,75.05
80.65,80.65,56.08,78.77,75.41
80.04,80.04,71.05,75.52,75.79
78.91,78.91,77.91,77.98,78.74
78.88,78.88,77.75,73.43,78.34
77.44,77.44,81.27,73.48,78.21
77.43,77.43,78.86,77.21,78.43
77.59,77.59,70.69,80.47,78.77
76.76,76.76,65.07,80.86,76.50
76.08,76.08,72.30,79.37,77.20
78.31,78.31,62.75,79.55,77.43
80.75,80.75,63.83,80.01,76.61
79.41,79.41,55.77,78.80,76.73
76.04,76.04,55.97,79.27,76.42
74.65,74.65,48.35,78.65,77.44
71.57,71.57,49.70,79.56,77.99
68.14,68.14,46.82,79.72,79.14
70.00,70.00,43.16,78.27,78.38
74.35,74.35,39.25,79.16,78.11
74.88,74.88,41.76,79.66,79.69
73.41,73.41,44.45,78.03,78.09
74.84,74.84,58.38,78.02,76.76
73.67,73.67,70.99,74.06,77.30
68.00,68.00,81.64,72.47,77.80
66.14,66.14,80.57,69.78,78.02
56.83,56.83,82.04,74.20,78.21
59.09,59.09,77.72,78.48,76.96
63.41,63.41,66.43,80.33,76.96
62.74,62.74,66.27,81.00,77.53
59.06,59.06,70.06,80.00,76.36
56.18,56.18,61.49,80.94,77.93
57.79,57.79,65.95,79.30,75.48
60.57,60.57,49.98,79.90,77.06
62.87,62.87,53.65,80.43,79.50
63.30,63.30,47.53,78.42,77.68
63.53,63.53,46.75,79.62,78.40
59.26,59.26,45.47,80.01,77.61
54.04,54.04,41.95,77.80,76.95
52.48,52.48,40.02,80.03,77.16
54.47,54.47,37.58,78.72,76.40
60.77,60.77,40.78,78.97,78.62
61.96,61.96,53.37,79.49,77.62
62.37,62.37,63.95,77.43,76.06
69.35,69.35,73.39,72.05,77.15
82.29,82.29,82.50,64.53,75.59
82.64,82.64,80.58,81.37,75.00
83.28,83.28,77.94,79.11,76.22
81.67,81.67,72.63,80.80,74.75
82.31,82.31,67.95,80.22,74.29
80.99,80.99,63.02,80.19,74.20
80.48,80.48,60.22,80.35,75.04
81.89,81.89,61.10,77.45,76.92
82.19,82.19,58.29,79.34,74.71
82.71,82.71,57.49,79.20,75.30
82.45,82.45,61.85,76.78,74.63
82.47,82.47,62.36,79.60,75.27
83.52,83.52,63.67,80.52,73.87
83.35,83.35,57.65,78.90,73.64
81.29,81.29,54.33,80.18,74.91
73.31,73.31,49.52,79.05,74.79
74.11,74.11,45.96,79.82,74.89
75.46,75.46,46.84,79.32,75.51
75.70,75.70,44.86,78.73,72.85
77.83,77.83,44.54,64.42,76.43
81.30,81.30,48.67,66.21,75.09
80.67,80.67,47.95,76.55,74.86
81.49,81.49,47.37,76.74,73.47
80.86,80.86,42.74,69.99,75.95
79.97,79.97,41.12,74.90,74.98
81.05,81.05,41.41,74.21,75.85
80.77,80.77,41.23,73.75,75.07
81.99,81.99,43.73,72.41,75.73
82.99,82.99,41.72,70.74,73.53
81.61,81.61,41.08,71.58,74.13
81.92,81.92,44.53,74.21,74.75
82.28,82.28,45.01,74.63,75.48
82.27,82.27,45.28,74.36,76.70
82.32,82.32,43.78,72.96,75.50
82.23,82.23,40.57,73.17,75.65
81.71,81.71,42.27,74.84,75.00
82.62,82.62,42.12,74.08,73.92
83.74,83.74,44.19,73.25,72.01
82.64,82.64,48.42,72.03,73.68
80.37,80.37,56.81,65.83,75.96
81.57,81.57,55.50,59.29,76.41
84.13,84.13,51.86,78.25,77.73
85.54,85.54,50.13,79.73,76.73
84.44,84.44,45.10,78.80,77.18
82.22,82.22,44.29,77.56,73.82
80.16,80.16,44.25,77.93,73.74
80.67,80.67,42.85,81.65,75.11
82.55,82.55,42.15,80.37,72.61
81.73,81.73,44.76,78.11,73.08
82.00,82.00,55.62,78.11,73.41
82.62,82.62,60.67,80.32,73.17
83.20,83.20,75.32,81.03,76.06
81.12,81.12,78.70,79.86,73.73
77.54,77.54,76.55,77.58,75.70
74.30,74.30,75.70,79.67,75.91
76.11,76.11,73.04,81.35,77.31
66.23,66.23,68.27,79.33,73.20
66.03,66.03,65.93,78.91,72.86
69.93,69.93,66.72,79.32,73.35
71.95,71.95,80.99,81.21,74.29
80.44,80.44,84.16,81.19,73.66
82.05,82.05,82.82,80.46,73.71
81.74,81.74,77.75,78.54,74.84
81.96,81.96,69.05,79.50,73.77
82.11,82.11,68.63,79.88,72.72
81.52,81.52,69.99,78.60,74.07
81.58,81.58,59.99,77.38,74.51
82.07,82.07,64.17,78.88,76.18
81.79,81.79,55.80,80.34,74.44
80.07,80.07,54.56,79.46,74.18
82.27,82.27,53.80,78.87,77.56
81.57,81.57,51.00,75.89,77.89
75.93,75.93,49.49,68.22,78.10
68.42,68.42,45.92,78.13,79.03
67.79,67.79,45.00,81.77,77.56
65.17,65.17,43.34,78.22,77.50
65.52,65.52,47.40,79.37,76.71
64.43,64.43,59.34,78.95,75.64
71.03,71.03,66.43,76.41,77.16
78.23,78.23,72.58,70.46,76.59
79.52,79.52,83.66,67.87,74.07
78.82,78.82,79.65,69.16,74.51
80.02,80.02,78.62,64.34,74.97
80.56,80.56,73.40,54.11,73.27
79.83,79.83,68.29,51.81,73.39
80.53,80.53,65.21,46.84,73.33
81.50,81.50,61.03,45.10,73.37
80.92,80.92,59.45,48.76,73.73
80.15,80.15,59.28,52.33,74.50
75.74,75.74,61.11,47.03,74.45
67.45,67.45,59.85,44.01,73.65
62.73,62.73,59.31,39.89,75.79
57.33,57.33,60.57,37.03,77.25
54.17,54.17,55.40,35.48,77.27
54.38,54.38,52.73,30.83,75.59
58.99,58.99,57.05,25.15,74.22
62.74,62.74,54.99,17.14,72.47
77.20,77.20,51.99,22.80,71.70
79.04,79.04,59.39,38.97,72.72
78.04,78.04,79.13,55.77,75.12
78.94,78.94,78.66,61.40,77.80
78.64,78.64,81.64,76.63,77.78
79.17,79.17,73.82,78.13,79.06
80.00,80.00,71.00,79.24,78.14
79.69,79.69,71.75,78.65,79.01
79.98,79.98,70.23,79.25,76.19
79.81,79.81,66.70,78.54,76.70
80.80,80.80,64.89,77.86,77.09
81.83,81.83,65.77,78.22,75.63
81.50,81.50,65.71,78.16,76.27
81.09,81.09,65.42,78.80,76.80
81.36,81.36,65.29,78.14,74.46
82.96,82.96,65.19,77.86,75.77
82.92,82.92,64.66,77.72,77.44
81.45,81.45,64.58,77.51,76.10
80.06,80.06,64.68,77.07,75.02
80.51,80.51,63.38,77.18,75.08
80.34,80.34,63.61,77.04,74.26
80.21,80.21,65.07,76.45,75.22
80.05,80.05,63.92,76.25,74.39
80.85,80.85,63.44,75.37,75.68
80.95,80.95,61.58,76.26,73.15
81.85,81.85,60.18,76.72,73.78
80.03,80.03,59.68,76.64,74.54
79.78,79.78,59.44,76.32,73.59
79.50,79.50,57.68,76.40,75.30
79.26,79.26,58.04,77.01,74.68
79.13,79.13,56.58,77.36,73.28
75.57,75.57,54.81,77.45,72.59
77.68,77.68,57.37,76.98,75.40
76.92,76.92,57.76,77.22,75.34
75.74,75.74,58.37,77.09,76.24
75.81,75.81,56.52,76.88,76.83
75.68,75.68,55.91,76.19,76.09
75.03,75.03,55.50,76.35,76.18
72.33,72.33,55.63,76.90,75.61
73.34,73.34,54.98,76.93,74.34
73.53,73.53,61.66,75.62,76.57
69.60,69.60,70.16,73.23,76.75
76.00,76.00,79.84,71.13,76.76
79.40,79.40,81.50,65.63,76.75
74.82,74.82,77.01,77.48,75.68
77.55,77.55,77.64,79.91,76.90
75.01,75.01,69.75,78.74,76.83
76.20,76.20,68.64,79.83,77.15
76.27,76.27,70.72,79.43,75.10
78.22,78.22,62.02,78.55,75.34
76.33,76.33,61.17,78.50,75.63
77.87,77.87,51.79,77.88,76.35
78.74,78.74,52.68,78.59,76.70
79.40,79.40,48.25,78.54,77.04
78.91,78.91,48.41,78.69,76.66
78.06,78.06,46.87,78.58,77.81
77.96,77.96,46.03,78.57,77.07
77.29,77.29,43.05,78.83,77.83
75.76,75.76,43.07,78.35,76.14
76.00,76.00,43.94,77.96,75.29
77.62,77.62,52.49,77.73,76.52
77.06,77.06,64.01,76.46,76.05
77.88,77.88,75.04,72.52,77.38
76.50,76.50,83.87,70.06,77.20
77.14,77.14,79.22,72.81,77.53
73.43,73.43,76.10,78.15,78.37
65.53,65.53,71.58,74.48,79.14
60.03,60.03,67.76,76.46,78.40
59.72,59.72,64.50,76.09,77.80
57.69,57.69,59.53,75.81,76.14
58.92,58.92,57.09,76.33,77.17
58.97,58.97,55.27,75.84,78.01
68.20,68.20,53.29,76.55,77.36
73.16,73.16,56.80,75.50,76.04
80.92,80.92,54.41,75.28,75.20
78.80,78.80,51.86,73.65,76.53
77.32,77.32,50.08,75.05,75.19
75.53,75.53,48.62,74.22,74.88
74.38,74.38,46.56,74.06,74.42
75.74,75.74,48.35,73.63,73.12
76.31,76.31,62.95,72.67,74.83
77.66,77.66,69.86,67.21,75.06
77.82,77.82,81.31,70.55,73.09
77.70,77.70,82.55,71.13,73.10
76.55,76.55,78.83,78.51,74.62
76.11,76.11,73.22,74.50,72.86
76.05,76.05,73.87,79.59,74.10
76.21,76.21,67.17,81.46,74.05
75.75,75.75,73.38,79.53,74.53
73.64,73.64,61.25,77.79,74.46
74.45,74.45,64.58,78.33,76.51
73.44,73.44,55.85,79.04,76.17
74.06,74.06,53.61,79.05,77.78
73.03,73.03,52.97,78.66,79.00
72.87,72.87,52.09,77.22,77.80
68.62,68.62,50.71,66.95,79.10
66.69,66.69,49.33,75.19,79.47
61.48,61.48,45.28,78.64,77.54
62.72,62.72,42.14,76.79,77.41
65.82,65.82,41.89,75.87,76.49
78.26,78.26,39.13,76.70,75.49
81.05,81.05,45.50,76.07,78.47
80.08,80.08,50.43,71.46,79.59
80.53,80.53,51.87,66.88,77.88
79.27,79.27,48.44,75.46,76.07
77.89,77.89,44.74,78.98,74.62
78.32,78.32,41.40,79.27,74.43
78.60,78.60,38.00,80.08,75.75
79.78,79.78,35.95,76.23,76.90
80.20,80.20,35.23,78.39,74.82
75.08,75.08,35.69,79.04,74.37
73.60,73.60,41.59,79.00,75.02
71.90,71.90,50.58,79.28,75.19
74.00,74.00,61.71,78.38,76.04
77.20,77.20,77.02,78.07,78.74
73.95,73.95,78.97,67.42,76.22
75.23,75.23,75.43,73.68,74.57
75.28,75.28,74.37,79.05,75.06
77.78,77.78,70.12,77.59,74.09
75.55,75.55,65.62,77.96,76.87
76.46,76.46,63.39,77.10,76.20
75.57,75.57,68.47,74.13,78.07
76.74,76.74,81.51,69.06,78.74
74.76,74.76,81.50,65.56,78.35
72.92,72.92,84.74,61.75,78.12
66.07,66.07,77.60,56.26,78.20
61.80,61.80,68.98,51.97,78.09
55.08,55.08,68.29,49.21,77.21
54.35,54.35,70.76,44.44,77.53
52.26,52.26,62.93,41.06,77.63
59.00,59.00,63.62,31.56,77.94
60.83,60.83,58.09,29.93,79.61
65.78,65.78,53.93,25.17,78.27
74.34,74.34,52.59,41.01,77.42
80.64,80.64,50.03,51.92,78.02
80.25,80.25,43.16,53.39,75.68
79.43,79.43,42.04,76.90,75.13
78.24,78.24,41.77,82.64,76.41
79.72,79.72,42.76,79.64,77.31
81.33,81.33,46.33,79.92,74.30
81.72,81.72,56.94,79.03,74.45
81.36,81.36,65.10,80.48,77.93
80.01,80.01,73.67,72.40,78.15
79.63,79.63,84.87,69.92,76.56
82.00,82.00,79.42,68.10,77.58
82.56,82.56,78.01,63.42,77.35
80.23,80.23,72.09,51.65,77.09
71.47,71.47,67.69,61.78,77.99
67.10,67.10,69.79,54.64,80.08
63.56,63.56,63.51,53.38,79.64
62.78,62.78,58.53,53.95,79.76
63.55,63.55,63.06,51.24,77.78
63.23,63.23,61.69,45.87,76.56
73.60,73.60,58.75,44.00,75.40
82.29,82.29,59.56,60.51,76.82
79.31,79.31,59.75,68.19,75.91
81.77,81.77,57.34,77.11,77.91
81.00,81.00,53.77,80.83,76.95
81.79,81.79,46.85,78.93,76.28
81.82,81.82,48.29,79.70,76.06
81.45,81.45,49.44,78.92,74.87
82.21,82.21,51.39,79.32,75.51
80.03,80.03,53.16,79.97,75.96
79.73,79.73,55.21,78.04,75.50
78.37,78.37,52.49,77.80,74.89
70.96,70.96,50.95,78.11,75.93
66.00,66.00,49.94,78.37,75.81
63.44,63.44,48.72,78.74,75.42
59.20,59.20,47.84,77.84,75.15
60.85,60.85,47.29,76.94,75.27
62.41,62.41,44.70,78.22,74.10
62.14,62.14,43.60,78.89,74.06
63.35,63.35,43.07,78.80,75.33
62.73,62.73,48.05,77.31,75.16
63.22,63.22,49.23,74.31,74.86
62.26,62.26,53.41,68.24,74.68
60.36,60.36,53.16,75.44,74.30
59.67,59.67,50.44,82.39,74.95
54.08,54.08,45.78,78.34,74.11
50.08,50.08,47.75,81.02,73.35
54.27,54.27,61.98,78.57,73.35
60.27,60.27,74.97,71.96,75.73
70.98,70.98,83.95,70.58,76.09
81.94,81.94,83.47,68.92,77.09
82.49,82.49,81.16,74.08,77.17
77.88,77.88,74.71,80.23,75.15
77.56,77.56,71.85,82.17,77.18
77.26,77.26,70.76,80.98,76.74
75.37,75.37,71.09,80.74,76.79
76.39,76.39,66.51,81.76,74.98
77.28,77.28,65.85,81.58,74.07
78.40,78.40,64.51,80.64,73.78
78.81,78.81,66.67,79.26,74.36
79.09,79.09,68.55,80.72,74.08
79.79,79.79,65.95,81.58,73.54
79.85,79.85,65.24,81.72,75.16
79.05,79.05,63.60,79.33,74.86
78.88,78.88,63.13,80.71,73.53
77.72,77.72,62.50,79.94,74.31
77.60,77.60,62.59,80.45,72.94
77.88,77.88,66.51,80.01,73.06
80.26,80.26,74.14,77.04,73.82
80.63,80.63,79.45,79.08,75.61
80.81,80.81,77.68,78.41,74.97
81.53,81.53,77.92,77.85,75.31
81.28,81.28,73.00,80.47,73.62
80.52,80.52,73.22,80.67,72.18
80.54,80.54,71.68,79.90,73.70
80.68,80.68,70.31,80.98,73.68
80.57,80.57,63.08,82.27,74.46
79.38,79.38,62.96,81.86,73.22
80.35,80.35,60.36,79.58,73.61
80.14,80.14,60.05,80.90,73.84
80.39,80.39,58.84,80.41,74.12
81.15,81.15,58.59,81.27,73.91
80.46,80.46,59.60,81.45,75.60
74.66,74.66,61.52,81.67,74.26
66.65,66.65,59.94,81.65,73.82
66.06,66.06,59.48,79.52,73.89
66.43,66.43,58.38,81.41,74.41
70.03,70.03,59.02,82.49,74.25
78.88,78.88,61.49,81.67,75.82
78.47,78.47,72.03,71.23,78.50
79.32,79.32,81.78,73.51,77.03
80.70,80.70,76.67,76.21,76.02
79.88,79.88,73.87,80.18,75.33
80.16,80.16,65.73,78.35,75.75
80.69,80.69,61.70,79.34,76.89
79.82,79.82,61.76,79.13,77.03
78.41,78.41,60.94,81.13,77.43
78.42,78.42,57.12,81.80,75.70
79.03,79.03,56.21,79.01,76.69
79.98,79.98,55.54,81.26,77.44
80.41,80.41,49.68,80.28,77.00
79.94,79.94,48.84,81.09,75.44
79.89,79.89,50.67,81.83,76.96
79.92,79.92,49.00,80.90,74.52
79.67,79.67,48.05,81.08,73.54
79.94,79.94,48.10,78.88,73.75
80.16,80.16,49.25,80.38,75.59
80.43,80.43,62.10,80.34,76.79
80.45,80.45,75.57,75.31,76.69
79.66,79.66,80.50,74.99,78.24
79.49,79.49,83.84,74.20,78.03
80.12,80.12,78.68,76.97,78.96
81.63,81.63,76.22,80.36,79.19
83.90,83.90,72.68,80.86,77.69
80.06,80.06,65.22,81.45,76.19
69.75,69.75,72.41,79.42,76.26
67.84,67.84,58.86,81.15,76.61
67.04,67.04,59.21,82.12,78.24
68.80,68.80,54.49,82.53,77.30
80.22,80.22,55.51,79.79,78.20
81.93,81.93,53.92,78.96,78.70
81.79,81.79,52.56,78.85,78.67
78.20,78.20,51.87,65.46,78.68
75.81,75.81,49.24,76.99,79.38
78.59,78.59,47.72,80.84,77.88
79.17,79.17,46.78,79.64,77.98
81.24,81.24,46.03,80.36,77.15
80.34,80.34,45.51,76.82,77.60
76.96,76.96,45.32,79.64,77.15
75.85,75.85,50.50,79.58,78.85
79.03,79.03,51.17,80.04,77.57
78.69,78.69,49.17,79.17,76.85
78.97,78.97,46.84,78.86,78.36
79.30,79.30,45.56,79.83,77.38
77.78,77.78,44.17,78.65,77.50
77.80,77.80,42.37,78.35,76.67
78.34,78.34,38.74,79.10,76.76
78.94,78.94,39.83,78.06,76.42
77.51,77.51,43.00,77.33,76.10
77.84,77.84,50.50,77.93,76.01
77.44,77.44,61.76,78.06,77.53
75.87,75.87,74.99,77.26,77.19
75.59,75.59,80.52,65.72,77.44
76.43,76.43,77.85,77.79,77.52
76.58,76.58,75.14,82.59,77.75
77.93,77.93,70.84,79.84,78.84
77.43,77.43,65.11,82.41,75.73
78.64,78.64,64.45,77.62,77.95
77.31,77.31,74.33,73.09,76.14
74.19,74.19,83.08,72.47,76.54
72.97,72.97,87.77,70.33,77.12
75.53,75.53,81.36,76.60,78.62
76.58,76.58,79.54,79.92,77.84
75.62,75.62,75.15,81.26,77.04
77.23,77.23,65.20,79.48,76.94
78.07,78.07,74.21,80.30,77.60
79.82,79.82,65.11,79.51,78.57
80.27,80.27,62.53,78.93,77.98
80.46,80.46,58.36,79.11,77.74
79.18,79.18,57.02,80.09,76.80
78.40,78.40,59.27,78.62,77.14
74.25,74.25,46.88,78.74,77.53
69.68,69.68,48.71,79.40,76.69
67.36,67.36,44.50,78.99,78.50
66.24,66.24,41.42,79.52,76.91
67.57,67.57,41.01,78.71,75.85
69.32,69.32,43.52,78.44,76.10
73.20,73.20,54.19,78.97,72.99
76.22,76.22,63.54,78.24,75.53
82.01,82.01,69.61,70.94,80.13
80.03,80.03,81.66,66.87,78.24
81.25,81.25,80.91,81.39,77.15
81.83,81.83,76.33,80.20,76.70
80.67,80.67,73.11,79.79,77.78
82.13,82.13,68.11,79.90,78.84
81.94,81.94,61.54,78.09,78.04
80.71,80.71,57.37,78.85,78.16
79.90,79.90,53.59,80.48,78.69
78.78,78.78,51.52,78.76,78.01
79.25,79.25,51.74,78.44,78.51
79.77,79.77,55.68,79.19,77.69
79.03,79.03,61.01,78.94,78.26
77.21,77.21,61.06,78.67,78.34
76.93,76.93,57.68,80.03,79.53
78.16,78.16,56.92,78.93,79.54
77.98,77.98,47.86,79.56,81.74
76.04,76.04,44.65,77.96,79.43
75.74,75.74,46.64,78.34,77.48
80.21,80.21,49.33,77.63,77.62
83.20,83.20,53.35,71.19,78.40
81.02,81.02,52.18,71.65,78.76
80.06,80.06,49.51,72.04,78.06
80.33,80.33,47.14,78.95,77.54
81.94,81.94,44.89,80.78,76.84
78.69,78.69,42.60,80.43,78.16
77.76,77.76,39.74,80.41,77.36
76.83,76.83,38.07,80.94,78.12
78.14,78.14,39.15,81.10,77.73
73.11,73.11,40.02,81.00,76.76
65.13,65.13,40.77,79.05,74.85
61.88,61.88,45.76,79.79,74.24
61.03,61.03,49.94,76.59,74.90
61.07,61.07,51.49,67.44,76.87
61.12,61.12,49.98,79.61,76.63
61.78,61.78,43.62,82.03,74.34
63.77,63.77,41.55,80.61,74.73
65.44,65.44,48.70,80.78,75.73
69.99,69.99,57.74,77.15,75.09
80.62,80.62,74.26,73.98,78.96
82.21,82.21,82.91,70.40,78.46
79.93,79.93,79.50,68.73,78.59
82.10,82.10,81.19,73.53,79.74
80.06,80.06,73.51,75.08,78.59
78.85,78.85,70.06,76.62,77.46
79.90,79.90,72.11,77.97,78.76
79.64,79.64,72.74,77.18,77.72
77.04,77.04,59.94,75.57,79.12
78.01,78.01,59.52,76.48,77.93
79.95,79.95,56.31,75.79,76.59
79.98,79.98,52.68,75.78,77.15
78.36,78.36,52.42,75.14,77.49
76.66,76.66,46.11,74.54,76.90
78.89,78.89,46.01,74.61,77.70
78.75,78.75,44.91,74.91,77.11
79.39,79.39,41.12,74.33,76.62
79.44,79.44,40.92,74.45,77.63
78.23,78.23,46.70,73.59,79.54
79.72,79.72,57.57,71.96,78.92
79.02,79.02,67.95,66.92,78.15
78.61,78.61,80.15,69.92,76.85
79.18,79.18,79.17,67.77,78.11
79.47,79.47,77.87,72.87,77.35
79.02,79.02,74.63,72.58,77.09
78.75,78.75,70.51,70.39,76.78
77.98,77.98,71.39,73.20,78.03
75.42,75.42,71.39,72.69,78.56
77.26,77.26,60.01,72.54,79.76
77.20,77.20,60.04,72.99,77.73
78.16,78.16,48.83,73.04,77.84
77.31,77.31,56.01,73.12,78.80
76.66,76.66,51.16,73.70,77.00
77.77,77.77,43.38,73.09,78.20
76.97,76.97,44.14,73.39,78.24
78.42,78.42,40.36,73.54,78.59
77.85,77.85,36.10,73.76,77.45
78.53,78.53,37.51,73.58,77.20
75.67,75.67,45.54,73.51,76.61
74.75,74.75,55.56,73.57,77.09
76.35,76.35,66.80,74.64,74.16
78.36,78.36,74.36,66.53,76.36
78.94,78.94,82.93,63.09,73.87
80.51,80.51,81.36,78.12,76.35
77.59,77.59,75.16,75.77,76.78
74.29,74.29,73.79,74.99,76.86
73.47,73.47,69.10,77.80,76.53
74.50,74.50,60.68,77.70,77.04
74.20,74.20,57.70,76.29,77.06
74.73,74.73,54.61,76.37,75.57
74.56,74.56,54.67,77.00,76.19
73.35,73.35,52.48,75.53,74.41
71.41,71.41,55.50,76.09,77.72
72.48,72.48,62.69,76.44,77.70
73.29,73.29,61.53,67.41,77.86
70.89,70.89,53.23,60.11,77.68
62.85,62.85,54.81,60.29,78.28
59.82,59.82,50.00,60.00,77.22
55.75,55.75,51.06,55.87,77.17
54.24,54.24,54.59,40.02,76.10
51.76,51.76,58.00,42.75,76.85
46.29,46.29,79.61,60.31,76.77
46.40,46.40,80.58,67.12,77.12
50.85,50.85,80.88,76.76,78.72
51.39,51.39,75.34,78.73,78.32
52.86,52.86,72.97,78.12,79.16
52.96,52.96,65.70,79.70,77.97
54.41,54.41,72.19,78.72,79.63
55.18,55.18,62.45,78.02,80.05
56.57,56.57,62.22,79.27,76.82
53.33,53.33,52.43,78.29,76.70
51.42,51.42,56.11,77.91,76.05
50.25,50.25,56.22,77.40,78.36
50.11,50.11,54.05,73.55,78.60
49.46,49.46,49.31,68.25,78.44
51.15,51.15,44.53,76.00,78.48
56.32,56.32,43.96,79.21,77.93
61.24,61.24,44.19,78.54,78.22
60.59,60.59,43.24,79.16,78.11
63.38,63.38,45.52,80.79,77.91
67.66,67.66,48.61,81.67,78.04
72.77,72.77,51.39,79.97,79.85
83.80,83.80,48.19,79.02,80.50
80.24,80.24,46.20,81.12,81.43
80.35,80.35,46.37,81.37,80.46
81.55,81.55,46.57,79.20,79.95
82.10,82.10,47.58,78.75,79.29
82.49,82.49,49.86,80.49,79.05
82.99,82.99,47.84,80.82,77.28
81.90,81.90,47.72,79.03,77.25
82.04,82.04,49.66,78.32,78.19
82.06,82.06,56.90,79.07,77.90
82.63,82.63,63.47,80.20,78.52
81.87,81.87,73.16,74.58,78.60
81.68,81.68,80.11,70.49,77.78
82.58,82.58,75.53,77.72,77.10
82.23,82.23,72.54,80.14,78.02
81.82,81.82,64.34,78.49,77.18
83.11,83.11,62.94,80.51,76.25
84.24,84.24,67.80,80.78,77.81
84.61,84.61,70.17,77.82,77.50
82.38,82.38,79.03,77.36,76.13
83.88,83.88,82.63,73.89,77.25
84.17,84.17,79.30,68.62,80.91
84.06,84.06,73.95,78.27,78.12
84.12,84.12,74.86,75.73,79.76
84.17,84.17,66.34,73.08,79.83
70.93,70.93,73.30,77.31,78.74
64.42,64.42,59.37,80.60,78.04
65.69,65.69,62.35,80.05,79.37
65.40,65.40,59.59,78.30,78.07
69.89,69.89,56.78,78.34,76.50
82.86,82.86,54.21,79.10,78.70
84.12,84.12,45.59,80.63,77.88
82.47,82.47,40.41,78.54,76.90
81.63,81.63,37.41,78.16,77.51
81.83,81.83,35.11,79.38,76.13
82.11,82.11,36.44,80.85,76.46
82.03,82.03,38.26,79.85,75.32
82.93,82.93,50.97,79.59,76.87
81.94,81.94,61.42,78.63,76.19
82.31,82.31,72.76,72.17,77.60
82.53,82.53,83.24,72.30,75.29
80.95,80.95,81.84,73.18,76.37
72.96,72.96,78.02,79.68,77.86
63.17,63.17,72.93,76.58,77.68
56.36,56.36,64.25,76.28,77.63
56.67,56.67,61.73,79.54,77.64
55.39,55.39,58.13,81.11,77.88
59.55,59.55,58.34,80.81,76.31
67.79,67.79,55.55,79.81,75.70
80.88,80.88,51.91,79.03,76.74
82.47,82.47,50.80,80.17,76.70
81.28,81.28,52.31,81.18,76.89
81.72,81.72,54.12,79.45,77.79
80.69,80.69,53.23,78.50,77.65
79.94,79.94,45.71,79.54,75.21
80.08,80.08,40.07,81.08,74.67
79.01,79.01,43.61,79.67,75.57
80.75,80.75,49.11,79.11,75.62
82.07,82.07,54.05,78.33,77.19
82.01,82.01,52.35,73.94,76.36
82.61,82.61,49.29,68.75,76.86
82.99,82.99,45.73,77.72,76.62
82.71,82.71,43.17,80.53,78.51
80.97,80.97,42.87,77.94,76.64
78.30,78.30,41.36,77.16,77.01
77.62,77.62,40.44,79.68,75.91
76.59,76.59,39.15,81.22,75.90
77.61,77.61,42.38,80.16,75.65
78.24,78.24,40.24,79.17,75.11
79.91,79.91,44.63,78.18,77.74
79.10,79.10,52.12,80.24,77.74
77.70,77.70,59.20,80.03,79.89
78.23,78.23,67.30,79.99,78.89
78.05,78.05,63.03,77.32,77.21
78.49,78.49,55.63,78.28,78.09
78.43,78.43,48.97,80.10,78.75
79.56,79.56,50.44,79.25,76.94
80.32,80.32,59.42,77.51,77.29
80.27,80.27,71.51,75.66,77.09
78.86,78.86,80.43,76.00,77.30
78.66,78.66,83.63,68.34,77.28
79.25,79.25,79.32,71.72,76.68
81.15,81.15,79.07,78.70,75.72
80.07,80.07,71.54,80.37,75.57
80.18,80.18,68.58,80.33,74.94
80.60,80.60,71.36,80.56,73.95
80.31,80.31,63.58,80.14,75.04
80.55,80.55,61.63,78.05,75.04
80.77,80.77,54.56,79.94,75.11
80.80,80.80,56.54,79.76,73.43
80.36,80.36,54.12,77.91,73.95
79.94,79.94,49.83,79.53,76.11
80.69,80.69,49.76,80.12,73.68
79.32,79.32,48.56,78.77,74.42
79.26,79.26,47.23,80.19,75.54
77.34,77.34,46.61,78.68,76.54
79.44,79.44,50.26,79.51,74.60
79.26,79.26,58.89,79.77,77.69
80.78,80.78,64.35,75.79,75.18
80.61,80.61,78.07,76.26,74.37
80.18,80.18,77.99,73.22,75.52
80.88,80.88,80.39,71.22,77.09
80.49,80.49,78.66,77.25,76.80
79.60,79.60,66.99,79.17,77.36
80.26,80.26,70.60,78.50,77.39
80.79,80.79,71.38,74.94,76.85
79.32,79.32,60.98,77.03,76.38
79.84,79.84,63.39,75.49,77.23
76.76,76.76,46.67,74.41,76.78
76.98,76.98,57.23,76.82,75.82
76.96,76.96,48.62,75.55,78.94
76.72,76.72,47.81,76.76,77.93
77.33,77.33,44.69,77.46,77.20
77.98,77.98,44.98,74.97,78.70
77.34,77.34,42.42,77.10,77.96
76.21,76.21,41.87,76.93,80.54
75.72,75.72,43.44,74.29,80.28
75.17,75.17,54.69,75.85,79.13
75.51,75.51,63.25,75.82,79.15
75.24,75.24,73.30,67.65,79.25
72.63,72.63,82.68,70.09,76.81
70.58,70.58,80.56,79.41,78.76
62.66,62.66,78.28,76.99,78.27
60.63,60.63,73.37,78.14,79.04
57.93,57.93,67.43,80.22,77.80
61.75,61.75,62.88,79.05,79.11
57.88,57.88,58.74,79.11,78.74
55.54,55.54,57.01,79.14,78.01
58.29,58.29,56.82,78.59,77.70
53.08,53.08,51.38,78.23,78.25
55.03,55.03,49.47,77.11,77.85
50.31,50.31,52.32,78.38,77.68
54.68,54.68,49.43,78.93,78.57
52.38,52.38,44.97,76.03,79.12
58.45,58.45,43.96,77.88,78.38
63.30,63.30,43.45,78.59,75.75
65.73,65.73,46.22,76.33,76.11
68.34,68.34,60.93,76.30,76.84
68.75,68.75,70.13,72.66,76.58
70.66,70.66,80.88,70.31,77.52
78.98,78.98,82.05,66.01,77.45
82.07,82.07,78.53,71.44,78.47
81.50,81.50,78.61,76.79,78.04
80.59,80.59,71.95,78.13,77.07
79.47,79.47,66.88,79.71,77.53
79.64,79.64,71.13,78.79,79.33
81.32,81.32,61.26,78.97,76.12
78.48,78.48,63.98,77.71,76.98
76.61,76.61,56.05,78.97,78.03
74.82,74.82,54.48,78.35,76.46
79.41,79.41,52.52,76.56,79.30
80.79,80.79,58.51,75.53,78.29
80.99,80.99,62.32,67.15,79.30
81.63,81.63,60.70,76.62,79.25
81.49,81.49,56.44,79.69,78.46
82.66,82.66,54.68,79.50,77.07
83.06,83.06,53.96,80.56,77.70
81.68,81.68,52.11,80.56,77.06
79.67,79.67,51.60,77.30,78.99
78.48,78.48,53.99,77.92,79.31
76.09,76.09,52.80,77.69,80.94
78.44,78.44,53.63,77.75,78.75
78.26,78.26,54.63,78.25,75.93
77.80,77.80,54.26,76.18,76.20
78.98,78.98,53.38,78.50,77.81
79.27,79.27,52.55,78.53,77.84
79.25,79.25,51.34,74.53,76.35
79.25,79.25,48.02,76.37,76.87
79.55,79.55,49.81,76.99,77.25
79.00,79.00,55.82,74.67,77.87
78.46,78.46,60.75,77.83,77.73
77.36,77.36,77.16,73.28,76.24
77.03,77.03,80.54,65.51,77.07
78.63,78.63,77.19,75.95,77.92
77.78,77.78,73.51,78.76,77.31
70.35,70.35,66.90,78.65,76.07
64.93,64.93,61.09,80.69,76.30
65.70,65.70,60.69,79.08,77.90
72.19,72.19,69.64,76.90,76.90
77.84,77.84,79.13,75.17,78.50
80.49,80.49,84.22,65.80,78.55
80.52,80.52,82.55,73.38,79.70
81.12,81.12,78.98,75.71,79.66
81.12,81.12,72.11,78.30,78.35
81.28,81.28,67.51,79.77,77.57
81.04,81.04,72.02,77.02,79.48
82.01,82.01,63.57,78.34,79.68
82.33,82.33,63.87,76.67,77.63
81.77,81.77,56.73,75.06,78.09
80.29,80.29,54.73,77.77,76.74
79.76,79.76,54.53,75.98,78.10
81.01,81.01,49.32,76.88,77.79
81.50,81.50,49.62,77.61,77.65
82.00,82.00,44.53,74.58,77.19
81.61,81.61,41.97,76.96,78.47
80.19,80.19,40.46,77.22,79.47
80.32,80.32,46.02,74.51,77.86
78.95,78.95,57.15,77.14,77.10
78.98,78.98,63.49,74.62,74.55
76.82,76.82,73.67,64.02,77.24
78.84,78.84,82.38,71.52,79.04
77.69,77.69,79.54,75.54,78.55
78.17,78.17,75.58,77.88,78.19
76.81,76.81,65.73,76.08,78.14
78.71,78.71,61.08,76.07,76.13
77.76,77.76,60.39,75.65,77.67
78.50,78.50,59.94,75.75,77.59
77.69,77.69,58.19,75.74,78.03
78.71,78.71,55.70,75.82,78.65
78.20,78.20,57.93,76.77,79.16
78.66,78.66,54.27,76.15,79.10
76.60,76.60,52.33,75.13,76.35
75.93,75.93,50.68,75.92,76.95
75.30,75.30,49.00,75.27,78.12
76.66,76.66,49.61,75.19,76.09
75.15,75.15,45.27,74.71,76.87
76.15,76.15,46.43,73.27,75.60
70.37,70.37,57.52,69.23,72.70
73.37,73.37,70.46,68.57,73.56
76.61,76.61,82.40,70.40,74.49
78.65,78.65,82.40,67.37,76.12
77.16,77.16,81.42,75.95,78.41
79.11,79.11,76.29,78.17,77.24
78.85,78.85,73.37,77.87,77.72
80.34,80.34,68.94,79.48,77.88
79.06,79.06,71.30,77.65,74.82
77.38,77.38,69.27,79.49,76.96
77.46,77.46,68.55,79.44,76.36
76.84,76.84,67.53,78.93,76.61
77.26,77.26,68.13,78.31,76.59
78.16,78.16,66.63,79.50,75.42
78.34,78.34,66.94,78.80,76.93
77.77,77.77,66.94,80.61,76.02
80.13,80.13,67.26,79.34,75.12
79.96,79.96,66.43,79.56,75.73
79.59,79.59,66.16,78.60,74.73
79.33,79.33,66.55,78.23,75.71
78.51,78.51,65.15,78.82,76.67
79.16,79.16,66.67,79.73,74.68
80.64,80.64,65.80,78.44,76.42
81.54,81.54,64.00,77.19,76.01
80.57,80.57,63.37,76.82,77.83
79.70,79.70,62.65,76.79,76.04
78.86,78.86,62.70,78.28,77.10
79.59,79.59,62.23,78.03,77.02
79.57,79.57,63.25,77.93,76.65
80.64,80.64,62.36,78.18,76.09
80.69,80.69,61.70,77.51,76.16
81.64,81.64,61.07,76.56,77.37
81.47,81.47,60.77,78.06,77.37
81.22,81.22,60.34,77.89,76.70
81.05,81.05,60.65,76.30,77.27
81.10,81.10,60.15,76.89,76.24
81.07,81.07,60.41,77.50,76.73
81.32,81.32,59.99,77.38,75.88
80.54,80.54,60.40,77.58,76.67
80.96,80.96,59.22,77.46,76.91
79.74,79.74,61.62,75.83,75.44
79.92,79.92,72.43,70.62,76.94
79.03,79.03,81.32,65.03,76.74
78.53,78.53,79.05,68.29,77.39
78.25,78.25,81.72,73.72,77.37
77.27,77.27,77.61,77.70,78.30
76.23,76.23,72.13,76.75,79.04
75.57,75.57,70.20,78.32,77.82
74.88,74.88,71.02,75.18,78.50
75.14,75.14,62.38,76.16,78.59
75.34,75.34,62.23,77.85,77.59
78.29,78.29,54.39,77.31,76.97
78.81,78.81,55.91,77.54,79.37
79.42,79.42,51.50,77.11,77.43
78.74,78.74,51.53,78.63,77.17
79.04,79.04,51.14,77.35,75.28
79.42,79.42,49.00,78.83,77.44
80.37,80.37,48.92,77.93,77.63
80.71,80.71,47.79,78.09,78.04
81.33,81.33,47.99,78.88,76.41
80.25,80.25,56.89,77.66,76.67
77.89,77.89,63.44,77.96,76.71
78.16,78.16,73.40,71.84,77.50
77.10,77.10,83.71,68.90,76.79
77.34,77.34,80.49,81.70,77.44
78.30,78.30,77.69,79.33,76.99
78.35,78.35,71.44,81.87,77.66
77.41,77.41,67.96,79.74,76.40
78.15,78.15,64.95,80.01,77.10
77.98,77.98,61.77,79.92,77.90
78.17,78.17,59.50,79.64,74.55
76.89,76.89,56.51,79.00,77.41
77.76,77.76,52.99,79.64,77.36
78.09,78.09,51.36,78.42,76.85
79.15,79.15,49.76,78.05,75.06
79.01,79.01,48.99,79.48,76.80
79.60,79.60,47.12,78.26,75.22
78.69,78.69,46.73,79.85,74.60
77.84,77.84,45.49,78.71,74.57
77.14,77.14,50.95,78.79,74.93
76.68,76.68,66.17,77.04,74.04
74.13,74.13,75.78,66.48,75.67
70.22,70.22,81.15,69.49,76.25
68.14,68.14,79.94,73.79,77.09
68.82,68.82,78.60,79.05,76.64
70.02,70.02,77.50,81.31,74.74
68.78,68.78,74.27,80.35,75.84
71.37,71.37,65.96,80.79,76.50
71.66,71.66,73.11,78.36,76.36
70.34,70.34,63.91,79.04,75.66
68.11,68.11,64.72,80.45,77.32
62.16,62.16,55.70,78.51,75.14
63.61,63.61,59.15,77.58,77.15
64.19,64.19,65.42,78.52,76.31
64.77,64.77,79.60,76.95,77.42
64.68,64.68,81.85,68.11,75.81
62.80,62.80,80.02,77.69,78.10
61.05,61.05,75.82,82.41,75.00
58.62,58.62,69.78,80.23,75.30
55.03,55.03,61.54,81.31,76.50
54.68,54.68,59.51,78.90,77.76
57.37,57.37,58.71,81.11,77.01
61.30,61.30,59.73,80.74,75.94
55.51,55.51,61.73,81.57,76.31
57.44,57.44,61.25,80.93,76.96
49.30,49.30,59.63,80.35,77.37
52.92,52.92,58.77,81.23,75.92
53.19,53.19,58.01,79.84,75.03
54.45,54.45,56.55,80.12,76.57
56.79,56.79,53.36,80.56,77.23
59.46,59.46,51.71,80.64,76.88
54.02,54.02,51.75,79.77,75.75
50.97,50.97,56.24,79.71,75.68
53.17,53.17,65.68,80.66,74.59
54.28,54.28,77.61,76.95,75.95
61.60,61.60,80.19,64.08,75.94
61.65,61.65,78.68,78.83,76.10
58.86,58.86,74.98,80.57,76.22
58.78,58.78,72.79,79.28,75.17
61.62,61.62,65.35,81.65,74.93
67.11,67.11,63.62,77.19,75.45
66.74,66.74,73.20,71.80,74.79
68.98,68.98,82.59,72.30,76.36
69.97,69.97,83.98,76.67,76.23
73.22,73.22,81.59,80.10,78.49
71.99,71.99,76.95,79.39,77.00
71.25,71.25,72.96,81.77,78.28
72.49,72.49,67.34,79.48,77.02
71.43,71.43,71.86,80.59,77.08
70.74,70.74,61.69,79.65,76.29
71.38,71.38,63.34,78.85,76.46
60.16,60.16,56.68,78.46,74.48
60.89,60.89,61.41,79.36,74.94
54.36,54.36,66.38,78.37,73.39
55.59,55.59,80.42,78.24,75.79
56.74,56.74,82.07,80.13,74.82
54.25,54.25,77.86,78.70,73.15
55.48,55.48,72.73,79.30,73.47
58.48,58.48,67.45,79.29,75.46
64.67,64.67,61.88,78.98,74.79
61.58,61.58,60.05,80.03,72.57
61.98,61.98,62.61,78.29,72.90
71.68,71.68,71.49,71.02,77.24
73.23,73.23,79.88,69.28,76.52
72.11,72.11,78.63,82.25,78.79
71.22,71.22,74.06,81.32,79.52
70.22,70.22,68.66,80.80,78.98
71.12,71.12,65.13,80.75,79.99
71.78,71.78,65.45,78.68,79.40
71.84,71.84,77.54,78.80,80.75
71.97,71.97,80.99,80.72,79.91
72.01,72.01,79.73,79.21,78.97
70.74,70.74,75.55,78.78,77.72
72.21,72.21,70.71,79.57,78.39
72.09,72.09,68.68,76.68,79.04
72.99,72.99,73.14,71.60,79.49
71.52,71.52,78.13,71.95,79.69
70.15,70.15,82.69,76.86,76.75
71.95,71.95,81.91,79.33,78.72
69.26,69.26,78.88,77.29,75.57
67.27,67.27,78.84,77.42,76.74
69.12,69.12,79.04,76.77,76.01
73.60,73.60,83.33,71.91,78.46
74.59,74.59,89.83,66.24,75.04
74.16,74.16,90.70,74.85,74.67
74.70,74.70,88.74,78.98,76.69
73.72,73.72,86.34,79.84,74.70
74.81,74.81,86.76,78.69,75.72
76.56,76.56,84.91,79.43,74.85
74.96,74.96,83.45,80.31,76.48
73.71,73.71,84.12,80.13,75.94
74.21,74.21,80.83,77.02,74.51
75.63,75.63,79.41,75.64,76.18
75.73,75.73,75.10,79.14,74.40
75.78,75.78,74.96,78.92,76.15
75.54,75.54,77.36,80.95,76.80
75.61,75.61,75.58,80.84,78.24
74.83,74.83,80.33,80.25,77.00
73.22,73.22,81.40,80.13,75.47
74.12,74.12,80.41,78.72,76.15
74.43,74.43,80.82,78.26,75.38
73.69,73.69,78.31,78.22,73.99
72.14,72.14,78.50,65.86,73.04
72.67,72.67,72.23,69.10,72.47
71.12,71.12,71.16,62.57,69.61
69.24,69.24,72.58,55.20,67.97
68.02,68.02,76.07,48.91,66.87
67.71,67.71,75.93,39.97,65.83
67.55,67.55,78.75,35.34,62.89
64.41,64.41,76.87,30.25,61.01
58.49,58.49,78.53,28.04,60.37
56.65,56.65,74.75,24.38,63.21
56.78,56.78,70.85,7.99,64.07
57.69,57.69,69.57,13.45,62.53
57.14,57.14,70.46,14.04,63.40
56.68,56.68,71.24,11.07,63.94
54.84,54.84,75.58,14.14,63.23
56.19,56.19,76.08,5.91,63.30
59.90,59.90,74.33,8.94,62.28
59.14,59.14,76.64,7.84,61.21
55.67,55.67,71.96,8.76,60.44
49.63,49.63,69.63,10.07,60.28
52.26,52.26,63.96,14.53,59.51
54.83,54.83,68.24,14.80,57.82
52.94,52.94,68.47,17.89,60.73
55.17,55.17,72.96,14.92,60.07
57.14,57.14,74.77,16.76,59.58
55.83,55.83,71.94,19.01,60.43
51.29,51.29,75.03,15.88,59.63
52.81,52.81,70.83,19.65,60.22
53.02,53.02,66.25,21.87,57.22
54.07,54.07,64.92,22.21,56.20
49.65,49.65,66.70,18.74,52.38
53.36,53.36,69.32,24.10,53.48
53.00,53.00,70.71,23.84,53.73
50.93,50.93,71.43,25.44,50.06
54.02,54.02,70.40,29.60,48.10
52.40,52.40,71.64,30.32,50.85
49.26,49.26,67.99,29.01,51.61
47.43,47.43,63.86,29.94,50.77
51.18,51.18,63.11,28.89,49.65
49.37,49.37,66.75,30.35,51.74
46.51,46.51,69.76,34.39,52.50
46.46,46.46,69.12,34.54,53.78
47.31,47.31,69.23,34.78,55.88
44.76,44.76,69.30,32.66,52.78
45.71,45.71,66.59,33.01,52.65
47.65,47.65,64.73,33.27,50.46
47.46,47.46,60.92,35.67,50.18
46.97,46.97,62.00,34.19,48.27
47.97,47.97,62.48,33.92,44.38
46.20,46.20,67.59,36.37,45.52
50.16,50.16,67.68,35.47,44.50
49.25,49.25,65.95,37.04,46.36
46.48,46.48,65.80,38.21,47.35
50.17,50.17,63.26,35.74,48.81
50.68,50.68,59.00,39.51,48.20
49.03,49.03,61.89,37.00,44.03
47.72,47.72,61.24,34.41,43.50
49.54,49.54,64.66,36.67,43.75
46.16,46.16,67.27,34.87,41.74
47.49,47.49,64.69,36.96,43.92
47.11,47.11,61.34,40.02,44.03
48.54,48.54,61.77,36.74,43.36
47.04,47.04,60.86,36.74,42.32
46.36,46.36,58.90,42.06,43.05
45.50,45.50,60.27,35.93,40.51
46.16,46.16,62.48,37.41,41.83
45.62,45.62,63.92,41.74,44.05
43.09,43.09,62.56,44.19,49.39
43.23,43.23,63.54,42.42,46.36
46.98,46.98,60.26,39.93,44.79
48.22,48.22,57.51,44.42,46.02
44.32,44.32,59.44,40.86,46.04
47.08,47.08,60.20,39.99,45.72
42.59,42.59,57.74,39.03,44.23
42.26,42.26,62.61,42.54,44.76
42.55,42.55,63.25,42.09,44.18
38.86,38.86,60.26,40.80,40.67
39.16,39.16,61.26,40.82,45.43
37.73,37.73,55.21,38.77,43.63
39.85,39.85,55.00,37.62,45.29
38.96,38.96,53.43,39.36,46.49
38.29,38.29,58.93,39.63,44.24
37.58,37.58,56.90,36.85,40.68
38.42,38.42,58.20,37.61,44.34
37.91,37.91,60.48,42.07,42.61
37.34,37.34,56.91,37.17,43.46
37.71,37.71,55.05,40.44,42.62
37.55,37.55,56.00,38.94,43.84
38.31,38.31,57.21,35.31,42.76
36.84,36.84,55.00,38.52,40.32
37.06,37.06,56.21,35.97,39.52
38.11,38.11,57.78,37.43,36.64
39.84,39.84,57.76,40.78,39.93
38.73,38.73,57.44,39.39,38.89
40.45,40.45,54.84,39.38,37.38
39.75,39.75,53.13,42.20,39.38
37.03,37.03,51.34,38.02,40.23
38.18,38.18,54.71,40.64,41.28
38.36,38.36,56.75,39.48,40.24
38.95,38.95,55.86,36.92,38.94
35.96,35.96,57.45,37.67,38.75
37.07,37.07,54.56,40.00,38.84
34.05,34.05,53.47,34.55,37.89
36.78,36.78,52.58,35.90,38.66
35.98,35.98,52.63,38.07,38.00
34.51,34.51,50.05,35.87,35.57
35.81,35.81,52.01,37.74,37.68
36.54,36.54,54.99,37.19,35.64
36.67,36.67,54.86,31.63,39.06
36.24,36.24,54.86,33.97,37.54
34.52,34.52,52.17,38.25,38.65
34.73,34.73,49.30,34.63,37.35
32.47,32.47,48.72,33.95,35.03
30.13,30.13,49.17,36.81,34.37
32.80,32.80,49.24,36.47,37.16
29.12,29.12,50.86,35.91,35.19
29.47,29.47,50.99,34.22,35.92
26.67,26.67,54.65,31.23,30.44
27.05,27.05,51.78,29.89,31.26
26.94,26.94,47.54,29.28,32.72
28.68,28.68,50.98,32.74,34.88
26.86,26.86,46.70,29.64,32.27
27.57,27.57,48.58,34.65,31.79
28.63,28.63,49.10,32.15,30.99
30.58,30.58,52.71,33.62,34.29
31.15,31.15,47.95,34.90,32.86
28.66,28.66,51.62,30.30,28.87
31.39,31.39,48.36,31.08,34.02
32.35,32.35,46.60,33.34,34.27
32.95,32.95,50.58,29.37,33.73
31.31,31.31,46.58,31.74,32.57
32.48,32.48,47.54,30.47,33.16
32.23,32.23,50.25,33.86,34.98
35.17,35.17,51.86,33.47,39.91
38.88,38.88,50.48,34.58,39.73
35.45,35.45,51.17,37.51,42.16
35.72,35.72,49.46,37.45,42.90
32.62,32.62,50.75,39.56,40.57
34.38,34.38,48.88,39.99,40.90
32.90,32.90,49.23,34.35,37.55
30.33,30.33,47.74,30.55,34.76
31.18,31.18,47.67,34.60,36.76
31.15,31.15,47.80,30.99,35.12
34.07,34.07,47.78,30.85,35.09
32.33,32.33,47.00,32.99,33.87
31.75,31.75,44.50,32.73,33.74
30.25,30.25,49.28,36.75,29.74
31.91,31.91,45.72,29.64,35.00
29.44,29.44,45.83,35.38,32.42
30.11,30.11,48.28,31.64,35.43
29.78,29.78,46.85,30.28,32.32
30.31,30.31,46.90,37.20,33.81
30.64,30.64,46.17,27.07,32.44
34.05,34.05,43.73,32.74,34.75
32.46,32.46,43.14,31.57,33.65
31.98,31.98,47.06,35.60,33.43
33.08,33.08,49.19,35.94,37.38
38.55,38.55,45.42,35.43,39.84
32.47,32.47,45.15,32.78,33.94
33.46,33.46,47.69,35.59,36.61
33.45,33.45,45.35,31.00,35.23
31.28,31.28,48.16,31.50,33.36
31.05,31.05,45.32,26.61,34.12
32.79,32.79,47.21,37.08,33.38
28.55,28.55,47.21,36.13,33.41
29.25,29.25,46.94,34.74,31.43
31.84,31.84,46.91,32.42,34.61
35.06,35.06,44.63,32.60,33.47
31.62,31.62,45.00,32.96,34.65
30.85,30.85,45.43,34.06,30.60
31.30,31.30,44.10,31.05,31.92
33.23,33.23,45.30,32.36,33.31
33.82,33.82,45.67,31.94,31.86
33.62,33.62,44.22,32.13,27.81
33.63,33.63,46.49,33.21,29.65
33.54,33.54,45.09,29.70,31.60
33.80,33.80,44.88,34.38,29.88
33.40,33.40,45.26,33.76,31.82
33.87,33.87,46.37,30.89,33.40
36.24,36.24,42.99,31.99,33.65
35.42,35.42,47.18,36.09,32.74
34.09,34.09,48.54,32.98,34.30
32.80,32.80,44.32,29.96,31.63
33.43,33.43,44.09,33.03,33.03
28.65,28.65,46.66,31.19,31.91
29.74,29.74,45.98,35.16,32.15
29.03,29.03,46.15,33.43,33.18
32.24,32.24,46.36,33.02,32.71
29.21,29.21,46.64,31.21,31.45
31.55,31.55,46.74,35.01,31.08
30.96,30.96,41.71,31.22,31.14
30.23,30.23,44.05,26.26,30.32
31.71,31.71,46.56,30.63,29.50
28.81,28.81,47.03,32.59,31.04
30.06,30.06,41.60,30.86,30.64
31.41,31.41,43.52,29.22,32.63
32.15,32.15,44.25,28.31,32.75
32.59,32.59,41.86,30.58,31.51
34.32,34.32,43.36,34.12,32.37
29.69,29.69,39.89,34.39,29.53
31.01,31.01,40.92,28.31,30.79
30.88,30.88,41.45,31.75,31.01
29.36,29.36,39.76,30.24,27.71
29.47,29.47,40.35,30.35,31.05
30.91,30.91,41.86,30.35,32.67
32.73,32.73,46.45,30.06,31.00
30.56,30.56,43.10,29.52,26.00
31.24,31.24,43.03,32.51,31.59
32.36,32.36,43.95,34.99,35.27
30.23,30.23,44.91,32.00,29.07
30.94,30.94,40.97,26.37,32.13
27.95,27.95,38.23,28.74,29.94
27.32,27.32,42.54,31.78,29.58
28.26,28.26,41.75,26.93,26.76
31.05,31.05,39.26,25.48,29.16
29.19,29.19,42.91,29.88,32.07
29.87,29.87,45.70,30.23,31.03
28.27,28.27,40.56,31.09,30.75
25.42,25.42,46.37,29.33,30.35
27.68,27.68,44.68,32.33,32.55
25.21,25.21,46.74,32.08,29.06
24.08,24.08,47.91,33.03,28.08
24.79,24.79,44.55,31.10,26.69
25.21,25.21,36.67,27.39,25.34
22.84,22.84,38.15,25.23,26.83
19.26,19.26,37.07,29.26,23.58
24.41,24.41,37.21,29.03,24.41
26.34,26.34,36.91,22.41,25.10
27.47,27.47,37.32,23.94,26.66
23.57,23.57,37.25,26.74,27.99
23.65,23.65,36.23,27.67,25.87
20.24,20.24,37.71,27.27,25.31
24.14,24.14,40.54,29.11,27.10
25.33,25.33,38.03,26.90,27.16
22.97,22.97,39.02,26.10,24.66
22.15,22.15,34.01,25.45,24.16
19.35,19.35,41.00,27.22,26.06
21.19,21.19,39.83,32.49,26.91
21.90,21.90,36.80,28.85,25.32
22.66,22.66,36.05,26.58,26.56
21.61,21.61,38.73,28.31,22.99
25.48,25.48,36.81,26.24,26.89
24.98,24.98,39.72,27.68,27.33
27.23,27.23,38.38,28.55,29.39
21.94,21.94,30.09,21.52,22.04
20.87,20.87,36.38,27.44,23.40
17.84,17.84,40.41,25.62,23.25
20.27,20.27,34.36,25.54,23.02
22.00,22.00,33.66,21.69,25.84
19.39,19.39,34.87,24.15,25.81
23.59,23.59,37.23,20.44,26.14
23.27,23.27,37.87,25.02,26.50
19.51,19.51,34.35,19.83,27.90
22.34,22.34,36.71,23.43,30.54
19.38,19.38,36.46,24.00,25.54
18.80,18.80,38.58,22.77,23.46
21.67,21.67,41.62,23.24,26.35
21.76,21.76,38.07,23.48,25.98
20.40,20.40,33.97,23.69,22.69
18.54,18.54,37.85,27.24,21.32
22.80,22.80,42.12,28.09,25.30
18.14,18.14,40.81,25.58,21.61
19.49,19.49,33.23,24.70,21.14
19.49,19.49,33.18,21.80,19.76
19.93,19.93,34.55,24.40,22.32
17.37,17.37,43.33,28.16,22.97
16.60,16.60,40.56,22.70,21.11
15.84,15.84,37.42,28.11,23.10
20.19,20.19,31.45,25.62,23.65
17.94,17.94,33.01,22.66,23.03
23.36,23.36,32.64,22.29,24.88
17.81,17.81,30.78,19.50,22.85
17.19,17.19,33.91,21.41,21.14
16.15,16.15,32.49,21.32,20.05
13.29,13.29,35.03,15.65,19.05
11.96,11.96,34.03,20.48,16.69
14.74,14.74,36.83,22.97,18.20
12.16,12.16,34.58,21.44,18.22
14.74,14.74,29.33,18.74,17.06
14.30,14.30,29.70,22.53,15.97
15.28,15.28,33.20,25.08,17.22
13.90,13.90,35.01,25.21,17.48
18.59,18.59,28.41,17.15,18.46
17.45,17.45,28.14,18.35,16.32
12.76,12.76,26.37,20.87,15.90
16.18,16.18,30.78,23.39,17.27
15.73,15.73,27.46,15.72,18.00
17.76,17.76,28.30,21.36,18.98
21.01,21.01,31.08,21.72,21.54
17.54,17.54,29.84,23.30,19.84
18.44,18.44,26.47,17.80,19.98
18.96,18.96,34.79,23.05,22.15
19.34,19.34,29.35,23.39,22.86
17.48,17.48,28.54,18.80,20.16
13.62,13.62,28.55,15.23,16.32
14.82,14.82,21.97,14.17,18.05
19.78,19.78,29.57,19.53,19.87
13.79,13.79,27.59,17.49,14.99
8.49,8.49,22.58,11.63,10.87
6.49,6.49,29.49,16.59,11.07
6.18,6.18,25.77,16.31,9.20
14.74,14.74,20.56,15.19,15.91
9.59,9.59,22.88,17.02,10.16
6.72,6.72,23.39,12.97,8.13
2.64,2.64,14.22,11.76,4.11
2.48,2.48,21.24,14.11,4.87
4.97,4.97,18.20,10.83,10.50
8.84,8.84,21.42,10.81,13.17
16.13,16.13,22.36,10.88,17.25
6.45,6.45,14.50,8.21,7.85
3.66,3.66,13.37,8.46,4.77
1.40,1.40,14.75,9.83,3.84
0.59,0.59,15.55,8.31,2.85
0.01,0.01,12.56,4.90,1.29
-0.00,-0.00,3.91,0.52,0.26
-0.00,-0.00,3.57,1.16,0.00
-0.00,-0.00,0.77,-0.00,-0.00
-0.00,-0.00,0.93,-0.00,-0.00
-0.00,-0.00,0.48,-0.00,-0.00
-0.00,-0.00,0.45,-0.00,-0.00
-0.00,-0.00,0.45,-0.00,-0.00
-0.00,-0.00,0.45,-0.00,-0.00
-0.00,-0.00,0.45,-0.00,-0.00
-0.00,-0.00,0.45,-0.00,-0.00
-0.00,-0.00,0.45,-0.00,-0.00
-0.00,-0.00,0.45,-0.00,-0.00
-0.00,-0.00,0.45,-0.00,-0.00
-0.00,-0.00,0.45,-0.00,-0.00
-0.00,-0.00,0.45,-0.00,-0.00
-0.00,-0.00,0.45,-0.00,-0.00
-0.00,-0.00,0.45,-0.00,-0.00
-0.00,-0.00,0.45,-0.00,-0.00
-0.00,-0.00,0.45,-0.00,-0.00
-0.00,-0.00,0.45,-0.00,-0.00
-0.00,-0.00,0.45,-0.00,-0.00
-0.00,-0.00,0.45,-0.00,-0.00
-0.00,-0.00,0.45,-0.00,-0.00
-0.00,-0.00,0.45,-0.00,-0.00
-0.00,-0.00,0.45,-0.00,-0.00
-0.00,-0.00,0.45,-0.00,-0.00
-0.00,-0.00,0.45,-0.00,-0.00
-0.00,-0.00,0.45,-0.00,-0.00
-0.00,-0.00,0.45,-0.00,-0.00
-0.00,-0.00,0.45,-0.00,-0.00
-0.00,-0.00,0.45,-0.00,-0.00
-0.00,-0.00,0.45,-0.00,-0.00
-0.00,-0.00,0.45,-0.00,-0.00
-0.00,-0.00,0.45,-0.00,-0.00
-0.00,-0.00,0.45,-0.00,-0.00
-0.00,-0.00,0.45,-0.00,-0.00
-0.00,-0.00,0.45,-0.00,-0.00
-0.00,-0.00,0.45,-0.00,-0.00
-0.00,-0.00,0.45,-0.00,-0.00
-0.00,-0.00,0.45,-0.00,-0.00
-0.00,-0.00,0.45,-0.00,-0.00
-0.00,-0.00,0.45,-0.00,-0.00
-0.00,-0.00,0.45,-0.00,-0.00
-0.00,-0.00,0.45,-0.00,-0.00
0.02,0.02,0.52,-0.00,-0.00
0.16,0.16,1.29,-0.00,0.02
0.56,0.56,1.94,0.09,0.13
0.33,0.33,1.74,0.10,0.06
0.63,0.63,1.98,-0.00,0.01
0.43,0.43,1.78,0.01,0.04
0.47,0.47,1.69,0.00,0.12
0.42,0.42,1.58,0.00,0.05
0.45,0.45,1.32,-0.00,0.00
0.32,0.32,1.63,0.31,0.09
0.32,0.32,1.60,0.06,0.03
0.30,0.30,2.03,-0.00,-0.00
0.67,0.67,2.17,0.06,0.02
0.35,0.35,1.57,-0.00,0.04
0.24,0.24,1.46,0.17,0.04
0.31,0.31,1.30,-0.00,0.01
0.28,0.28,1.24,-0.00,0.01
0.46,0.46,1.48,-0.00,0.01
0.79,0.79,1.70,-0.00,0.02
0.35,0.35,1.46,-0.00,0.01
0.28,0.28,2.06,0.10,0.07
0.15,0.15,1.38,0.00,0.00
0.31,0.31,1.19,-0.00,0.00
0.23,0.23,1.07,-0.00,0.00
0.27,0.27,1.65,0.09,0.00
0.17,0.17,1.34,-0.00,0.02
0.27,0.27,1.18,-0.00,-0.00
0.19,0.19,0.89,-0.00,-0.00
0.59,0.59,1.13,-0.00,0.01
0.56,0.56,1.97,-0.00,0.10
0.22,0.22,1.01,-0.00,0.02
0.31,0.31,0.91,-0.00,0.01
0.34,0.34,1.58,-0.00,-0.00
0.21,0.21,1.27,0.08,0.02
0.43,0.43,2.03,0.09,0.03
0.32,0.32,1.62,0.01,0.02
0.42,0.42,1.55,0.01,-0.00
0.40,0.40,1.29,-0.00,0.00
0.48,0.48,1.69,0.16,0.11
0.38,0.38,1.23,-0.00,0.03
0.55,0.55,1.59,0.00,0.00
0.57,0.57,1.32,-0.00,0.09
0.65,0.65,1.38,-0.00,0.00
0.24,0.24,1.50,0.02,0.01
0.25,0.25,1.18,-0.00,-0.00
0.57,0.57,1.53,-0.00,0.02
0.51,0.51,1.41,-0.00,0.01
0.35,0.35,1.43,-0.00,0.01
0.43,0.43,1.42,-0.00,0.01
0.46,0.46,1.14,-0.00,0.02
0.29,0.29,1.63,0.07,0.01
0.43,0.43,1.88,0.13,0.21
0.40,0.40,1.43,-0.00,0.09
0.23,0.23,1.23,0.05,0.00
0.26,0.26,1.11,0.01,-0.00
0.25,0.25,1.82,0.17,0.00
0.27,0.27,1.26,0.09,-0.00
0.34,0.34,1.18,-0.00,0.05
0.31,0.31,1.45,-0.00,0.00
0.30,0.30,1.10,-0.00,0.00
0.28,0.28,1.37,-0.00,0.00
0.46,0.46,1.60,-0.00,0.05
0.46,0.46,1.86,-0.00,0.04
0.41,0.41,1.41,-0.00,0.02
0.40,0.40,1.29,0.08,0.04
0.22,0.22,1.10,0.08,0.01
0.32,0.32,0.95,-0.00,0.00
0.24,0.24,1.10,-0.00,-0.00
0.25,0.25,1.10,-0.00,-0.00
0.28,0.28,1.24,-0.00,0.00
0.41,0.41,0.93,-0.00,-0.00
0.30,0.30,0.93,-0.00,-0.00
0.21,0.21,1.17,0.06,0.01
0.31,0.31,1.40,-0.00,-0.00
0.59,0.59,1.19,-0.00,0.01
0.53,0.53,2.23,0.03,0.08
0.46,0.46,1.20,0.01,0.00
0.29,0.29,1.43,0.04,0.00
0.35,0.35,2.21,0.14,0.03
0.34,0.34,1.41,0.02,0.02
0.60,0.60,2.29,0.24,0.04
0.50,0.50,1.60,0.40,0.09
0.52,0.52,1.79,0.17,0.04
0.57,0.57,1.52,0.09,0.04
0.56,0.56,1.14,-0.00,0.01
0.45,0.45,1.25,-0.00,0.01
0.63,0.63,1.48,0.12,0.00
0.34,0.34,1.53,0.36,-0.00
0.55,0.55,1.25,0.00,0.01
0.33,0.33,0.99,-0.00,0.00
0.44,0.44,1.20,0.01,0.01
0.25,0.25,1.21,0.03,0.01
0.42,0.42,1.24,0.27,0.01
0.40,0.40,1.40,0.04,0.00
0.77,0.77,1.41,-0.00,0.03
0.57,0.57,1.03,-0.00,0.00
0.44,0.44,1.59,-0.00,0.00
0.52,0.52,1.75,0.06,0.04
1.00,1.00,1.69,0.01,0.03
0.39,0.39,1.22,-0.00,0.00
0.28,0.28,1.19,0.04,0.00
0.54,0.54,1.52,0.13,0.05
0.52,0.52,0.86,-0.00,-0.00
0.67,0.67,1.73,0.12,0.02
0.77,0.77,1.42,-0.00,0.01
0.34,0.34,1.42,0.14,0.06
0.30,0.30,1.19,0.08,-0.00
0.37,0.37,1.10,-0.00,0.00
0.57,0.57,1.55,0.47,0.01
0.36,0.36,1.28,0.08,-0.00
0.16,0.16,1.27,0.02,0.01
0.38,0.38,1.48,-0.00,0.02
0.29,0.29,1.04,-0.00,0.00
0.57,0.57,1.34,0.01,0.04
0.50,0.50,1.11,-0.00,0.02
0.54,0.54,1.19,-0.00,0.03
0.69,0.69,1.63,-0.00,0.02
0.58,0.58,1.40,-0.00,0.02
0.38,0.38,1.17,-0.00,-0.00
0.34,0.34,1.28,0.01,0.04
0.24,0.24,1.12,0.00,0.02
0.34,0.34,1.30,-0.00,0.03
0.31,0.31,1.34,0.00,-0.00
0.51,0.51,1.44,0.12,0.01
0.39,0.39,1.42,0.32,-0.00
0.47,0.47,0.97,0.00,0.00
0.49,0.49,1.33,0.36,0.00
0.66,0.66,1.81,1.01,0.01
0.60,0.60,1.45,0.27,0.02
0.46,0.46,1.58,0.08,-0.00
0.68,0.68,1.74,0.08,0.06
0.76,0.76,1.45,0.13,0.01
0.59,0.59,1.28,0.15,0.00
0.48,0.48,2.32,0.33,0.00
0.42,0.42,0.85,-0.00,-0.00
0.57,0.57,1.41,0.11,0.05
0.47,0.47,1.33,0.03,0.09
0.49,0.49,1.46,0.08,0.01
0.53,0.53,1.62,0.13,0.03
0.48,0.48,1.05,0.03,0.04
0.69,0.69,1.54,0.24,0.01
0.73,0.73,1.31,0.14,0.00
0.48,0.48,1.21,0.07,0.01
0.64,0.64,1.14,-0.00,0.00
0.66,0.66,1.24,0.39,-0.00
0.68,0.68,1.06,-0.00,-0.00
1.01,1.01,1.85,0.10,0.00
0.78,0.78,1.79,0.33,0.01
1.21,1.21,1.83,0.15,0.00
0.69,0.69,1.10,-0.00,-0.00
0.40,0.40,0.88,0.00,-0.00
0.43,0.43,1.44,0.55,-0.00
0.53,0.53,1.28,0.18,-0.00
0.59,0.59,1.20,-0.00,-0.00
0.37,0.37,1.55,-0.00,-0.00
0.71,0.71,1.44,0.22,0.00
0.45,0.45,0.94,0.00,0.00
0.66,0.66,1.06,-0.00,-0.00
0.82,0.82,1.57,0.03,0.01
0.48,0.48,1.17,0.07,0.02
0.59,0.59,1.57,0.27,0.03
0.68,0.68,0.98,0.04,-0.00
0.61,0.61,0.87,0.04,-0.00
0.50,0.50,0.75,-0.00,-0.00
0.43,0.43,1.09,0.00,0.01
0.41,0.41,0.75,-0.00,-0.00
0.34,0.34,1.05,0.04,-0.00
0.53,0.53,1.37,-0.00,-0.00
1.15,1.15,1.12,0.00,-0.00
0.90,0.90,1.11,-0.00,-0.00
0.52,0.52,1.42,0.01,-0.00
0.76,0.76,1.52,0.02,0.00
0.75,0.75,0.91,-0.00,0.00
0.61,0.61,1.21,0.07,-0.00
1.02,1.02,1.73,0.00,0.04
0.71,0.71,1.80,-0.00,-0.00
0.62,0.62,1.55,-0.00,0.00
0.42,0.42,1.05,-0.00,-0.00
0.52,0.52,1.36,-0.00,-0.00
0.69,0.69,1.06,0.00,-0.00
0.69,0.69,1.37,-0.00,-0.00
0.52,0.52,1.22,-0.00,0.00
0.74,0.74,1.38,-0.00,-0.00
0.53,0.53,1.62,0.24,-0.00
0.84,0.84,1.20,0.10,-0.00
0.76,0.76,1.35,-0.00,-0.00
0.86,0.86,1.89,0.25,0.01
0.80,0.80,1.08,0.06,0.02
0.52,0.52,1.22,0.25,-0.00
0.46,0.46,1.15,0.26,-0.00
0.77,0.77,1.05,0.10,-0.00
0.87,0.87,1.61,0.31,0.00
0.92,0.92,1.43,0.04,0.00
0.92,0.92,1.31,0.00,0.00
0.86,0.86,1.94,0.37,0.00
0.66,0.66,1.52,0.02,-0.00
0.99,0.99,1.01,-0.00,-0.00
0.95,0.95,1.53,-0.00,0.00
1.06,1.06,1.56,-0.00,-0.00
1.19,1.19,1.53,0.00,-0.00
0.69,0.69,0.98,-0.00,0.01
0.50,0.50,1.83,0.56,0.01
0.79,0.79,1.48,-0.00,0.00
0.43,0.43,1.17,-0.00,-0.00
0.71,0.71,0.96,-0.00,-0.00
0.96,0.96,1.38,-0.00,-0.00
0.62,0.62,1.53,0.04,0.01
0.53,0.53,1.08,0.04,0.00
0.56,0.56,1.74,0.32,0.03
1.01,1.01,1.51,-0.00,-0.00
0.40,0.40,1.72,-0.00,0.00
0.85,0.85,1.21,-0.00,-0.00
0.99,0.99,1.60,0.24,0.00
0.50,0.50,1.48,0.03,-0.00
0.42,0.42,1.37,0.31,-0.00
0.39,0.39,1.34,0.05,-0.00
0.63,0.63,1.31,0.00,-0.00
0.65,0.65,0.84,-0.00,-0.00
0.71,0.71,1.28,0.01,-0.00
0.75,0.75,1.30,-0.00,-0.00
1.12,1.12,1.80,0.06,-0.00
0.92,0.92,1.83,0.15,0.00
0.91,0.91,1.14,0.03,-0.00
0.80,0.80,2.24,0.05,-0.00
0.70,0.70,1.14,0.02,-0.00
1.01,1.01,1.71,0.56,-0.00
0.62,0.62,1.59,0.06,0.01
0.60,0.60,1.41,0.01,-0.00
0.99,0.99,1.76,0.34,0.00
1.11,1.11,1.03,0.04,-0.00
0.95,0.95,1.14,-0.00,-0.00
1.00,1.00,1.34,0.10,-0.00
1.18,1.18,1.51,0.21,0.01
0.96,0.96,1.66,0.01,-0.00
1.03,1.03,2.10,0.12,-0.00
0.89,0.89,2.13,0.15,0.00
0.88,0.88,1.72,-0.00,-0.00
1.20,1.20,1.80,-0.00,-0.00
1.53,1.53,1.78,0.03,-0.00
0.95,0.95,1.04,-0.00,-0.00
1.06,1.06,1.22,-0.00,-0.00
0.66,0.66,0.99,-0.00,-0.00
1.33,1.33,1.42,0.04,-0.00
1.28,1.28,1.72,-0.00,-0.00
0.89,0.89,1.35,0.02,-0.00
1.09,1.09,1.54,0.01,-0.00
1.12,1.12,1.86,-0.00,-0.00
1.08,1.08,1.55,0.11,-0.00
1.04,1.04,1.95,0.06,0.00
0.59,0.59,1.29,-0.00,0.00
0.65,0.65,2.05,0.18,0.02
1.27,1.27,1.47,-0.00,-0.00
1.22,1.22,1.51,-0.00,-0.00
1.10,1.10,2.01,-0.00,-0.00
1.17,1.17,1.46,-0.00,-0.00
1.04,1.04,1.37,-0.00,-0.00
0.91,0.91,1.38,-0.00,-0.00
0.96,0.96,1.49,0.04,-0.00
1.22,1.22,2.45,0.36,-0.00
1.06,1.06,1.44,0.02,-0.00
1.06,1.06,1.74,-0.00,-0.00
1.00,1.00,2.08,0.01,0.00
1.16,1.16,1.89,0.01,-0.00
0.79,0.79,1.30,-0.00,-0.00
1.01,1.01,1.61,-0.00,-0.00
0.97,0.97,1.80,-0.00,-0.00
1.39,1.39,2.38,-0.00,-0.00
0.89,0.89,1.97,-0.00,-0.00
1.51,1.51,2.82,-0.00,-0.00
1.70,1.70,2.23,-0.00,-0.00
1.45,1.45,1.79,-0.00,-0.00
1.09,1.09,1.64,0.01,-0.00
1.18,1.18,1.49,-0.00,-0.00
1.23,1.23,1.54,-0.00,-0.00
1.49,1.49,2.48,-0.00,-0.00
1.06,1.06,1.98,-0.00,-0.00
1.22,1.22,1.82,-0.00,-0.00
1.81,1.81,2.01,0.00,-0.00
1.13,1.13,2.42,0.04,-0.00
1.19,1.19,2.26,0.00,-0.00
1.29,1.29,1.60,-0.00,-0.00
0.95,0.95,1.58,-0.00,-0.00
0.05,0.05,0.52,-0.00,-0.00
-0.00,-0.00,0.45,-0.00,-0.00
-0.00,-0.00,0.45,-0.00,-0.00
-0.00,-0.00,0.45,-0.00,-0.00
-0.00,-0.00,0.45,-0.00,-0.00
-0.00,-0.00,0.45,-0.00,-0.00
-0.00,-0.00,0.45,-0.00,-0.00
-0.00,-0.00,0.45,-0.00,-0.00
-0.00,-0.00,0.45,-0.00,-0.00
-0.00,-0.00,0.45,-0.00,-0.00
-0.00,-0.00,0.45,-0.00,-0.00
-0.00,-0.00,0.45,-0.00,-0.00
-0.00,-0.00,0.45,-0.00,-0.00
-0.00,-0.00,0.45,-0.00,-0.00
-0.00,-0.00,0.45,-0.00,-0.00
